(0.367202) can0 290#0000000000000000
(0.367889) can0 12B#0000000000000000
(0.368071) can0 174#EC7F00002A6B0668
(0.368251) can0 178#278006244C950616
(0.368424) can0 17C#000000001087066C
(0.368605) can0 290#0000000000000000
(0.368742) can0 12B#0000000000000000
(0.368848) can0 128#7FFF0300007FFF5F
(0.368999) can0 12E#4000000000000040
(0.369175) can0 174#F27F0000256B074B
(0.369344) can0 178#308007264F9507FD
(0.369512) can0 17C#0000000010870771
(0.369674) can0 290#0000000000000000
(0.369796) can0 12B#0000000000000000
(0.369902) can0 12A#1208002000000000
(0.370054) can0 550#0000000000000080
(0.370290) can0 174#F27F0000276B08F3
(0.370452) can0 178#32800820459508E6
(0.370619) can0 17C#0000000019870849
(0.370781) can0 450#0000000000000000
(0.370949) can0 290#0000000000000000
(0.371079) can0 12B#0000000000000000
(0.371185) can0 128#7FFF0300007FFF7F
(0.371336) can0 12E#4000000000000060
(0.371513) can0 174#EF7F00002D6B09BE
(0.371675) can0 178#2A8009253C9509E2
(0.371837) can0 17C#000000001C8709DD
(0.371999) can0 290#0000000000000000
(0.372133) can0 12B#0000000000000000
(0.391709) can0 174#EA7F0000316B0ABF
(0.392137) can0 178#168000003A950A29
(0.392299) can0 17C#0000000015870A79
(0.392461) can0 290#0000000000000000
(0.392589) can0 12B#0000000000000000
(0.392695) can0 128#7FFF0300007FFF9F
(0.392842) can0 12E#4000000000000080
(0.393004) can0 174#E47F0000386B0B20
(0.393165) can0 178#FA7F012536950B6F
(0.393327) can0 17C#000000000E870BFC
(0.393496) can0 290#0000000000000000
(0.393619) can0 12B#0000000000000000
(0.397721) can0 174#EA7F0000396B0CFD
(0.397933) can0 178#E77F023933950CA3
(0.398167) can0 17C#0000000013870C32
(0.401139) can0 290#0000000000000000
(0.401397) can0 12B#0000000000000000
(0.401643) can0 128#7FFF0300007FFFBF
(0.401882) can0 12E#40000000000000A0
(0.402124) can0 12A#1208002000000000
(0.402376) can0 12C#0000000000000000
(0.402625) can0 5A0#0000000000000020
(0.403438) can0 550#00000000000000A0
(0.407700) can0 174#F27F0000336B0D84
(0.407931) can0 178#EA7F032139950D84
(0.408171) can0 17C#0000000023870D07
(0.408518) can0 450#0000000000000000
(0.411410) can0 290#0000000000000000
(0.411668) can0 12B#0000000000000000
(0.417701) can0 174#EF7F00002A6B0E67
(0.417930) can0 178#F57F042045950E92
(0.418168) can0 17C#000000003C870EBE
(0.421112) can0 290#0000000000000000
(0.421378) can0 12B#0000000000000000
(0.421608) can0 128#7FFF0300007FFFDF
(0.421856) can0 12E#40000000000000C0
(0.427693) can0 174#EC7F0000276B0F18
(0.427933) can0 178#F87F000048950F13
(0.428173) can0 17C#0000000056870FFC
(0.431236) can0 290#0000000000000000
(0.431490) can0 12B#0000000000000000
(0.437701) can0 174#EA7F00002A6B00F5
(0.437939) can0 178#FA7F000044950018
(0.438184) can0 17C#000000006087006A
(0.441130) can0 290#0000000000000000
(0.441385) can0 12B#0000000000000000
(0.441631) can0 128#7FFF0300007FFF3F
(0.441889) can0 12E#4000000000000020
(0.447709) can0 174#EA7F00002E6B01EE
(0.447945) can0 178#F87F01223C9501FC
(0.448187) can0 17C#000000004D8701C2
(0.451227) can0 290#0000000000000000
(0.451481) can0 12B#0000000000000000
(0.451712) can0 12A#1208002000000000
(0.453435) can0 550#00000000000000C0
(0.457701) can0 174#EA7F00002D6B0245
(0.457929) can0 178#F57F02203A9502A1
(0.458170) can0 17C#000000002F8702B6
(0.458519) can0 450#0000000000000000
(0.461339) can0 290#0000000000000000
(0.461591) can0 12B#0000000000000000
(0.461835) can0 128#7FFF0300007FFF5F
(0.462089) can0 12E#4000000000000040
(0.467697) can0 174#EA7F00002A6B03D2
(0.467936) can0 178#F27F0332399503D6
(0.468174) can0 17C#0000000026870328
(0.471250) can0 290#0000000000000000
(0.471510) can0 12B#0000000000000000
(0.477701) can0 174#EC7F0000276B04D7
(0.477935) can0 178#E77F042036950487
(0.478172) can0 17C#00000000318704E9
(0.481144) can0 290#0000000000000000
(0.481394) can0 12B#0000000000000000
(0.481639) can0 128#7FFF0300007FFF7F
(0.481893) can0 12E#4000000000000060
(0.487715) can0 174#EF7F00002A6B05A8
(0.487936) can0 178#EC7F0523339505F6
(0.488176) can0 17C#00000000378705F1
(0.491233) can0 290#0000000000000000
(0.491487) can0 12B#0000000000000000
(0.497701) can0 174#F27F0000306B06C7
(0.497932) can0 178#F27F06322F95067D
(0.498184) can0 17C#00000000378706D6
(0.501144) can0 290#0000000000000000
(0.501406) can0 12B#0000000000000000
(0.501650) can0 128#7FFF0300007FFF9F
(0.501907) can0 12E#4000000000000080
(0.502131) can0 12A#1208002000000000
(0.502370) can0 12C#0000000000000000
(0.502639) can0 5A0#0000000000000040
(0.503458) can0 550#0000000000000020
(0.507704) can0 174#F57F0000316B07DB
(0.507942) can0 178#F87F0721339507EF
(0.508180) can0 17C#000000003A87074E
(0.508515) can0 450#0000000000000000
(0.511417) can0 290#0000000000000000
(0.511662) can0 12B#0000000000000000
(0.517705) can0 174#F57F0000316B0860
(0.517939) can0 178#00800827349508B9
(0.518181) can0 17C#000000003D87087F
(0.521165) can0 290#0000000000000000
(0.521411) can0 12B#0000000000000000
(0.521661) can0 128#7FFF0300007FFFBF
(0.521903) can0 12E#40000000000000A0
(0.527700) can0 174#F57F00002B6B096A
(0.527931) can0 178#06800000349509BE
(0.528180) can0 17C#000000003C8709ED
(0.531251) can0 290#0000000000000000
(0.531505) can0 12B#0000000000000000
(0.537694) can0 174#F27F0000286B0A4F
(0.537926) can0 178#0880012034950AB8
(0.538167) can0 17C#000000003C870ACA
(0.541162) can0 290#0000000000000000
(0.541420) can0 12B#0000000000000000
(0.541661) can0 128#7FFF0300007FFFDF
(0.541904) can0 12E#40000000000000C0
(0.547701) can0 174#EF7F00002A6B0B0E
(0.547936) can0 178#0380000034950BB0
(0.548188) can0 17C#000000003F870B5B
(0.551273) can0 290#0000000000000000
(0.551513) can0 12B#0000000000000000
(0.551754) can0 12A#1208002000000000
(0.553445) can0 550#0000000000000040
(0.557693) can0 174#EF7F0000276B0CD8
(0.557921) can0 178#0B80011236950C5A
(0.558174) can0 17C#000000004A870CC9
(0.558527) can0 450#0000000000000000
(0.561407) can0 290#0000000000000000
(0.561653) can0 12B#0000000000000000
(0.561899) can0 128#7FFF0300007FFF3F
(0.562146) can0 12E#4000000000000020
(0.567701) can0 174#EF7F00001C6B0D6D
(0.567932) can0 178#1F80020F36950D43
(0.568177) can0 17C#0000000051870D4C
(0.571236) can0 290#0000000000000000
(0.571494) can0 12B#0000000000000000
(0.577694) can0 174#EF7F00001A6B0E4F
(0.577924) can0 178#2280030231950EFB
(0.578174) can0 17C#000000004D870E79
(0.581134) can0 290#0000000000000000
(0.581379) can0 12B#0000000000000000
(0.581635) can0 128#7FFF0300007FFF5F
(0.581886) can0 12E#4000000000000040
(0.587703) can0 174#F27F0000206B0F2A
(0.587938) can0 178#148004052C950F81
(0.588184) can0 17C#0000000040870FE1
(0.591264) can0 290#0000000000000000
(0.591509) can0 12B#0000000000000000
(0.597709) can0 174#F57F0000286B0013
(0.597937) can0 178#008005122C950051
(0.598181) can0 17C#000000002C870000
(0.601179) can0 290#0000000000000000
(0.601425) can0 12B#0000000000000000
(0.601679) can0 128#7FFF0300007FFF7F
(0.601927) can0 12E#4000000000000060
(0.602169) can0 12A#1208002000000000
(0.602414) can0 12C#0000000000000000
(0.602662) can0 5A0#0000000000000060
(0.603443) can0 550#0000000000000060
(0.607696) can0 174#FA7F00002D6B01DB
(0.607938) can0 178#0080061431950106
(0.608181) can0 17C#000000001687013A
(0.608526) can0 450#0000000000000000
(0.611482) can0 290#0000000000000000
(0.611720) can0 12B#0000000000000000
(0.617696) can0 174#F57F0000306B023D
(0.617941) can0 178#1180072F3E950260
(0.618186) can0 17C#0000000011870297
(0.621163) can0 290#0000000000000000
(0.621406) can0 12B#0000000000000000
(0.621647) can0 128#7FFF0300007FFF9F
(0.621896) can0 12E#4000000000000080
(0.627696) can0 174#EC7F0000336B039A
(0.627939) can0 178#1C8008024595032A
(0.628181) can0 17C#000000001B870385
(0.631241) can0 290#0000000000000000
(0.631494) can0 12B#0000000000000000
(0.637704) can0 174#E77F0000386B047C
(0.637938) can0 178#1180090F4895043F
(0.638177) can0 17C#000000001E87045F
(0.641143) can0 290#0000000000000000
(0.641402) can0 12B#0000000000000000
(0.641648) can0 128#7FFF0300007FFFBF
(0.641891) can0 12E#40000000000000A0
(0.647701) can0 174#E47F0000396B0509
(0.647926) can0 178#03800A13459505ED
(0.648178) can0 17C#000000001E870542
(0.651230) can0 290#0000000000000000
(0.651482) can0 12B#0000000000000000
(0.651723) can0 12A#1208002000000000
(0.653442) can0 550#0000000000000080
(0.657704) can0 174#EA7F0000396B062F
(0.657938) can0 178#00800B0341950664
(0.658183) can0 17C#000000002F8706C2
(0.658439) can0 450#0000000000000000
(0.661357) can0 290#0000000000000000
(0.661616) can0 12B#0000000000000000
(0.661858) can0 128#7FFF0300007FFFDF
(0.662100) can0 12E#40000000000000C0
(0.667704) can0 174#EF7F0000396B0706
(0.667935) can0 178#06800C083C95074A
(0.668176) can0 17C#000000004D87078C
(0.671240) can0 290#0000000000000000
(0.671496) can0 12B#0000000000000000
(0.677700) can0 174#F27F0000336B08ED
(0.677933) can0 178#0B800D2F3E9508C0
(0.678185) can0 17C#00000000568708AF
(0.681158) can0 290#0000000000000000
(0.681404) can0 12B#0000000000000000
(0.681653) can0 128#7FFF0300007FFF3F
(0.681895) can0 12E#4000000000000020
(0.687707) can0 174#EF7F0000286B0937
(0.687939) can0 178#0E800E073A950987
(0.688182) can0 17C#00000000428709AC
(0.691244) can0 290#0000000000000000
(0.691499) can0 12B#0000000000000000
(0.697697) can0 174#F27F0000226B0A40
(0.697948) can0 178#0B800F0D33950AC6
(0.698180) can0 17C#000000002F870A5E
(0.701172) can0 290#0000000000000000
(0.701419) can0 12B#0000000000000000
(0.701668) can0 128#7FFF0300007FFF5F
(0.701915) can0 12E#4000000000000040
(0.702169) can0 12A#1208002000000000
(0.702418) can0 12C#0000000000000000
(0.702665) can0 5A0#0000000000000080
(0.703438) can0 550#00000000000000A0
(0.707701) can0 174#F57F0000256B0B59
(0.707932) can0 178#0B8000022F950BDD
(0.708196) can0 17C#0000000034870BDB
(0.708528) can0 450#0000000000000000
(0.711463) can0 290#0000000000000000
(0.711709) can0 12B#0000000000000000
(0.717697) can0 174#FD7F00002B6B0CD1
(0.717928) can0 178#0880010833950CAA
(0.718180) can0 17C#000000004E870CCF
(0.721155) can0 290#0000000000000000
(0.721398) can0 12B#0000000000000000
(0.721640) can0 128#7FFF0300007FFF7F
(0.721890) can0 12E#4000000000000060
(0.727700) can0 174#FA7F0000306B0DDA
(0.727939) can0 178#FA7F000039950D54
(0.728177) can0 17C#0000000061870D64
(0.731215) can0 290#0000000000000000
(0.731465) can0 12B#0000000000000000
(0.737694) can0 174#F27F00002A6B0E38
(0.737929) can0 178#EF7F01283F950E47
(0.738167) can0 17C#0000000059870E67
(0.741169) can0 290#0000000000000000
(0.741416) can0 12B#0000000000000000
(0.741668) can0 128#7FFF0300007FFF9F
(0.741913) can0 12E#4000000000000080
(0.747697) can0 174#EF7F00001F6B0FDB
(0.747937) can0 178#F87F022044950F87
(0.748189) can0 17C#000000003F870F2F
(0.751268) can0 290#0000000000000000
(0.751516) can0 12B#0000000000000000
(0.751760) can0 12A#1208002000000000
(0.753439) can0 550#00000000000000C0
(0.757711) can0 174#EF7F00001F6B0060
(0.757949) can0 178#0880032152950076
(0.758187) can0 17C#000000002C870000
(0.758436) can0 450#0000000000000000
(0.761414) can0 290#0000000000000000
(0.761656) can0 12B#0000000000000000
(0.761897) can0 128#7FFF0300007FFFBF
(0.762150) can0 12E#40000000000000A0
(0.767705) can0 174#EF7F00002D6B0156
(0.767933) can0 178#118004235A95017D
(0.768179) can0 17C#0000000021870198
(0.771240) can0 290#0000000000000000
(0.771494) can0 12B#0000000000000000
(0.777701) can0 174#EF7F0000396B026F
(0.777930) can0 178#16800523529502B2
(0.778171) can0 17C#000000001C870212
(0.781162) can0 290#0000000000000000
(0.781409) can0 12B#0000000000000000
(0.781651) can0 128#7FFF0300007FFFDF
(0.781893) can0 12E#40000000000000C0
(0.787697) can0 174#F27F0000386B03A2
(0.787930) can0 178#1980062241950344
(0.788179) can0 17C#000000001E87030C
(0.791246) can0 290#0000000000000000
(0.791498) can0 12B#0000000000000000
(0.797704) can0 174#F87F00002D6B0408
(0.797934) can0 178#198007242F95044D
(0.798182) can0 17C#000000001E87045F
(0.801140) can0 290#0000000000000000
(0.801391) can0 12B#0000000000000000
(0.801637) can0 128#7FFF0300007FFF3F
(0.801884) can0 12E#4000000000000020
(0.802125) can0 12A#1208002000000000
(0.802385) can0 12C#0000000000000000
(0.802635) can0 5A0#00000000000000A0
(0.803451) can0 550#0000000000000020
(0.807708) can0 174#F87F0000226B0593
(0.807940) can0 178#0B80082326950558
(0.808182) can0 17C#0000000024870565
(0.808524) can0 450#0000000000000000
(0.811432) can0 290#0000000000000000
(0.811689) can0 12B#0000000000000000
(0.817701) can0 174#F27F0000226B06DC
(0.817938) can0 178#FD7F0920269506DC
(0.818183) can0 17C#00000000318706D3
(0.821179) can0 290#0000000000000000
(0.821425) can0 12B#0000000000000000
(0.821675) can0 128#7FFF0300007FFF5F
(0.821923) can0 12E#4000000000000040
(0.827697) can0 174#EF7F00002A6B0792
(0.827926) can0 178#FA7F0A212E950760
(0.828171) can0 17C#000000003887074D
(0.831347) can0 290#0000000000000000
(0.831602) can0 12B#0000000000000000
(0.837693) can0 174#EF7F00002E6B082F
(0.837924) can0 178#00800B2939950877
(0.838172) can0 17C#0000000035870873
(0.841151) can0 290#0000000000000000
(0.841392) can0 12B#0000000000000000
(0.841634) can0 128#7FFF0300007FFF7F
(0.841884) can0 12E#4000000000000060
(0.847700) can0 174#EF7F00002D6B09BE
(0.847935) can0 178#08800000429509F2
(0.848173) can0 17C#00000000348709E1
(0.851226) can0 290#0000000000000000
(0.851469) can0 12B#0000000000000000
(0.851709) can0 12A#1208002000000000
(0.853449) can0 550#0000000000000040
(0.857702) can0 174#EF7F00002E6B0A15
(0.857929) can0 178#1180000047950A6A
(0.858171) can0 17C#000000003A870ACF
(0.858523) can0 450#0000000000000000
(0.861356) can0 290#0000000000000000
(0.861608) can0 12B#0000000000000000
(0.861851) can0 128#7FFF0300007FFF9F
(0.862105) can0 12E#4000000000000080
(0.867694) can0 174#EF7F0000316B0B96
(0.867931) can0 178#118000FF42950B58
(0.868165) can0 17C#0000000045870B1C
(0.871258) can0 290#0030000000000000
(0.871508) can0 12B#0000000000011F76
(0.877693) can0 174#EF7F00002E6B0C5B
(0.877941) can0 178#0B8000003C950C3D
(0.878176) can0 17C#0000000045870C4F
(0.881162) can0 290#0030000000000000
(0.881414) can0 12B#0000000000011F76
(0.881648) can0 128#1388030000EC78A2
(0.881898) can0 12E#00000000000000A0
(0.887693) can0 174#EF7F0000286B0D43
(0.887928) can0 178#0E80012036950D3B
(0.888165) can0 17C#0000000038870D9F
(0.891240) can0 290#0000000000000000
(0.891492) can0 12B#0000000000011F75
(0.897701) can0 174#F27F00002E6B0E3E
(0.897929) can0 178#1680022233950E67
(0.898166) can0 17C#000000002C870EA6
(0.901176) can0 290#0010000000000000
(0.901421) can0 12B#0000000000011F76
(0.901666) can0 128#1388030000EC78C2
(0.901904) can0 12E#00000000000000C0
(0.902145) can0 12A#1208002000000000
(0.902406) can0 12C#0000000000000000
(0.902641) can0 5A0#00692000000000C9
(0.903443) can0 550#0000000000000060
(0.907399) can0 300#0F00000000000000
(0.907694) can0 174#F57F0000396B0F3F
(0.907930) can0 178#0E8003262C950FAB
(0.908167) can0 17C#0000000034870FAF
(0.908526) can0 450#0000000000000000
(0.911447) can0 290#0010000000000000
(0.911705) can0 12B#0000000000011F76
(0.917700) can0 174#F87F00003C6B00EB
(0.917933) can0 178#038004252F9500CB
(0.918180) can0 17C#000000004E870053
(0.921123) can0 290#0010000000000000
(0.921377) can0 12B#0000000000011F75
(0.921606) can0 128#1388030000EC7822
(0.921854) can0 12E#0000000000000020
(0.927697) can0 174#F27F0000356B011D
(0.927929) can0 178#0080052039950195
(0.928178) can0 17C#000000005E870156
(0.931190) can0 290#0020000000000000
(0.931437) can0 12B#0000000000011F76
(0.937698) can0 174#EF7F0000276B027E
(0.937930) can0 178#088006213F950246
(0.938178) can0 17C#00000000558702F1
(0.941120) can0 290#0020000000000000
(0.941373) can0 12B#0000000000011F76
(0.941603) can0 128#1388030000EC7842
(0.941850) can0 12E#0000000000000040
(0.947704) can0 174#F57F0000176B039A
(0.947940) can0 178#11800721449503CF
(0.948178) can0 17C#000000003F8703B3
(0.951226) can0 290#0030000000000000
(0.951482) can0 12B#0000000000011F76
(0.951716) can0 12A#1208012000000000
(0.953453) can0 550#0000000000000080
(0.957705) can0 174#FA7F0000116B0490
(0.957941) can0 178#14800820479504C5
(0.958186) can0 17C#00000000298704FD
(0.958532) can0 450#0000000000000000
(0.961361) can0 290#0020000000000000
(0.961604) can0 12B#0000000000011F75
(0.961832) can0 128#1388030000EC7862
(0.962080) can0 12E#0000000000000060
(0.967700) can0 174#FA7F0000176B0588
(0.967931) can0 178#0E8009253F9505F4
(0.968187) can0 17C#00000000218705EC
(0.971229) can0 290#0010000000000000
(0.971482) can0 12B#0000000000011F76
(0.977702) can0 174#F57F0000256B06D8
(0.977937) can0 178#00800A292F9506A6
(0.978175) can0 17C#000000002A87064B
(0.981154) can0 290#0010000000000000
(0.981412) can0 12B#0000000000011F76
(0.981646) can0 128#1388030000EC7882
(0.981897) can0 12E#0000000000000080
(0.987701) can0 174#F27F0000316B0755
(0.987937) can0 178#EF7F00001B950738
(0.988179) can0 17C#000000003A87074E
(0.991244) can0 290#0010000000000000
(0.991492) can0 12B#0000000000011F76
(0.997693) can0 174#EF7F0000316B08B1
(0.997925) can0 178#EA7F01201395089B
(0.998166) can0 17C#000000004A8708BD
(1.001130) can0 290#0020000000000000
(1.001374) can0 12B#0000000000011F76
(1.001613) can0 128#1388030000EC78A2
(1.001857) can0 12E#00000000000000A0
(1.002106) can0 12A#1208012000000000
(1.002353) can0 12C#0000000000000000
(1.002606) can0 5A0#0069200000000029
(1.003454) can0 550#00000000000000A0
(1.007406) can0 300#0F00000000000000
(1.007697) can0 174#EF7F00002A6B0934
(1.007934) can0 178#F87F000020950901
(1.008185) can0 17C#000000004B87092F
(1.008526) can0 450#0000000000000000
(1.011402) can0 290#0030000000000000
(1.011658) can0 12B#0000000000011F76
(1.017691) can0 174#EF7F0000236B0A90
(1.017921) can0 178#0B80012036950A5C
(1.018173) can0 17C#0000000031870A4F
(1.021120) can0 290#0010000000000000
(1.021363) can0 12B#0000000000011F75
(1.021591) can0 128#1388030000EC78C2
(1.021835) can0 12E#00000000000000C0
(1.027697) can0 174#EC7F0000236B0B6A
(1.027926) can0 178#1680022148950B7C
(1.028181) can0 17C#0000000016870BE8
(1.031222) can0 290#0010000000000000
(1.031468) can0 12B#0000000000011F76
(1.037697) can0 174#EA7F0000226B0C65
(1.037928) can0 178#1980032450950CDE
(1.038169) can0 17C#0000000006870CA3
(1.041148) can0 290#0020000000000000
(1.041401) can0 12B#0000000000011F76
(1.041636) can0 128#1388030000EC7822
(1.046200) can0 12E#0000000000000020
(1.047697) can0 174#EA7F0000226B0D78
(1.047925) can0 178#1C80042F4A950DCD
(1.056443) can0 17C#000000000B870D3B
(1.056613) can0 290#0030000000000000
(1.056775) can0 12B#0000000000011F76
(1.056896) can0 12A#1208012000000000
(1.057001) can0 550#00000000000000C0
(1.066699) can0 174#EF7F0000286B0E64
(1.066865) can0 178#198005123F950E55
(1.067026) can0 17C#000000001C870E8E
(1.067188) can0 450#0000000000000000
(1.067310) can0 290#0000000000000000
(1.076929) can0 12B#0000000000011F76
(1.077049) can0 128#1388030000EC7842
(1.077194) can0 12E#0000000000000040
(1.077356) can0 174#F57F00002E6B0FAD
(1.087172) can0 178#1180062436950FA1
(1.087333) can0 17C#0000000038870FA5
(1.087502) can0 290#0010000000000000
(1.097415) can0 12B#0000000000011F76
(1.097543) can0 174#F27F0000316B0006
(1.097695) can0 178#0B8007262F95001D
(1.097861) can0 17C#000000004B8700DA
(1.107658) can0 290#0010000000000000
(1.107786) can0 12B#0000000000011F76
(1.107892) can0 128#1388030000EC7862
(1.108045) can0 12E#0000000000000060
(1.108215) can0 174#EF7F0000306B01CB
(1.117911) can0 178#038008203695015C
(1.118073) can0 17C#000000004B8701C7
(1.118250) can0 290#0020000000000000
(1.118412) can0 12B#0000000000011F76
(1.118537) can0 174#EF7F0000336B0260
(1.128168) can0 178#068009253F950275
(1.128329) can0 17C#0000000042870263
(1.128496) can0 290#0030000000000000
(1.138386) can0 12B#0000000000011F76
(1.138516) can0 128#1388030000EC7882
(1.138661) can0 12E#0000000000000080
(1.138829) can0 12A#1208012000000000
(1.138950) can0 12C#0000000000000000
(1.139056) can0 5A0#0069200000000049
(1.148629) can0 550#0000000000000020
(1.148793) can0 300#0F00000000000000
(1.148915) can0 174#F27F00003B6B032E
(1.149061) can0 178#1680000047950311
(1.158874) can0 17C#00000000458703F4
(1.159037) can0 450#0000000000000000
(1.159159) can0 290#0010000000000000
(1.159306) can0 12B#0000000000011F76
(1.159427) can0 174#FA7F00003B6B04AF
(1.169115) can0 178#19800125479504ED
(1.169277) can0 17C#00000000518704B9
(1.169439) can0 290#0030000000000000
(1.179372) can0 12B#0000000000011F76
(1.179501) can0 128#1388030000EC78A2
(1.179646) can0 12E#00000000000000A0
(1.179808) can0 174#03800000356B0594
(1.179977) can0 178#118002393995052A
(1.189601) can0 17C#000000006387058F
(1.189763) can0 290#0000000000000000
(1.189926) can0 12B#0000000000011F76
(1.190047) can0 174#0B800000336B0664
(1.199846) can0 178#0B8003212C95069E
(1.200007) can0 17C#000000006A87062B
(1.200199) can0 290#0030000000000000
(1.210087) can0 12B#0000000000011F76
(1.210208) can0 128#1388030000EC78C2
(1.210353) can0 12E#00000000000000C0
(1.210524) can0 174#08800000336B079E
(1.220330) can0 178#0B80042025950796
(1.220496) can0 17C#000000006487073F
(1.220659) can0 290#0020000000000000
(1.230586) can0 12B#0000000000011F76
(1.230707) can0 12A#1208012000000000
(1.230813) can0 550#0000000000000040
(1.230961) can0 174#038000002D6B0801
(1.231123) can0 178#0E800000299508EC
(1.231291) can0 17C#000000005B87082A
(1.240820) can0 450#0000000000000000
(1.240943) can0 290#0050000000000000
(1.241097) can0 12B#0000000000011F76
(1.241218) can0 128#1388030000EC7822
(1.241371) can0 12E#0000000000000020
(1.251059) can0 174#FA7F0000226B09B5
(1.251228) can0 178#1180000034950989
(1.251405) can0 17C#00000000568709B2
(1.261302) can0 290#0000000000000000
(1.261472) can0 12B#0000000000011F76
(1.261601) can0 174#F57F0000206B0ACD
(1.261754) can0 178#118001223C950AA5
(1.271552) can0 17C#0000000055870A19
(1.271714) can0 290#0000000000000000
(1.271837) can0 12B#0000000000011F76
(1.271942) can0 128#1388030000EC7842
(1.272087) can0 12E#0000000000000040
(1.281801) can0 174#EF7F0000276B0B8B
(1.281970) can0 178#1980022037950B73
(1.282131) can0 17C#0000000051870B02
(1.282293) can0 290#0030000000000000
(1.292031) can0 12B#0000000000011F76
(1.292152) can0 174#E77F0000306B0C98
(1.292297) can0 178#1C8003322E950CE7
(1.292459) can0 17C#000000004B870C46
(1.302274) can0 290#0000000000000000
(1.302443) can0 12B#0000000000011F76
(1.302572) can0 128#1388030000EC7862
(1.302724) can0 12E#0000000000000060
(1.312518) can0 12A#1208012000000000
(1.312639) can0 12C#0000000000000000
(1.312745) can0 5A0#0069200000000069
(1.312892) can0 550#0000000000000060
(1.313055) can0 300#0F00000000000000
(1.313178) can0 174#E17F0000386B0D5A
(1.322760) can0 178#1C8004202B950D7A
(1.322928) can0 17C#0000000040870DDB
(1.323091) can0 450#0000000000000000
(1.323213) can0 290#0020000000000000
(1.333003) can0 12B#0000000000011F76
(1.333124) can0 174#E17F0000396B0EF2
(1.333269) can0 178#198005232E950E30
(1.333431) can0 17C#0000000032870EB7
(1.343259) can0 290#0030000000000000
(1.343422) can0 12B#0000000000011F77
(1.343589) can0 128#1388030000EC7882
(1.343750) can0 12E#0000000000000080
(1.353500) can0 174#EA7F0000366B0F5C
(1.353662) can0 178#0E80063233950F81
(1.353828) can0 17C#0000000029870F32
(1.363767) can0 290#0030000000000000
(1.363897) can0 12B#0000000000011F76
(1.364047) can0 174#F27F0000356B0000
(1.364209) can0 178#0380072133950029
(1.373974) can0 17C#000000002C870000
(1.374141) can0 290#0030000000000000
(1.374263) can0 12B#0000000000011F77
(1.374409) can0 128#1388030000EC78A2
(1.384217) can0 12E#00000000000000A0
(1.384380) can0 174#FD7F0000336B0144
(1.384549) can0 178#FD7F08273A950103
(1.394481) can0 17C#0000000037870185
(1.394644) can0 290#0020000000000000
(1.394806) can0 12B#0000000000011F76
(1.394975) can0 12A#1208012000000000
(1.395111) can0 550#0000000000000080
(1.404703) can0 174#00800000336B0225
(1.404866) can0 178#FD7F000041950225
(1.405028) can0 17C#000000003A870227
(1.414946) can0 450#0000000000000000
(1.415069) can0 290#0030000000000000
(1.415216) can0 12B#0000000000011F77
(1.415378) can0 128#1388030000EC78C2
(1.425189) can0 12E#00000000000000C0
(1.425351) can0 174#FA7F0000336B03F0
(1.425521) can0 178#068001203F9503CC
(1.435432) can0 17C#00000000318703BA
(1.435602) can0 290#0040000000000000
(1.435765) can0 12B#0000000000011F76
(1.445689) can0 174#F57F0000336B04FF
(1.445853) can0 178#0B80000037950455
(1.446015) can0 17C#000000001F8704D0
(1.446177) can0 290#0040000000000000
(1.446299) can0 12B#0000000000011F77
(1.455918) can0 128#1388030000EC7822
(1.456079) can0 12E#0000000000000020
(1.456241) can0 174#EF7F0000396B053C
(1.466161) can0 178#11800112319505F4
(1.466322) can0 17C#000000001F8705CD
(1.466491) can0 290#0000000000000000
(1.476404) can0 12B#0000000000011F77
(1.476533) can0 174#EA7F0000406B06E4
(1.476679) can0 178#1C80020F3695066B
(1.476843) can0 17C#00000000358706D5
(1.486647) can0 290#0030000000000000
(1.486810) can0 12B#0000000000011F76
(1.486972) can0 128#1388030000EC7842
(1.496895) can0 12E#0000000000000040
(1.497058) can0 12A#1208012000000000
(1.497179) can0 12C#0000000000000000
(1.497285) can0 5A0#0069200000000089
(1.497432) can0 550#00000000000000A0
(1.497601) can0 300#0F00000000000000
(1.497731) can0 174#EA7F00003C6B07BB
(1.507149) can0 178#1F80030241950776
(1.507311) can0 17C#000000004A870706
(1.507488) can0 450#0000000000000000
(1.507611) can0 290#0020000000000000
(1.517376) can0 12B#0000000000011F77
(1.517542) can0 174#EA7F0000356B0883
(1.517712) can0 178#1F80040545950834
(1.527619) can0 17C#00000000508708AA
(1.527788) can0 290#0020000000000000
(1.527917) can0 12B#0000000000011F77
(1.528058) can0 128#1388030000EC7862
(1.528235) can0 12E#0000000000000060
(1.537863) can0 174#EA7F00002B6B098F
(1.538032) can0 178#1180051242950919
(1.538201) can0 17C#00000000488709A3
(1.548105) can0 290#0030000000000000
(1.548275) can0 12B#0000000000011F77
(1.548397) can0 174#E47F00002A6B0A26
(1.548558) can0 178#0380061442950AEA
(1.558361) can0 17C#000000003F870A46
(1.558540) can0 290#0010000000000000
(1.558703) can0 12B#0000000000011F77
(1.558824) can0 128#1388030000EC7882
(1.558969) can0 12E#0000000000000080
(1.568590) can0 174#E17F00002D6B0B85
(1.568752) can0 178#F87F072F3F950B8C
(1.568914) can0 17C#0000000035870B54
(1.578835) can0 290#0020000000000000
(1.578998) can0 12B#0000000000011F77
(1.579120) can0 12A#1208012000000000
(1.579225) can0 550#00000000000000C0
(1.579372) can0 174#E47F0000306B0C7F
(1.589076) can0 178#EC7F08023E950CF9
(1.589238) can0 17C#000000002F870C10
(1.589400) can0 450#0000000000000000
(1.589531) can0 290#0020000000000000
(1.589637) can0 12B#0000000000011F77
(1.589742) can0 128#1388030000EC78A2
(1.599319) can0 12E#00000000000000A0
(1.599490) can0 174#EA7F00002B6B0DFB
(1.599651) can0 178#E77F090F3E950DF4
(1.609577) can0 17C#0000000024870D8D
(1.609740) can0 290#0020000000000000
(1.609862) can0 12B#0000000000011F77
(1.609967) can0 174#EA7F00002A6B0E53
(1.610113) can0 178#F87F0A133F950EF0
(1.610281) can0 17C#0000000023870E20
(1.619805) can0 290#0030000000000000
(1.619968) can0 12B#0000000000011F77
(1.620089) can0 128#1388030000EC78C2
(1.620235) can0 12E#00000000000000C0
(1.630048) can0 174#EA7F0000396B0FDA
(1.630210) can0 178#08800B033A950F8B
(1.630372) can0 17C#0000000034870FAF
(1.640291) can0 290#0030000000000000
(1.640413) can0 12B#0000000000011F77
(1.640527) can0 174#EA7F0000496B0029
(1.640672) can0 178#11800C0834950022
(1.640835) can0 17C#0000000048870056
(1.650536) can0 290#0040000000000000
(1.650698) can0 12B#0000000000011F77
(1.650820) can0 128#1388030000EC7822
(1.650965) can0 12E#0000000000000020
(1.660791) can0 12A#1208012000000000
(1.660912) can0 12C#0000000000000000
(1.661018) can0 5A0#00692000000000A9
(1.661165) can0 550#0000000000000020
(1.661328) can0 300#0F00000000000000
(1.661457) can0 174#EC7F00004C6B016E
(1.661619) can0 178#06800D2F369501DF
(1.671020) can0 17C#000000004B8701C7
(1.671182) can0 450#0000000000000000
(1.671313) can0 290#0030000000000000
(1.671460) can0 12B#0000000000011F77
(1.671635) can0 174#F27F0000466B02FE
(1.681263) can0 178#F87F0E07399502B7
(1.681437) can0 17C#0000000040870260
(1.681612) can0 290#0030000000000000
(1.681734) can0 12B#0000000000011F77
(1.681846) can0 128#1388030000EC7842
(1.691519) can0 12E#0000000000000040
(1.691682) can0 174#F57F00003C6B032A
(1.691846) can0 178#F57F0F0D37950394
(1.701749) can0 17C#0000000032870336
(1.701918) can0 290#0030000000000000
(1.702040) can0 12B#0000000000011F77
(1.702154) can0 174#F57F0000316B04FC
(1.702299) can0 178#FD7F000237950401
(1.711992) can0 17C#0000000024870478
(1.712154) can0 290#0030000000000000
(1.712276) can0 12B#0000000000011F77
(1.712382) can0 128#1388030000EC7862
(1.712535) can0 12E#0000000000000060
(1.722248) can0 174#F57F00002A6B0579
(1.722410) can0 178#038001083795056C
(1.722578) can0 17C#000000001E870542
(1.722740) can0 290#0020000000000000
(1.732482) can0 12B#0000000000011F77
(1.732603) can0 12A#1208012000000000
(1.732708) can0 550#0000000000000040
(1.732861) can0 174#EF7F0000276B060A
(1.733023) can0 178#0380000036950632
(1.742721) can0 17C#0000000024870642
(1.742890) can0 450#0000000000000000
(1.743013) can0 290#0000000000000000
(1.743160) can0 12B#0000000000011F77
(1.743282) can0 128#1388030000EC7882
(1.752964) can0 12E#0000000000000080
(1.753126) can0 174#EC7F00002B6B07FA
(1.753288) can0 178#0E800128379507FA
(1.763207) can0 17C#0000000034870747
(1.763369) can0 290#0020000000000000
(1.763540) can0 12B#0000000000011F77
(1.763661) can0 174#E47F0000366B080E
(1.773463) can0 178#1680022037950808
(1.773633) can0 17C#000000004587083B
(1.773795) can0 290#0050000000000000
(1.773958) can0 12B#0000000000011F77
(1.774079) can0 128#1388030000EC78A2
(1.783693) can0 12E#00000000000000A0
(1.783861) can0 174#E17F0000396B09A1
(1.784022) can0 178#16800321339509E4
(1.793935) can0 17C#00000000588709BB
(1.794098) can0 290#0020000000000000
(1.794261) can0 12B#0000000000011F77
(1.794382) can0 174#DE7F00003C6B0A85
(1.804178) can0 178#168004232F950AFD
(1.804340) can0 17C#000000006F870A3E
(1.804508) can0 290#0030000000000000
(1.814421) can0 12B#0000000000011F77
(1.814548) can0 128#1388030000EC78C2
(1.814700) can0 12E#00000000000000C0
(1.814865) can0 12A#1208012000000000
(1.814987) can0 12C#0000000000000000
(1.815093) can0 5A0#00692000000000C9
(1.824678) can0 550#0000000000000060
(1.824843) can0 300#0F00000000000000
(1.824966) can0 174#E47F00003B6B0BAC
(1.825147) can0 178#1180052333950B16
(1.825321) can0 17C#0000000075870B34
(1.834907) can0 450#0000000000000000
(1.835034) can0 290#0020000000000000
(1.835181) can0 12B#0000000000012F77
(1.835343) can0 174#EF7F0000336B0CC6
(1.845150) can0 178#0B80062236950C3E
(1.845312) can0 17C#000000006F870C70
(1.845482) can0 290#0020000000000000
(1.845604) can0 12B#0000000000011F77
(1.855393) can0 128#1388030000EC7822
(1.855562) can0 12E#0000000000000020
(1.855725) can0 174#F57F00002B6B0D1E
(1.865636) can0 178#0B8007243E950D2C
(1.865798) can0 17C#0000000067870D61
(1.865960) can0 290#0020000000000000
(1.866083) can0 12B#0000000000011F77
(1.866188) can0 174#F57F00002A6B0EB6
(1.875884) can0 178#0B80082347950E48
(1.876045) can0 17C#0000000060870ECC
(1.876208) can0 290#0040000000000000
(1.876376) can0 12B#0000000000011F77
(1.876501) can0 128#1388030000EC7842
(1.886138) can0 12E#0000000000000040
(1.886300) can0 174#EF7F0000316B0FE2
(1.886462) can0 178#068009204D950F6C
(1.896365) can0 17C#000000005B870F79
(1.896536) can0 290#0020000000000000
(1.896698) can0 12B#0000000000012F78
(1.906608) can0 12A#1208012000000000
(1.906729) can0 550#0000000000000080
(1.906877) can0 174#EF7F0000386B00DA
(1.907038) can0 178#0B800A214A950098
(1.916853) can0 17C#00000000598700C1
(1.917016) can0 450#0000000000000000
(1.917138) can0 290#0040000000000000
(1.917285) can0 12B#0000000000011F77
(1.927094) can0 128#1388030000EC7862
(1.927255) can0 12E#0000000000000060
(1.927417) can0 174#F57F00003B6B019A
(1.937350) can0 178#0E800B294295014B
(1.937520) can0 17C#00000000518701D0
(1.937690) can0 290#0030000000000000
(1.937858) can0 12B#0000000000011F77
(1.937986) can0 174#FA7F00003B6B02E1
(1.947580) can0 178#0B8000003A95029E
(1.947750) can0 17C#00000000458702E9
(1.947920) can0 290#0020000000000000
(1.957823) can0 12B#0000000000011F77
(1.957958) can0 128#1388030000EC7882
(1.958118) can0 12E#0000000000000080
(1.958293) can0 174#FA7F0000396B03FF
(1.968066) can0 178#088000003695036E
(1.968234) can0 17C#0000000034870333
(1.968396) can0 290#0050000000000000
(1.978309) can0 12B#0000000000012F78
(1.978471) can0 174#FA7F0000396B04AC
(1.978637) can0 178#0E8000FF36950448
(1.988567) can0 17C#000000002E870477
(1.988729) can0 290#0030000000000000
(1.988892) can0 12B#0000000000011F77
(1.989054) can0 128#1388030000EC78A2
(1.998795) can0 12E#00000000000000A0
(1.998957) can0 12A#1208012000000000
(1.999114) can0 12C#0000000000000000
(1.999228) can0 5A0#0069200000000029
(1.999379) can0 550#00000000000000A0
(2.009037) can0 300#0F00000000000000
(2.009163) can0 174#FD7F00003C6B05B6
(2.009307) can0 178#1180000037950599
(2.009468) can0 17C#000000003487057D
(2.019280) can0 450#0000000000000000
(2.019402) can0 290#0010000000000000
(2.019557) can0 12B#0000000000011F77
(2.019678) can0 174#FA7F0000406B065D
(2.019829) can0 178#0B8001203A9506CA
(2.029525) can0 17C#0000000040870614
(2.029686) can0 290#0050000000000000
(2.029851) can0 12B#0000000000011F78
(2.039780) can0 128#1388030000EC78C2
(2.039947) can0 12E#00000000000000C0
(2.040109) can0 174#EF7F0000366B0780
(2.040270) can0 178#008002223E95077D
(2.050009) can0 17C#0000000050870711
(2.050171) can0 290#0010000000000000
(2.050333) can0 12B#0000000000012F77
(2.060252) can0 174#EC7F00002A6B08CE
(2.060413) can0 178#008003264195082C
(2.060583) can0 17C#000000006187080D
(2.070500) can0 290#0020000000000000
(2.070662) can0 12B#0000000000011F78
(2.070828) can0 128#1388030000EC7822
(2.080738) can0 12E#0000000000000020
(2.080900) can0 174#EA7F0000286B0903
(2.081062) can0 178#0680042545950955
(2.090981) can0 17C#000000006E870996
(2.091143) can0 290#0040000000000000
(2.091312) can0 12B#0000000000011F78
(2.091439) can0 12A#1208012000000000
(2.091548) can0 550#00000000000000C0
(2.101238) can0 174#EC7F00002E6B0AF2
(2.101407) can0 178#0E8005204A950A9F
(2.101585) can0 17C#0000000074870AA6
(2.101747) can0 450#0000000000000000
(2.101878) can0 290#0040000000000000
(2.101984) can0 12B#0000000000011F77
(2.111467) can0 128#1388030000EC7842
(2.111639) can0 12E#0000000000000040
(2.111808) can0 174#F57F0000336B0B44
(2.121710) can0 178#1480062147950BF5
(2.121881) can0 17C#0000000071870B32
(2.122043) can0 290#0020000000000000
(2.131953) can0 12B#0000000000012F78
(2.132115) can0 174#FA7F0000336B0C4B
(2.132276) can0 178#0B80072142950CA0
(2.142196) can0 17C#000000006E870CFF
(2.142358) can0 290#0030000000000000
(2.142529) can0 12B#0000000000011F77
(2.152452) can0 128#1388030000EC7862
(2.152619) can0 12E#0000000000000060
(2.152781) can0 174#00800000316B0D9D
(2.152943) can0 178#FA7F08203C950DE0
(2.162682) can0 17C#0000000067870D61
(2.162846) can0 290#0020000000000000
(2.163009) can0 12B#0000000000012F78
(2.172925) can0 174#FA7F0000306B0EFD
(2.173086) can0 178#F57F09253C950E22
(2.173248) can0 17C#0000000067870E46
(2.183203) can0 290#0000000000000000
(2.183378) can0 12B#0000000000011F78
(2.183548) can0 128#1388030000EC7882
(2.193411) can0 12E#0000000000000080
(2.193585) can0 12A#1208012000000000
(2.193706) can0 12C#0000000000000000
(2.193812) can0 5A0#0069200000000049
(2.193959) can0 550#0000000000000020
(2.203667) can0 300#0F00000000000000
(2.203790) can0 174#F57F0000356B0F35
(2.203935) can0 178#03800A293F950FAC
(2.204097) can0 17C#0000000067870F5B
(2.204259) can0 450#0000000000000000
(2.204382) can0 290#0020000000000000
(2.213897) can0 12B#0000000000011F77
(2.214059) can0 174#F57F00003E6B000E
(2.214221) can0 178#168000003F950072
(2.224139) can0 17C#000000006487006C
(2.224302) can0 290#0020000000000000
(2.224424) can0 12B#0000000000012F78
(2.224578) can0 128#1388030000EC78A2
(2.234382) can0 12E#00000000000000A0
(2.234553) can0 174#F57F0000466B0157
(2.234714) can0 178#1C80012039950122
(2.244625) can0 17C#000000005C870155
(2.244787) can0 290#0000000000000000
(2.244951) can0 12B#0000000000011F78
(2.254873) can0 174#F57F0000496B02F6
(2.255035) can0 178#1F80000034950247
(2.255196) can0 17C#0000000050870278
(2.255357) can0 290#0020000000000000
(2.265136) can0 12B#0000000000011F77
(2.265298) can0 128#1388030000EC78C2
(2.265459) can0 12E#00000000000000C0
(2.275354) can0 174#F57F0000476B03E2
(2.275524) can0 178#118001203495037B
(2.275693) can0 17C#00000000458703F4
(2.285598) can0 290#0020000000000000
(2.285720) can0 12B#0000000000012F78
(2.285867) can0 12A#1208012000000000
(2.285988) can0 550#0000000000000040
(2.286135) can0 174#F57F0000466B043E
(2.295845) can0 178#FD7F0221369504AA
(2.296007) can0 17C#000000003F8704E0
(2.296169) can0 450#0000000000000000
(2.296291) can0 290#0020000000000000
(2.296397) can0 12B#0000000000011F78
(2.306083) can0 128#1388030000EC7822
(2.306244) can0 12E#0000000000000020
(2.306406) can0 174#F57F0000466B0523
(2.316340) can0 178#EF7F032433950584
(2.316508) can0 17C#000000003C870571
(2.316670) can0 290#0040000000000000
(2.316834) can0 12B#0000000000012F77
(2.326570) can0 174#F57F0000446B0607
(2.326732) can0 178#EA7F042F2C950624
(2.326894) can0 17C#0000000038870650
(2.336813) can0 290#0020000000000000
(2.336976) can0 12B#0000000000011F78
(2.337138) can0 128#1388030000EC7842
(2.347055) can0 12E#0000000000000040
(2.347217) can0 174#EF7F0000436B0741
(2.347379) can0 178#F27F05122C950718
(2.357298) can0 17C#000000003F8707C7
(2.357513) can0 290#0020000000000000
(2.357648) can0 12B#0000000000012F78
(2.357828) can0 174#EF7F0000406B0876
(2.367556) can0 178#FD7F0624319508DA
(2.367725) can0 17C#00000000508708AA
(2.367887) can0 290#0040000000000000
(2.368057) can0 12B#0000000000011F77
(2.377784) can0 128#1388030000EC7862
(2.377953) can0 12E#0000000000000060
(2.378115) can0 12A#1208012000000000
(2.378244) can0 12C#0000000000000000
(2.378350) can0 5A0#0069200000000069
(2.388027) can0 550#0000000000000060
(2.388198) can0 300#0F00000000000000
(2.388320) can0 174#F57F0000396B0971
(2.388466) can0 178#088007263A95099E
(2.398270) can0 17C#000000005587093E
(2.398432) can0 450#0000000000000000
(2.398562) can0 290#0020000000000000
(2.398709) can0 12B#0000000000012F78
(2.408514) can0 174#FA7F0000366B0A8C
(2.408682) can0 178#1980082041950A80
(2.408846) can0 17C#000000004B870A08
(2.418769) can0 290#0030000000000000
(2.418932) can0 12B#0000000000011F77
(2.419094) can0 128#1388030000EC7882
(2.419255) can0 12E#0000000000000080
(2.428999) can0 174#FA7F0000356B0B1D
(2.429160) can0 178#228009253F950B86
(2.429329) can0 17C#0000000042870B96
(2.439265) can0 290#0040000000000000
(2.439436) can0 12B#0000000000012F78
(2.439606) can0 174#FA7F0000366B0CC2
(2.449492) can0 178#1680000039950CEB
(2.449654) can0 17C#0000000038870C82
(2.449817) can0 290#0030000000000000
(2.459727) can0 12B#0000000000011F77
(2.459890) can0 128#1388030000EC78A2
(2.460051) can0 12E#00000000000000A0
(2.469970) can0 174#00800000356B0D9B
(2.470140) can0 178#0680012533950DB3
(2.470302) can0 17C#000000002E870D82
(2.480227) can0 290#0010000000000000
(2.480390) can0 12B#0000000000012F78
(2.480567) can0 12A#1208012000000000
(2.480688) can0 550#0000000000000080
(2.480846) can0 174#00800000336B0EB9
(2.490456) can0 178#068002392F950ECF
(2.490624) can0 17C#0000000023870E20
(2.490786) can0 450#0000000000000000
(2.490909) can0 290#0030000000000000
(2.500699) can0 12B#0000000000011F77
(2.500869) can0 128#1388030000EC78C2
(2.501030) can0 12E#00000000000000C0
(2.510942) can0 174#FA7F0000336B0F6C
(2.511104) can0 178#0680032133950F13
(2.511265) can0 17C#0000000029870F32
(2.521185) can0 290#0030000000000000
(2.521320) can0 12B#0000000000012F78
(2.521468) can0 174#F57F00002D6B009A
(2.521644) can0 178#0B80042036950051
(2.531442) can0 17C#000000003C870018
(2.531620) can0 290#0020000000000000
(2.531790) can0 12B#0000000000011F77
(2.531988) can0 128#1388030000EC7822
(2.541671) can0 12E#0000000000000020
(2.541850) can0 174#EF7F00002B6B0153
(2.542011) can0 178#148000003F9501D5
(2.551914) can0 17C#000000004887014B
(2.552083) can0 290#0030000000000000
(2.552246) can0 12B#0000000000012F78
(2.562157) can0 174#F57F00002D6B02A0
(2.562327) can0 178#228000004495023F
(2.562496) can0 17C#000000004887026C
(2.572400) can0 290#0040000000000000
(2.572571) can0 12B#0000000000011F77
(2.572733) can0 128#1388030000EC7842
(2.582656) can0 12E#0000000000000040
(2.582820) can0 12A#1228012000000000
(2.582982) can0 12C#0000000000000000
(2.583103) can0 5A0#0069200000000089
(2.583250) can0 550#00000000000000A0
(2.592889) can0 300#0F00000000000000
(2.593011) can0 174#F87F0000316B0349
(2.593157) can0 178#2780012244950311
(2.593318) can0 17C#00000000458703F4
(2.603129) can0 450#0000000000000000
(2.603251) can0 290#0000000000000000
(2.603399) can0 12B#0000000000012F78
(2.603574) can0 174#F27F0000336B0471
(2.613372) can0 178#1C800220419504B1
(2.613541) can0 17C#000000004A870421
(2.613704) can0 290#0040000000000000
(2.623615) can0 12B#0000000000011F78
(2.623777) can0 128#1388030000EC7862
(2.623938) can0 12E#0000000000000060
(2.633862) can0 174#EF7F0000396B053C
(2.634024) can0 178#168003323A950564
(2.634185) can0 17C#00000000518705A4
(2.634346) can0 290#0020000000000000
(2.644117) can0 12B#0000000000012F77
(2.644278) can0 174#F27F00003E6B06CE
(2.644440) can0 178#1F80042037950640
(2.654343) can0 17C#0000000058870600
(2.654512) can0 290#0020000000000000
(2.654634) can0 12B#0000000000011F78
(2.654780) can0 128#1388030000EC7882
(2.664587) can0 12E#0000000000000080
(2.664749) can0 174#F87F0000406B07FA
(2.664911) can0 178#2D8005233A950764
(2.674831) can0 17C#0000000055870798
(2.674993) can0 290#0020000000000000
(2.675115) can0 178#248006323F9508DF
(2.675261) can0 17C#000000004387083E
(2.685072) can0 450#0000000000000000
(2.685195) can0 290#0020000000000000
(2.685301) can0 17C#000000003C8709ED
(2.685448) can0 290#0040000000000000
(2.685619) can0 12B#0000000000012F78
(2.695329) can0 290#0020000000000000
(2.695496) can0 12B#0000000000012F78
(2.695618) can0 128#1388030000EC78C2
(2.695763) can0 290#0010000000000000
(2.695926) can0 12B#0000000000011F78
(2.705560) can0 174#F57F0000396B0C18
(2.705721) can0 178#0E80012036950C26
(2.705883) can0 290#0030000000000000
(2.715801) can0 12B#0000000000012F77
(2.715999) can0 128#1388030000EC7822
(2.716172) can0 12E#0000000000000020
(2.726044) can0 12A#1228012000000000
(2.726169) can0 290#0030000000000000
(2.726275) can0 12B#0000000000012F78
(2.726421) can0 174#FA7F0000436B0E39
(2.726589) can0 178#1180011247950E76
(2.736287) can0 290#0040000000000000
(2.736450) can0 12B#0000000000011F78
(2.736620) can0 128#1388030000EC7842
(2.746545) can0 12E#0000000000000040
(2.746708) can0 174#FA7F0000446B0FAE
(2.746870) can0 290#0020000000000000
(2.747032) can0 12B#0000000000012F78
(2.756773) can0 174#F57F00003B6B0087
(2.756935) can0 290#0030000000000000
(2.757098) can0 12B#0000000000011F77
(2.767016) can0 128#1388030000EC7862
(2.767177) can0 12E#0000000000000060
(2.767340) can0 290#0020000000000000
(2.777259) can0 12B#0000000000012F78
(2.777421) can0 12A#1228012000000000
(2.777548) can0 290#0020000000000000
(2.777662) can0 12B#0000000000012F78
(2.777768) can0 128#1388030000EC7882
(2.777920) can0 290#0000000000000000
(2.787510) can0 12B#0000000000011F78
(2.787678) can0 174#00800000306B04E7
(2.787842) can0 290#0010000000000000
(2.797764) can0 12B#0000000000012F77
(2.797934) can0 128#1388030000EC78A2
(2.798095) can0 290#0030000000000000
(2.798266) can0 12B#0000000000012F78
(2.807989) can0 174#00800000366B06D8
(2.808159) can0 178#0680090F3C95067C
(2.808321) can0 17C#0000000026870641
(2.818231) can0 12B#0000000000011F78
(2.818393) can0 128#1388030000EC78C2
(2.818563) can0 12E#00000000000000C0
(2.828481) can0 12A#1228012000000000
(2.828602) can0 12C#0000000000000000
(2.828708) can0 5A0#00692000000000C9
(2.828865) can0 12B#0000000000012F78
(2.829028) can0 174#FA7F00003B6B0833
(2.838717) can0 178#F87F0B033F9508F1
(2.838879) can0 12E#0000000000000020
(2.839041) can0 174#F57F00003C6B09F8
(2.848960) can0 178#FA7F0C08429509B6
(2.849121) can0 174#F27F00003B6B0ADB
(2.849283) can0 178#FD7F0D2F48950AC4
(2.859216) can0 17C#0000000060870AB8
(2.859378) can0 174#EA7F0000336B0BA1
(2.859548) can0 178#00800E074A950BF4
(2.859710) can0 17C#0000000066870BA0
(2.869446) can0 550#0000000000000080
(2.869617) can0 174#E47F00002D6B0CE2
(2.869778) can0 178#08800F0D48950CA7
(2.879688) can0 17C#000000004E870CCF
(2.879853) can0 174#DE7F00002A6B0DCB
(2.880015) can0 178#0B80000244950D43
(2.889931) can0 17C#0000000035870D1A
(2.890094) can0 174#E47F0000316B0ECA
(2.890255) can0 178#0B80010839950E78
(2.900174) can0 17C#0000000029870E2F
(2.900372) can0 174#EF7F0000386B0F61
(2.900554) can0 178#1180000033950F4D
(2.910431) can0 17C#0000000024870FB7
(2.910602) can0 174#F87F0000396B0062
(2.910763) can0 178#0B8001282F950089
(2.910925) can0 17C#000000002A870005
(2.920660) can0 290#0020000000000000
(2.920833) can0 12B#0000000000012F77
(2.920995) can0 300#0F00000000000000
(2.921124) can0 174#FD7F0000396B014B
(2.930903) can0 178#0680022031950141
(2.931065) can0 17C#000000003F870189
(2.931228) can0 450#0000000000000000
(2.931350) can0 290#0000000000000000
(2.941146) can0 174#00800000396B022A
(2.941316) can0 178#008003213A9502C2
(2.941489) can0 17C#00000000538702F4
(2.951389) can0 174#00800000336B0338
(2.951567) can0 178#00800423489503B8
(2.951729) can0 17C#00000000638703C1
(2.961646) can0 290#0010000000000000
(2.961820) can0 174#FA7F0000306B042F
(2.961990) can0 178#0080052350950495
(2.962152) can0 17C#000000005E87043F
(2.971877) can0 174#F27F00002D6B057D
(2.972038) can0 178#038006224C95055E
(2.972200) can0 17C#000000004E87053A
(2.982118) can0 174#EF7F00002D6B0605
(2.982288) can0 178#0680072437950686
(2.982450) can0 17C#0000000048870618
(2.992361) can0 450#0000000000000000
(2.992491) can0 174#F27F00002B6B0742
(2.992636) can0 178#0880082329950703
(2.992798) can0 17C#000000004B870789
(3.002604) can0 174#F57F0000276B087D
(3.002771) can0 178#0B8009202F95088A
(3.002932) can0 17C#000000004D870837
(3.012851) can0 174#F57F00001D6B0947
(3.013012) can0 178#03800A213F95097E
(3.013174) can0 17C#0000000047870925
(3.013334) can0 290#0030000000000000
(3.023106) can0 12B#0000000000012F78
(3.023267) can0 174#008000001D6B0AF4
(3.023429) can0 178#F27F0B2947950A16
(3.033333) can0 17C#000000003F870A46
(3.033502) can0 290#0020000000000000
(3.033665) can0 12B#0000000000012F77
(3.043579) can0 300#0F00000000000000
(3.043701) can0 174#068000002E6B0B9E
(3.043849) can0 178#E17F000042950B5E
(3.044010) can0 174#03800000416B0C2F
(3.053823) can0 178#DC7F000039950CF5
(3.053984) can0 17C#0000000056870CDB
(3.054146) can0 290#0010000000000000
(3.064062) can0 174#FD7F00004C6B0D16
(3.064223) can0 178#EF7F00FF34950DFA
(3.064384) can0 17C#0000000061870D64
(3.074318) can0 174#EF7F00004C6B0E32
(3.074487) can0 178#0080000039950EBB
(3.074649) can0 17C#0000000051870E6B
(3.074811) can0 174#EC7F0000476B0F48
(3.084549) can0 178#0680012041950F11
(3.084718) can0 17C#000000003A870FA6
(3.084892) can0 174#EC7F0000446B007F
(3.094826) can0 178#06800222429500BF
(3.095000) can0 17C#0000000037870098
(3.095161) can0 450#0000000000000000
(3.095284) can0 174#F27F0000436B0150
(3.105033) can0 178#0B8003263F9501AD
(3.105199) can0 17C#000000004887014B
(3.105361) can0 540#02000000100000ED
(3.115276) can0 178#1C8004253C950280
(3.115446) can0 17C#000000005C870272
(3.115616) can0 541#0280000000000000
(3.125534) can0 290#0010000000000000
(3.125664) can0 12B#0000000000012F78
(3.125811) can0 17C#000000005E87036C
(3.125973) can0 290#0020000000000000
(3.126136) can0 12B#0000000000012F77
(3.135762) can0 174#F57F0000306B0473
(3.135924) can0 290#0020000000000000
(3.136046) can0 12B#0000000000012F77
(3.136151) can0 128#1388030000EC7862
(3.136296) can0 12E#0000000000000060
(3.146005) can0 450#0000000000000000
(3.146128) can0 290#0010000000000000
(3.146275) can0 12B#0000000000012F77
(3.146396) can0 290#0000000000000000
(3.146551) can0 12B#0000000000011F78
(3.156248) can0 128#1388030000EC7882
(3.156409) can0 12E#0000000000000080
(3.156578) can0 290#0000000000000000
(3.156705) can0 12B#0000000000012F77
(3.166499) can0 174#F87F0000306B0809
(3.166660) can0 290#0010000000000000
(3.166828) can0 12B#0000000000012F77
(3.166949) can0 128#1388030000EC78A2
(3.176748) can0 290#0030000000000000
(3.176911) can0 12B#0000000000012F77
(3.177032) can0 12A#1228012000000000
(3.177137) can0 290#0030000000000000
(3.177243) can0 12B#0000000000012F78
(3.177389) can0 128#1388030000EC78C2
(3.177558) can0 540#02000000100000EE
(3.186977) can0 290#0010000000000000
(3.187140) can0 12B#0000000000012F77
(3.187302) can0 541#0280000000000000
(3.187424) can0 120#0000000000000000
(3.197220) can0 121#0000000000000000
(3.197400) can0 129#0000000000000000
(3.197587) can0 12B#0000000000012F77
(3.197724) can0 290#0030000000000000
(3.207463) can0 12B#0000000000012F77
(3.207592) can0 174#FA7F0000466B0EB0
(3.207746) can0 178#148003243F950ED4
(3.207915) can0 120#0000000000000020
(3.217711) can0 121#0000000000000020
(3.217874) can0 129#0000000000000020
(3.218043) can0 290#0030000000000000
(3.218173) can0 12B#0000000000012F77
(3.218283) can0 174#EC7F0000436B00F5
(3.227954) can0 129#0000000000000040
(3.228117) can0 12B#0000000000012F77
(3.228245) can0 290#0000000000000000
(3.228392) can0 128#1388030000EC7862
(3.238211) can0 290#0040000000000000
(3.238374) can0 12B#0000000000012F77
(3.238501) can0 174#EC7F00002D6B0296
(3.242654) can0 178#0B8007264F950277
(3.243019) can0 290#0010000000000000
(3.248435) can0 128#1388030000EC7882
(3.248604) can0 12E#0000000000000080
(3.248726) can0 12A#1228012000000000
(3.248832) can0 550#10000000000000D0
(3.248979) can0 174#F27F0000336B0471
(3.258678) can0 12E#00000000000000A0
(3.258843) can0 174#EA7F0000416B054C
(3.259004) can0 178#0B800000369505C7
(3.268921) can0 174#E47F0000436B0669
(3.269083) can0 178#0B80012536950613
(3.269245) can0 17C#0000000026870641
(3.279164) can0 174#E17F0000396B0707
(3.279326) can0 178#168002393995079E
(3.279496) can0 17C#000000004287070A
(3.289420) can0 290#0030000000000000
(3.289591) can0 12B#0000000000012F77
(3.289712) can0 174#EA7F0000366B080F
(3.289863) can0 178#27800321449508B0
(3.290031) can0 17C#000000004E8708BB
(3.299650) can0 120#00000000000000C0
(3.299812) can0 550#1000000000000030
(3.299975) can0 300#0F00000000000000
(3.300098) can0 174#EF7F0000356B09AA
(3.309895) can0 178#2A8004204A9509D4
(3.310057) can0 174#EF7F0000386B0A08
(3.310219) can0 178#1980000048950A3E
(3.320135) can0 17C#0000000045870A01
(3.320298) can0 174#EA7F00003C6B0B27
(3.320460) can0 178#0380000041950B71
(3.330378) can0 17C#000000003A870BD2
(3.330549) can0 174#EA7F00003B6B0CFE
(3.330710) can0 178#F87F01223F950CF1
(3.340635) can0 17C#0000000037870C04
(3.340806) can0 120#0000000000000040
(3.340975) can0 174#EF7F0000386B0D5B
(3.341137) can0 178#FD7F02203C950DCD
(3.350866) can0 17C#000000003D870D16
(3.351029) can0 174#F57F0000366B0EA4
(3.351191) can0 178#0680033236950E18
(3.361107) can0 17C#0000000043870E70
(3.361278) can0 450#0000000000000000
(3.361401) can0 174#F27F0000366B0F37
(3.361561) can0 178#1480042031950F85
(3.371350) can0 17C#0000000047870F6B
(3.371527) can0 174#EF7F0000366B00D3
(3.371689) can0 178#1980052334950081
(3.381593) can0 17C#0000000042870059
(3.381762) can0 541#0280000000000000
(3.381885) can0 174#EF7F0000366B01CE
(3.382039) can0 178#16800632369501C5
(3.391842) can0 17C#000000004887014B
(3.392004) can0 290#0020000000000000
(3.392167) can0 12B#0000000000012F77
(3.392289) can0 174#EF7F0000366B02E9
(3.392433) can0 178#1180072137950216
(3.402095) can0 17C#000000004D8702E5
(3.402266) can0 120#00000000000000A0
(3.402434) can0 121#00000000000000A0
(3.412322) can0 300#0F00000000000000
(3.412445) can0 174#EF7F0000366B03F4
(3.412599) can0 178#0E800827379503FB
(3.412761) can0 174#EF7F0000366B04A7
(3.422668) can0 178#0E800000349504ED
(3.422849) can0 17C#000000003D8704E3
(3.423011) can0 174#EA7F0000366B058E
(3.432808) can0 178#118001202C950521
(3.432974) can0 17C#000000003A870574
(3.433137) can0 290#0000000000000000
(3.443051) can0 12B#0000000000012F77
(3.443173) can0 174#EF7F0000396B061B
(3.443319) can0 178#068000002695061E
(3.443489) can0 17C#0000000038870650
(3.453307) can0 174#EF7F00003E6B078C
(3.453482) can0 178#F57F0112299507AA
(3.453650) can0 17C#00000000378707CB
(3.453844) can0 290#0050000000000000
(3.463538) can0 174#EA7F0000416B08CD
(3.463700) can0 178#F87F020F31950837
(3.463865) can0 17C#000000003C8708F0
(3.473780) can0 174#EA7F0000466B095A
(3.473942) can0 178#1180030239950995
(3.474104) can0 17C#0000000043870923
(3.484023) can0 174#EF7F0000466B0A49
(3.484185) can0 178#2780040539950A48
(3.484347) can0 17C#000000004E870A81
(3.494275) can0 541#0280000000000000
(3.494397) can0 120#0000000000000060
(3.494551) can0 121#0000000000000060
(3.494714) can0 174#EA7F0000436B0BE9
(3.504524) can0 178#2780051233950BE1
(3.504685) can0 17C#0000000055870B04
(3.504851) can0 178#1C8006142C950C18
(3.505013) can0 17C#0000000053870C52
(3.514752) can0 120#0000000000000080
(3.514914) can0 121#0000000000000080
(3.515076) can0 17C#000000004D870D5E
(3.524995) can0 450#0000000000000000
(3.525117) can0 290#0020000000000000
(3.525265) can0 120#00000000000000A0
(3.525427) can0 121#00000000000000A0
(3.535237) can0 129#00000000000000A0
(3.535400) can0 290#0030000000000000
(3.535571) can0 12B#0000000000013F77
(3.545488) can0 174#EA7F0000436B0026
(3.545657) can0 178#EA7F0A133F950055
(3.545821) can0 17C#00000000478700D0
(3.555737) can0 120#00000000000000C0
(3.555899) can0 121#00000000000000C0
(3.556061) can0 129#00000000000000C0
(3.556224) can0 290#0040000000000000
(3.565966) can0 12B#0000000000013F77
(3.566088) can0 12A#1228012000000000
(3.566193) can0 120#0000000000000020
(3.566339) can0 121#0000000000000020
(3.566508) can0 129#0000000000000020
(3.576209) can0 12B#0000000000012F77
(3.576372) can0 540#02000000100000EF
(3.576547) can0 290#0040000000000000
(3.576669) can0 12B#0000000000013F77
(3.586452) can0 541#0280000000000000
(3.586581) can0 120#0000000000000040
(3.586727) can0 121#0000000000000040
(3.586889) can0 290#0000000000000000
(3.596695) can0 12B#0000000000013F77
(3.596817) can0 174#EF7F0000236B060C
(3.596963) can0 120#0000000000000060
(3.597161) can0 121#0000000000000060
(3.606938) can0 129#0000000000000060
(3.607104) can0 290#0010000000000000
(3.607268) can0 12B#0000000000013F77
(3.607396) can0 174#EF7F0000276B08AC
(3.617195) can0 178#F57F000039950861
(3.617364) can0 120#0000000000000080
(3.617534) can0 121#0000000000000080
(3.617704) can0 129#0000000000000080
(3.627424) can0 12B#0000000000012F77
(3.627594) can0 290#0010000000000000
(3.627725) can0 12B#0000000000013F77
(3.627872) can0 174#EF7F00002E6B0A15
(3.637673) can0 178#FA7F022037950A90
(3.637836) can0 129#00000000000000A0
(3.638005) can0 12B#0000000000012F77
(3.647917) can0 290#0010000000000000
(3.648040) can0 290#0000000000000000
(3.648196) can0 12B#0000000000013F77
(3.648358) can0 12A#1228012000000000
(3.648487) can0 290#0020000000000000
(3.658159) can0 128#1388030000EC7822
(3.658320) can0 12E#0000000000000020
(3.658491) can0 174#F57F0000366B0D83
(3.668409) can0 174#FD7F0000396B0EF0
(3.668579) can0 178#2280062242950EAA
(3.668741) can0 17C#0000000029870E2F
(3.668904) can0 12E#0000000000000040
(3.678639) can0 174#038000003C6B0FC5
(3.678801) can0 178#1C80072442950F63
(3.678963) can0 174#00800000416B0054
(3.688884) can0 178#1480082344950087
(3.689045) can0 17C#000000003587009B
(3.689208) can0 120#0000000000000040
(3.699125) can0 12C#0000000000000000
(3.699247) can0 5A0#0069200000000069
(3.699394) can0 550#1000000000000070
(3.699566) can0 174#F27F00004A6B02F4
(3.709368) can0 178#FD7F0A21449502D8
(3.709538) can0 17C#000000003D8702AD
(3.709701) can0 120#0000000000000060
(3.719624) can0 174#EF7F0000406B03B9
(3.719786) can0 178#FA7F0B29429503B8
(3.719948) can0 17C#000000004287037E
(3.720111) can0 174#EF7F00002D6B043F
(3.729856) can0 178#008000003F95046C
(3.730018) can0 17C#000000004B8704AE
(3.730181) can0 174#EF7F00001F6B0509
(3.740097) can0 178#0E8000003F950570
(3.740259) can0 17C#00000000538705A7
(3.740421) can0 290#0040000000000000
(3.750339) can0 174#EF7F00001F6B062E
(3.750508) can0 178#198000FF4295060B
(3.750670) can0 17C#0000000058870600
(3.760582) can0 174#EA7F0000276B0723
(3.760752) can0 178#1C80000042950784
(3.760922) can0 17C#000000005C87071B
(3.770829) can0 174#E47F0000316B0884
(3.770991) can0 178#038001203A9508BE
(3.771154) can0 17C#00000000568708AF
(3.771315) can0 541#0280000000000000
(3.771437) can0 174#EA7F0000406B095F
(3.781085) can0 178#EA7F02223395092F
(3.781255) can0 17C#000000004B87092F
(3.781464) can0 174#F57F0000466B0A98
(3.791311) can0 178#E47F032634950AA7
(3.791490) can0 17C#0000000042870A8B
(3.791652) can0 120#0000000000000020
(3.801556) can0 300#0F00000000000000
(3.801686) can0 174#F57F0000416B0B0F
(3.801833) can0 178#EC7F042539950B5C
(3.802002) can0 174#F57F00003B6B0C1B
(3.811797) can0 178#F87F05203F950C63
(3.811967) can0 17C#0000000032870C8D
(3.812130) can0 174#EF7F00003B6B0DD7
(3.822040) can0 178#0080062141950D6E
(3.822211) can0 17C#000000002F870D0D
(3.822374) can0 290#0040000000000000
(3.822501) can0 12B#0000000000013F77
(3.822607) can0 174#EF7F0000406B0E38
(3.832297) can0 178#068007213F950EB1
(3.832459) can0 17C#0000000040870EFC
(3.832629) can0 120#0000000000000060
(3.832791) can0 121#0000000000000060
(3.842527) can0 174#F57F0000396B0F3F
(3.842689) can0 178#068008203F950F4D
(3.842854) can0 17C#0000000048870FED
(3.852769) can0 290#0030000000000000
(3.852932) can0 12B#0000000000013F77
(3.853054) can0 174#F57F00002D6B009A
(3.853207) can0 178#0680092542950082
(3.863012) can0 17C#000000002C870000
(3.863175) can0 450#0000000000000000
(3.863298) can0 174#F57F0000276B0188
(3.863444) can0 178#06800A293F95013E
(3.873255) can0 17C#00000000138701B3
(3.873418) can0 540#02000000100000EF
(3.873546) can0 174#F57F0000286B0229
(3.873692) can0 178#038000003C950249
(3.883519) can0 17C#0000000010870218
(3.883682) can0 541#0280000000000000
(3.883804) can0 120#00000000000000A0
(3.883951) can0 121#00000000000000A0
(3.884113) can0 129#00000000000000A0
(3.884234) can0 174#F27F0000286B03BA
(3.893741) can0 178#0B8001203995032F
(3.893903) can0 17C#000000001F870383
(3.894066) can0 290#0040000000000000
(3.903984) can0 174#EF7F0000256B0433
(3.904146) can0 178#1C800000369504ED
(3.904308) can0 17C#0000000032870465
(3.914227) can0 120#00000000000000C0
(3.914389) can0 174#EF7F0000236B052B
(3.914559) can0 178#2A800120349505D6
(3.924470) can0 17C#000000003D8705FE
(3.924638) can0 450#0000000000000000
(3.924761) can0 178#2A80022133950658
(3.924907) can0 17C#0000000042870617
(3.934726) can0 120#0000000000000020
(3.934889) can0 121#0000000000000020
(3.935051) can0 129#0000000000000020
(3.935213) can0 17C#0000000045870780
(3.944956) can0 290#0000000000000000
(3.945119) can0 12B#0000000000013F77
(3.945241) can0 174#00800000306B087B
(3.945387) can0 120#0000000000000040
(3.955199) can0 121#0000000000000040
(3.955361) can0 129#0000000000000040
(3.955567) can0 174#FD7F0000366B0925
(3.965442) can0 178#D67F0512369509AF
(3.965616) can0 290#0020000000000000
(3.965779) can0 12B#0000000000013F77
(3.965900) can0 12A#1228012000000000
(3.966006) can0 550#1000000000000050
(3.975684) can0 174#F57F0000366B0AD0
(3.975849) can0 120#0000000000000060
(3.976011) can0 121#0000000000000060
(3.985927) can0 129#0000000000000060
(3.986090) can0 540#02000000100000EF
(3.986212) can0 290#0040000000000000
(3.986360) can0 12B#0000000000013F77
(3.986489) can0 541#0280000000000000
(3.986596) can0 120#0000000000000080
(3.996184) can0 121#0000000000000080
(3.996346) can0 290#0010000000000000
(3.996518) can0 12B#0000000000013F77
(3.996644) can0 174#EF7F0000366B0E75
(3.996792) can0 178#0880000041950E2D
(4.006413) can0 17C#0000000037870E3E
(4.006581) can0 120#00000000000000A0
(4.006742) can0 121#00000000000000A0
(4.016656) can0 129#00000000000000A0
(4.016819) can0 12B#0000000000013F77
(4.016940) can0 290#0010000000000000
(4.017046) can0 12B#0000000000013F77
(4.017151) can0 174#F87F00002D6B007C
(4.017297) can0 120#00000000000000C0
(4.026900) can0 121#00000000000000C0
(4.027062) can0 129#00000000000000C0
(4.027224) can0 290#0030000000000000
(4.037142) can0 12B#0000000000013F77
(4.037263) can0 174#EC7F00002B6B0293
(4.037409) can0 120#0000000000000020
(4.037578) can0 121#0000000000000020
(4.047399) can0 129#0000000000000020
(4.047568) can0 12B#0000000000013F77
(4.047698) can0 290#0000000000000000
(4.047848) can0 12B#0000000000013F77
(4.047975) can0 12A#1228012000000000
(4.048080) can0 129#0000000000000040
(4.048233) can0 12B#0000000000012F77
(4.057628) can0 290#0010000000000000
(4.057799) can0 128#1388030000EC7862
(4.057967) can0 290#0020000000000000
(4.067873) can0 12B#0000000000013F77
(4.068042) can0 174#F57F0000396B06CA
(4.068211) can0 290#0000000000000000
(4.078114) can0 128#1388030000EC7882
(4.078283) can0 12E#0000000000000080
(4.078445) can0 174#F57F0000396B07D7
(4.088357) can0 174#F57F0000366B08EA
(4.088527) can0 178#228004203F9508DA
(4.088688) can0 17C#000000005C8708A0
(4.098613) can0 120#0000000000000080
(4.098775) can0 121#0000000000000080
(4.098937) can0 12E#00000000000000A0
(4.099099) can0 12A#1228012000000000
(4.099220) can0 12C#0000000000000000
(4.099326) can0 174#F57F0000366B0AD0
(4.108845) can0 178#2780063245950A45
(4.109007) can0 17C#0000000038870ACC
(4.109170) can0 120#00000000000000A0
(4.119122) can0 174#F57F0000316B0B47
(4.119296) can0 178#118007214C950B2B
(4.119457) can0 17C#0000000032870BDE
(4.129329) can0 174#F27F0000306B0C15
(4.129502) can0 178#038008274C950C6E
(4.129664) can0 17C#000000003C870C84
(4.139573) can0 174#EF7F00002A6B0D40
(4.139735) can0 178#008000004D950DD2
(4.139897) can0 17C#000000004D870D5E
(4.149823) can0 290#0020000000000000
(4.149993) can0 550#10000000000000D0
(4.150156) can0 174#EA7F0000206B0E5C
(4.150317) can0 178#0080012048950E5C
(4.160074) can0 17C#0000000061870E43
(4.160236) can0 174#EA7F00001D6B0FEC
(4.160398) can0 178#0680000041950F31
(4.170301) can0 17C#0000000066870FD4
(4.170463) can0 174#EF7F0000236B0042
(4.170633) can0 178#118001123C950018
(4.180550) can0 17C#00000000518700CD
(4.180713) can0 174#EF7F00002D6B0156
(4.180881) can0 178#1180020F39950158
(4.190786) can0 17C#000000003287010C
(4.190949) can0 174#FA7F0000356B02E8
(4.191111) can0 178#0B8003023C950202
(4.201035) can0 17C#00000000238702BC
(4.201197) can0 120#0000000000000060
(4.201367) can0 300#0F00000000000000
(4.201506) can0 174#FD7F0000366B03F7
(4.211286) can0 178#0B8004053F95036C
(4.211449) can0 17C#00000000298703AE
(4.211623) can0 174#FA7F0000366B042A
(4.211785) can0 178#1480051245950426
(4.221522) can0 17C#00000000318704E9
(4.221685) can0 174#F87F0000386B0584
(4.221861) can0 178#1C800614429505B4
(4.231764) can0 17C#0000000038870577
(4.231926) can0 290#0030000000000000
(4.232096) can0 174#F57F0000366B064C
(4.242007) can0 178#1680072F3C950699
(4.242168) can0 17C#0000000048870618
(4.242337) can0 174#EF7F0000306B0785
(4.252244) can0 178#0B800802349507AE
(4.252407) can0 17C#000000005387079D
(4.252577) can0 174#EA7F0000336B0886
(4.262509) can0 178#0080090F2F95089D
(4.262671) can0 17C#000000004E8708BB
(4.262834) can0 450#0000000000000000
(4.262957) can0 174#E77F0000396B0972
(4.263103) can0 178#FD7F0A133195099E
(4.272730) can0 17C#000000003D870962
(4.272893) can0 540#02000000100000F0
(4.273056) can0 290#0020000000000000
(4.282973) can0 174#EA7F0000406B0A78
(4.283135) can0 178#F87F0B0334950A4B
(4.283297) can0 17C#0000000029870A5B
(4.293216) can0 541#0280000000000000
(4.293339) can0 174#F57F0000446B0B86
(4.293491) can0 178#FD7F0C083E950B40
(4.293653) can0 17C#0000000026870BC0
(4.303459) can0 290#0000000000000000
(4.303635) can0 174#F57F0000446B0CD5
(4.303797) can0 178#03800D2F4A950C28
(4.313715) can0 17C#0000000035870C07
(4.313914) can0 120#0000000000000040
(4.314088) can0 300#0F00000000000000
(4.314216) can0 174#F57F00003B6B0D06
(4.314364) can0 178#0E800E074C950DBE
(4.323945) can0 17C#0000000045870D52
(4.324111) can0 174#F57F0000306B0EA1
(4.324273) can0 178#19800F0D3E950E34
(4.334188) can0 17C#0000000045870E75
(4.334350) can0 120#0000000000000060
(4.334521) can0 174#F57F00002D6B0F21
(4.344431) can0 178#248000022F950F9A
(4.344598) can0 17C#0000000037870F23
(4.344760) can0 290#0010000000000000
(4.354674) can0 178#2A800108299500F4
(4.354837) can0 17C#0000000032870011
(4.355000) can0 120#0000000000000080
(4.364917) can0 17C#000000003C870105
(4.365079) can0 290#0020000000000000
(4.365243) can0 12B#0000000000013F77
(4.365364) can0 12A#1228012000000000
(4.365469) can0 550#1000000000000090
(4.375173) can0 450#0000000000000000
(4.375296) can0 120#00000000000000A0
(4.375442) can0 121#00000000000000A0
(4.375609) can0 540#02000000100000F0
(4.375732) can0 290#0020000000000000
(4.375839) can0 12B#0000000000013F77
(4.375944) can0 174#F27F0000316B0472
(4.376090) can0 541#0280000000000000
(4.376213) can0 120#00000000000000C0
(4.385403) can0 121#00000000000000C0
(4.385573) can0 290#0010000000000000
(4.385736) can0 12B#0000000000013F77
(4.385858) can0 174#EF7F00003B6B0618
(4.395646) can0 120#0000000000000020
(4.395808) can0 121#0000000000000020
(4.395970) can0 129#0000000000000020
(4.405891) can0 12B#0000000000013F77
(4.406013) can0 290#0020000000000000
(4.406160) can0 12B#0000000000013F77
(4.406282) can0 174#F27F0000416B08A6
(4.406428) can0 120#0000000000000040
(4.416131) can0 121#0000000000000040
(4.416294) can0 129#0000000000000040
(4.416456) can0 12B#0000000000013F77
(4.416584) can0 290#0010000000000000
(4.426388) can0 12B#0000000000013F77
(4.426518) can0 174#EF7F0000406B0A4C
(4.426664) can0 120#0000000000000060
(4.426831) can0 121#0000000000000060
(4.426993) can0 129#0000000000000060
(4.436617) can0 290#0020000000000000
(4.436781) can0 12B#0000000000013F77
(4.436902) can0 12A#1228012000000000
(4.437007) can0 120#0000000000000080
(4.437154) can0 121#0000000000000080
(4.446862) can0 129#0000000000000080
(4.447024) can0 290#0010000000000000
(4.447194) can0 12B#0000000000013F77
(4.447316) can0 174#F57F0000286B0EB5
(4.457103) can0 178#FD7F000033950EF2
(4.457265) can0 17C#0000000031870E3B
(4.457428) can0 129#00000000000000A0
(4.467346) can0 12B#0000000000013F77
(4.467518) can0 290#0010000000000000
(4.467632) can0 290#0000000000000000
(4.467808) can0 12B#0000000000013F77
(4.467937) can0 174#FA7F0000316B00D4
(4.468084) can0 290#0020000000000000
(4.477603) can0 128#1388030000EC7822
(4.477772) can0 12E#0000000000000020
(4.477943) can0 12A#1228012000000000
(4.478064) can0 12B#0000000000013F77
(4.478178) can0 174#F57F0000406B0275
(4.478324) can0 178#E47F0222399502EE
(4.487834) can0 12E#0000000000000040
(4.488004) can0 174#F57F0000436B03E4
(4.488174) can0 178#FA7F0326369503E9
(4.498075) can0 17C#0000000056870360
(4.498244) can0 290#0010000000000000
(4.498408) can0 174#FA7F00003E6B0426
(4.508318) can0 178#0E8004253C9504CD
(4.508488) can0 17C#000000005E87043F
(4.508659) can0 120#0000000000000040
(4.518562) can0 174#FA7F00003B6B05B2
(4.518724) can0 178#1F80052047950545
(4.518893) can0 17C#0000000064870505
(4.528814) can0 550#1000000000000050
(4.528980) can0 174#FA7F0000406B065D
(4.529142) can0 178#2780062145950646
(4.529312) can0 17C#000000006C87062E
(4.539063) can0 174#FA7F0000406B0740
(4.539225) can0 178#27800721369507F5
(4.539387) can0 17C#00000000778707AB
(4.549290) can0 540#02000000100000F0
(4.549412) can0 174#F57F00003C6B08E5
(4.549567) can0 178#1C8008202B9508D1
(4.549728) can0 17C#000000007A870895
(4.559534) can0 541#0280000000000000
(4.559657) can0 174#EF7F0000386B092F
(4.559803) can0 178#1C800925269509F0
(4.559965) can0 17C#000000006C870995
(4.569776) can0 290#0030000000000000
(4.569939) can0 12B#0000000000013F77
(4.570067) can0 174#EA7F0000316B0ABF
(4.570213) can0 178#22800A2929950AEA
(4.580019) can0 17C#0000000058870A9C
(4.580181) can0 120#00000000000000A0
(4.580343) can0 300#0F00000000000000
(4.580466) can0 174#E47F00002E6B0B3D
(4.590275) can0 178#228000002C950B96
(4.590438) can0 174#EA7F0000306B0C7E
(4.590608) can0 178#1C8001202B950CB8
(4.590770) can0 17C#0000000035870C07
(4.600512) can0 174#F27F0000366B0D0D
(4.600682) can0 178#0E8000002E950D0F
(4.600848) can0 17C#0000000029870D08
(4.610748) can0 290#0030000000000000
(4.610870) can0 174#F27F0000356B0EA6
(4.611023) can0 178#0680012036950ECE
(4.611185) can0 17C#0000000026870EA9
(4.620996) can0 120#0000000000000020
(4.621158) can0 174#EC7F00002B6B0F12
(4.621327) can0 178#0880022142950FBF
(4.631233) can0 17C#000000002F870F37
(4.631396) can0 290#0010000000000000
(4.631573) can0 174#EA7F0000206B00FA
(4.641500) can0 178#118003244C950082
(4.641708) can0 17C#000000003C870018
(4.641887) can0 174#EA7F00001F6B0149
(4.642060) can0 178#2280042F4D95010C
(4.651726) can0 17C#000000004887014B
(4.651890) can0 540#02000000100000F0
(4.652019) can0 290#0010000000000000
(4.652125) can0 174#E77F00002A6B0229
(4.652271) can0 178#2D80051247950232
(4.661968) can0 17C#00000000458702E9
(4.662130) can0 174#E77F0000356B03AA
(4.662299) can0 178#27800624419503FA
(4.672205) can0 17C#00000000358703BC
(4.672368) can0 290#0020000000000000
(4.672540) can0 12B#0000000000013F77
(4.672661) can0 174#EA7F00003C6B049C
(4.682448) can0 178#168007264195046F
(4.682616) can0 17C#00000000298704FD
(4.682778) can0 120#0000001000000090
(4.692705) can0 121#0000000000000080
(4.692835) can0 129#0000000000000080
(4.692984) can0 300#0F00000000000000
(4.693107) can0 174#EF7F0000436B057B
(4.693253) can0 178#FA7F0820419505C5
(4.693415) can0 174#EF7F0000436B065C
(4.702939) can0 178#DE7F09254195065D
(4.703101) can0 17C#00000000378706D6
(4.703264) can0 120#00000010000000B0
(4.713177) can0 121#00000000000000A0
(4.713339) can0 129#00000000000000A0
(4.713508) can0 174#F27F0000406B0792
(4.723420) can0 178#DE7F00003F950785
(4.723590) can0 17C#000000003887074D
(4.723752) can0 174#F57F0000366B08EA
(4.733663) can0 178#F57F01253C95081B
(4.733828) can0 17C#00000000428708B1
(4.733991) can0 120#00000010000000D0
(4.743906) can0 174#F57F00002A6B09E5
(4.744068) can0 178#0B8002393A9509EB
(4.744230) can0 17C#000000005387093B
(4.754162) can0 290#0020000000000000
(4.754285) can0 12B#0000000000013F77
(4.754391) can0 12A#1228012000000000
(4.754501) can0 550#10000000000000D0
(4.754649) can0 174#FA7F0000226B0A92
(4.754812) can0 178#168003213F950AC9
(4.754973) can0 17C#0000000059870A13
(4.764392) can0 178#0E80042044950BE1
(4.764569) can0 17C#0000000058870B81
(4.764732) can0 540#02000000100000F0
(4.764855) can0 17C#0000000055870C57
(4.774635) can0 541#0280000000000000
(4.774758) can0 120#0000001000000050
(4.774904) can0 290#0020000000000000
(4.775026) can0 12B#0000000000013F77
(4.775132) can0 174#EC7F0000306B0E97
(4.775278) can0 120#0000001000000070
(4.784880) can0 121#0000000000000060
(4.785042) can0 129#0000000000000060
(4.785204) can0 12B#0000000000013F77
(4.785326) can0 290#0010000000000000
(4.795121) can0 128#1388030000EC7882
(4.795282) can0 290#0040000000000000
(4.795445) can0 12B#0000000000013F77
(4.795575) can0 174#F57F0000256B0096
(4.805413) can0 120#0000001000000090
(4.805595) can0 121#0000000000000080
(4.805757) can0 129#0000000000000080
(4.805920) can0 290#0030000000000000
(4.815607) can0 12B#0000000000013F77
(4.815732) can0 174#EF7F0000406B02A4
(4.815879) can0 120#00000010000000B0
(4.816040) can0 121#00000000000000A0
(4.825852) can0 129#00000000000000A0
(4.826014) can0 290#0020000000000000
(4.826177) can0 12B#0000000000013F77
(4.826303) can0 12A#1228012000000000
(4.826416) can0 550#1000000000000050
(4.836093) can0 120#00000010000000D0
(4.836254) can0 121#00000000000000C0
(4.836416) can0 129#00000000000000C0
(4.846335) can0 290#0020000000000000
(4.846458) can0 12B#0000000000013F77
(4.846572) can0 174#EF7F00002A6B068F
(4.846718) can0 120#0000001000000030
(4.846880) can0 121#0000000000000020
(4.856592) can0 129#0000000000000020
(4.856755) can0 290#0030000000000000
(4.856918) can0 12B#0000000000013F77
(4.857040) can0 174#EA7F0000306B080A
(4.857186) can0 129#0000000000000040
(4.866822) can0 12B#0000000000013F77
(4.866944) can0 290#0020000000000000
(4.867092) can0 128#1388030000EC7862
(4.867253) can0 290#0040000000000000
(4.877064) can0 12B#0000000000013F77
(4.877186) can0 174#EA7F0000366B0A35
(4.877332) can0 178#1C80020F41950A35
(4.877502) can0 290#0020000000000000
(4.887307) can0 128#1388030000EC7882
(4.887469) can0 12E#0000000000000080
(4.887638) can0 174#EC7F0000386B0CA1
(4.897552) can0 178#1180040534950C86
(4.897722) can0 17C#0000000051870C51
(4.897891) can0 12E#00000000000000A0
(4.907796) can0 174#F57F00003B6B0D06
(4.907973) can0 178#1180051236950D23
(4.908142) can0 550#1000000000000090
(4.908304) can0 174#FA7F0000396B0E7E
(4.918052) can0 178#168006143A950E57
(4.918222) can0 174#FD7F0000336B0FE2
(4.918384) can0 178#1980072F3E950F33
(4.928279) can0 17C#000000002F870F37
(4.928442) can0 540#02000000100000F0
(4.928570) can0 290#0020000000000000
(4.928676) can0 174#F57F00002D6B009A
(4.928828) can0 178#1680080245950065
(4.938523) can0 17C#000000003187009D
(4.938686) can0 174#EF7F00002D6B0156
(4.938851) can0 178#0E80090F4D95013A
(4.948765) can0 17C#0000000038870103
(4.948928) can0 174#EA7F0000386B02D4
(4.949090) can0 178#06800A134F950285
(4.959008) can0 17C#0000000042870263
(4.959171) can0 120#0000001000000030
(4.959292) can0 550#10000000000000B0
(4.959439) can0 300#0F00000000000000
(4.959570) can0 174#EC7F0000406B035E
(4.969264) can0 174#EF7F0000446B04EC
(4.969462) can0 178#0B800C0855950458
(4.969641) can0 17C#000000003887046A
(4.969804) can0 120#0000001000000050
(4.979500) can0 121#0000000000000040
(4.979666) can0 174#EF7F0000406B05F7
(4.979836) can0 178#00800D2F559505A4
(4.989737) can0 17C#0000000026870566
(4.989900) can0 174#EF7F00003B6B0618
(4.990062) can0 178#FA7F0E07509506AA
(4.999980) can0 17C#000000001F8706EA
(5.000142) can0 174#EF7F00003C6B078F
(5.000302) can0 178#FD7F0F0D45950779
(5.010223) can0 17C#00000000298707DA
(5.010385) can0 174#EF7F0000396B08BD
(5.010554) can0 178#FD7F000239950894
(5.020487) can0 17C#000000004587083B
(5.020657) can0 174#FA7F0000336B0922
(5.020819) can0 178#FD7F0108349509DD
(5.020989) can0 17C#000000005E8709BE
(5.030709) can0 540#02000000100000F0
(5.030831) can0 290#0000000000000000
(5.030979) can0 174#008000002B6B0AD9
(5.031140) can0 178#F87F000033950AB2
(5.040957) can0 17C#0000000064870ABE
(5.041119) can0 541#0280000000000000
(5.041248) can0 120#00000010000000B0
(5.041402) can0 121#00000000000000A0
(5.051195) can0 129#00000000000000A0
(5.051357) can0 12B#0000000000013F77
(5.051493) can0 290#0020000000000000
(5.051640) can0 174#FA7F0000236B0B00
(5.061443) can0 178#FD7F012834950BAD
(5.061609) can0 17C#0000000066870BA0
(5.061784) can0 290#0010000000000000
(5.071694) can0 174#F87F0000226B0C66
(5.071865) can0 178#038002203E950C72
(5.072027) can0 17C#0000000067870C7C
(5.072189) can0 300#0F00000000000000
(5.072311) can0 174#F57F0000276B0D14
(5.081923) can0 178#1180032147950D50
(5.082091) can0 17C#0000000064870DED
(5.082260) can0 450#0000000000000000
(5.082383) can0 174#F57F0000356B0E28
(5.092166) can0 178#1C80042348950E3B
(5.092328) can0 17C#0000000056870EE1
(5.092496) can0 120#0000001000000030
(5.102415) can0 174#F57F00003E6B0FB5
(5.102585) can0 178#1C8005234A950F4F
(5.102753) can0 17C#000000003F870F2F
(5.112652) can0 290#0000000000000000
(5.112816) can0 12B#0000000000013F77
(5.112937) can0 174#F57F00003C6B000D
(5.113084) can0 178#168006224D950035
(5.122897) can0 17C#000000002C870000
(5.123060) can0 120#0000001000000050
(5.123221) can0 121#0000000000000040
(5.133152) can0 174#F57F0000356B0193
(5.133314) can0 178#0E800724529501DE
(5.133482) can0 17C#000000002F870191
(5.133644) can0 290#0010000000000000
(5.143381) can0 174#F57F00002D6B02A0
(5.143558) can0 178#088008234F95023F
(5.143737) can0 17C#000000003A870227
(5.153624) can0 174#F57F00002A6B0337
(5.153822) can0 178#0B8009204195031C
(5.153996) can0 17C#000000004287037E
(5.163869) can0 540#02000000100000F0
(5.163996) can0 290#0020000000000000
(5.164143) can0 12B#0000000000013F78
(5.164305) can0 174#F57F00002B6B04EB
(5.174110) can0 178#11800A212F9504E4
(5.174272) can0 17C#000000003D8704E3
(5.174434) can0 541#0280000000000000
(5.174565) can0 120#0000001000000090
(5.184367) can0 121#0000000000000080
(5.184537) can0 178#11800B292B950509
(5.184699) can0 17C#0000000032870578
(5.184865) can0 290#0040000000000000
(5.194596) can0 17C#000000003487065A
(5.194758) can0 120#00000010000000B0
(5.194920) can0 121#00000000000000A0
(5.204841) can0 450#0000000000000000
(5.204964) can0 290#0010000000000000
(5.205111) can0 12B#0000000000013F77
(5.205273) can0 120#00000010000000D0
(5.215082) can0 121#00000000000000C0
(5.215244) can0 129#00000000000000C0
(5.215406) can0 290#0030000000000000
(5.225325) can0 12B#0000000000013F77
(5.225446) can0 174#EA7F00002A6B0A27
(5.225600) can0 178#0B80012042950A12
(5.225769) can0 120#0000001000000030
(5.235583) can0 121#0000000000000020
(5.235745) can0 129#0000000000000020
(5.235907) can0 290#0030000000000000
(5.236030) can0 12B#0000000000013F77
(5.236135) can0 12A#1228012000000000
(5.236241) can0 550#1000000000000090
(5.236388) can0 120#0000001000000050
(5.245812) can0 121#0000000000000040
(5.245974) can0 129#0000000000000040
(5.246136) can0 12B#0000000000013F77
(5.246258) can0 540#02000000100000F0
(5.246364) can0 290#0010000000000000
(5.256063) can0 12B#0000000000013F78
(5.256225) can0 174#F57F0000416B0E66
(5.256387) can0 541#0280000000000000
(5.256517) can0 120#0000001000000070
(5.266297) can0 121#0000000000000060
(5.266459) can0 129#0000000000000060
(5.266629) can0 290#0050000000000000
(5.276541) can0 12B#0000000000013F77
(5.276703) can0 174#EA7F00003C6B00E8
(5.276866) can0 178#FA7F072139950009
(5.286785) can0 120#0000001000000090
(5.286947) can0 121#0000000000000080
(5.287109) can0 129#0000000000000080
(5.287270) can0 290#0020000000000000
(5.297041) can0 12B#0000000000013F77
(5.297167) can0 174#EC7F0000316B0284
(5.297316) can0 178#EC7F092536950287
(5.297482) can0 129#00000000000000A0
(5.307268) can0 12B#0000000000013F77
(5.307398) can0 290#0020000000000000
(5.307512) can0 290#0030000000000000
(5.307668) can0 12B#0000000000013F77
(5.307789) can0 174#EF7F00003C6B04A8
(5.307943) can0 290#0020000000000000
(5.317555) can0 128#1388030000EC7822
(5.317748) can0 12E#0000000000000020
(5.317919) can0 174#EF7F00003B6B053F
(5.327754) can0 12A#1228012000000000
(5.327884) can0 550#10000000000000D0
(5.328031) can0 174#EA7F0000366B06A9
(5.328201) can0 178#FA7F0000479506DA
(5.337997) can0 17C#0000000042870617
(5.338168) can0 12E#0000000000000040
(5.338331) can0 174#E47F0000306B07B0
(5.348254) can0 178#0E800120509507BC
(5.348416) can0 174#E77F0000306B08EC
(5.348585) can0 178#168002215095084F
(5.348747) can0 17C#0000000051870825
(5.358491) can0 541#0280000000000000
(5.358622) can0 174#EF7F0000386B092F
(5.358768) can0 178#16800324429509F0
(5.358930) can0 17C#000000004B87092F
(5.368726) can0 174#F57F00003E6B0ADC
(5.368896) can0 178#1180042F36950A3A
(5.369058) can0 17C#0000000051870A1F
(5.378969) can0 120#0000001000000070
(5.379131) can0 121#0000000000000060
(5.379293) can0 129#0000000000000060
(5.389212) can0 550#1000000000000030
(5.389375) can0 300#0F00000000000000
(5.389506) can0 174#EF7F0000436B0BDD
(5.389652) can0 174#EF7F0000436B0C8E
(5.399469) can0 178#1680062426950C10
(5.399637) can0 17C#000000005B870C5E
(5.399800) can0 174#F27F00003E6B0D01
(5.399962) can0 178#1C80072626950D28
(5.409698) can0 17C#0000000059870D40
(5.409865) can0 174#F87F0000396B0EC4
(5.410027) can0 178#1F80082026950EFD
(5.419941) can0 17C#0000000055870E6D
(5.420104) can0 174#FA7F0000396B0F63
(5.420265) can0 178#1680092525950F5A
(5.430184) can0 17C#0000000045870F68
(5.430346) can0 174#F87F0000406B00A9
(5.430517) can0 178#16800000209500EC
(5.440427) can0 17C#000000003587009B
(5.440601) can0 450#0000000000000000
(5.440724) can0 120#00000010000000D0
(5.440877) can0 121#00000000000000C0
(5.450683) can0 129#00000000000000C0
(5.450848) can0 174#F57F0000436B01DE
(5.451020) can0 178#168001252395018E
(5.451196) can0 17C#000000002F870191
(5.460918) can0 540#02000000100000F1
(5.461089) can0 174#EF7F0000406B02A4
(5.461251) can0 178#168002392C950266
(5.471156) can0 17C#00000000358702A1
(5.471318) can0 541#0280000000000000
(5.471441) can0 120#0000001000000030
(5.471601) can0 121#0000000000000020
(5.481399) can0 174#EC7F0000396B0395
(5.481574) can0 178#11800321339503B8
(5.481744) can0 17C#000000003F8703B3
(5.491641) can0 290#0040000000000000
(5.491815) can0 174#EA7F0000396B0415
(5.491977) can0 178#0080042033950499
(5.501892) can0 17C#000000003887046A
(5.502055) can0 120#0000001000000050
(5.502269) can0 300#0F00000000000000
(5.502418) can0 174#EA7F0000416B054C
(5.512141) can0 178#F87F000033950509
(5.512303) can0 17C#000000002E87056A
(5.512466) can0 174#EF7F0000416B065F
(5.512633) can0 178#FA7F000033950694
(5.522370) can0 17C#000000003487065A
(5.522541) can0 120#0000001000000070
(5.522703) can0 174#F87F0000386B07BE
(5.532613) can0 178#0080012237950740
(5.532775) can0 17C#000000004287070A
(5.532938) can0 290#0010000000000000
(5.542858) can0 12B#0000000000013F77
(5.542985) can0 174#FA7F00002A6B08A4
(5.543133) can0 178#06800220379508B1
(5.543310) can0 17C#000000004387083E
(5.553099) can0 174#F57F0000206B09EA
(5.553261) can0 178#11800332339509F5
(5.553423) can0 17C#0000000043870923
(5.563356) can0 290#0010000000000000
(5.563486) can0 12B#0000000000013F77
(5.563592) can0 174#F27F00001F6B0AED
(5.563738) can0 178#1F8004202C950A44
(5.563900) can0 17C#0000000040870A88
(5.564063) can0 450#0000000000000000
(5.564186) can0 120#00000010000000B0
(5.573585) can0 174#EF7F0000256B0B88
(5.573747) can0 178#1F8005232F950B05
(5.573910) can0 17C#0000000037870B57
(5.583829) can0 540#02000000100000F1
(5.583952) can0 174#F57F00002B6B0C03
(5.584098) can0 178#1680063236950C44
(5.584260) can0 17C#0000000029870C15
(5.594071) can0 541#0280000000000000
(5.594194) can0 174#F87F0000316B0DEF
(5.594340) can0 178#0E8007213C950DC8
(5.594508) can0 17C#000000001F870D25
(5.604314) can0 174#F27F0000336B0EA3
(5.604482) can0 178#0680082742950E69
(5.604644) can0 17C#0000000029870E2F
(5.614572) can0 178#0680000047950F34
(5.614734) can0 17C#0000000032870FAA
(5.614897) can0 450#0000000000000000
(5.615020) can0 290#0030000000000000
(5.615174) can0 17C#000000002F87008C
(5.624800) can0 120#0000001000000050
(5.624962) can0 121#0000000000000040
(5.625124) can0 290#0020000000000000
(5.635043) can0 12B#0000000000013F77
(5.635164) can0 174#EF7F0000366B02E9
(5.635310) can0 178#0080011242950287
(5.635473) can0 17C#00000000478702EA
(5.645286) can0 120#0000001000000070
(5.645448) can0 121#0000000000000060
(5.645616) can0 129#0000000000000060
(5.655530) can0 290#0020000000000000
(5.655653) can0 12B#0000000000013F77
(5.655758) can0 12A#1228012000000000
(5.655864) can0 120#0000001000000090
(5.656010) can0 121#0000000000000080
(5.656172) can0 129#0000000000000080
(5.665774) can0 12B#0000000000013F77
(5.665896) can0 290#0010000000000000
(5.666043) can0 540#02000000100000F1
(5.666202) can0 290#0030000000000000
(5.666362) can0 12B#0000000000013F77
(5.666491) can0 174#FA7F0000336B0699
(5.666635) can0 541#0280000000000000
(5.666758) can0 120#00000010000000B0
(5.676031) can0 121#00000000000000A0
(5.676197) can0 290#0040000000000000
(5.676360) can0 12B#0000000000013F77
(5.676492) can0 174#EF7F0000356B08B7
(5.686258) can0 120#00000010000000D0
(5.686419) can0 121#00000000000000C0
(5.686589) can0 129#00000000000000C0
(5.696508) can0 290#0040000000000000
(5.696631) can0 12B#0000000000013F77
(5.696736) can0 174#008000003E6B0A48
(5.696883) can0 120#0000001000000030
(5.697045) can0 121#0000000000000020
(5.706744) can0 129#0000000000000020
(5.706906) can0 12B#0000000000014F77
(5.707068) can0 290#0020000000000000
(5.716987) can0 12B#0000000000013F77
(5.717149) can0 174#F57F0000366B0C9E
(5.717311) can0 178#F87F0B033C950C09
(5.727243) can0 129#0000000000000040
(5.727406) can0 12B#0000000000013F77
(5.727535) can0 290#0030000000000000
(5.727691) can0 128#1388030000EC7862
(5.727858) can0 290#0020000000000000
(5.737472) can0 12B#0000000000013F77
(5.737602) can0 12A#1228012000000000
(5.737714) can0 550#1000000000000050
(5.737865) can0 290#0030000000000000
(5.738037) can0 128#1388030000EC7882
(5.747721) can0 12E#0000000000000080
(5.747890) can0 12B#0000000000013F77
(5.748012) can0 174#F87F0000316B006E
(5.748173) can0 178#14800F0D399500FE
(5.757964) can0 17C#000000004B8700DA
(5.758134) can0 541#0280000000000000
(5.758257) can0 128#1388030000EC78A2
(5.758402) can0 12E#00000000000000A0
(5.768207) can0 174#FA7F0000366B0143
(5.768368) can0 178#1980000237950118
(5.768538) can0 174#00800000366B02AC
(5.778458) can0 178#168001083A950237
(5.778625) can0 17C#000000002F8702B6
(5.778787) can0 12C#0000000000000000
(5.778909) can0 5A0#00692000000000C9
(5.779057) can0 550#1000000000000070
(5.788687) can0 174#00800000396B0464
(5.788852) can0 178#148001283F950400
(5.789014) can0 17C#00000000298704FD
(5.798930) can0 120#00000010000000D0
(5.799092) can0 174#FA7F0000386B053E
(5.799254) can0 178#148002203E9505B0
(5.809173) can0 17C#00000000318705F4
(5.809336) can0 174#FA7F0000356B069C
(5.809506) can0 178#08800321399506E8
(5.819416) can0 17C#000000002E87064D
(5.819586) can0 120#0000001000000030
(5.819748) can0 174#F57F0000336B07D8
(5.829673) can0 178#008004233695078D
(5.829836) can0 17C#000000002687075C
(5.829998) can0 174#EF7F0000366B083B
(5.830216) can0 178#FD7F05233695081A
(5.839902) can0 17C#0000000019870849
(5.840069) can0 174#EF7F0000356B09AA
(5.840231) can0 178#008006223A950968
(5.850145) can0 17C#00000000168709D2
(5.850308) can0 540#02000000100000F1
(5.850430) can0 174#F57F0000336B0A59
(5.850580) can0 178#068007243A950A9F
(5.860388) can0 17C#0000000024870ADE
(5.860565) can0 541#0280000000000000
(5.860688) can0 174#FA7F0000366B0B91
(5.860842) can0 178#0880082339950B87
(5.870631) can0 17C#000000003C870BD7
(5.870793) can0 290#0010000000000000
(5.870957) can0 174#FA7F0000396B0C44
(5.880876) can0 178#0380092039950C31
(5.881046) can0 17C#0000000043870C4A
(5.881209) can0 300#0F00000000000000
(5.881338) can0 174#FA7F0000396B0D59
(5.891130) can0 178#F87F0A213F950D9F
(5.891292) can0 17C#0000000045870D52
(5.891455) can0 174#FA7F0000416B0E3A
(5.891628) can0 178#F87F0B2945950E09
(5.901365) can0 17C#0000000042870EFF
(5.901543) can0 174#FA7F0000446B0FAE
(5.901705) can0 178#0080000045950FE4
(5.911610) can0 17C#0000000042870FE2
(5.911773) can0 290#0010000000000000
(5.911903) can0 174#FA7F0000416B009C
(5.912056) can0 178#068000003F9500CB
(5.921852) can0 17C#0000000042870059
(5.922023) can0 120#00000010000000D0
(5.922185) can0 121#00000000000000C0
(5.932089) can0 129#00000000000000C0
(5.932251) can0 12B#0000000000013F77
(5.932372) can0 174#FA7F0000396B01C5
(5.932527) can0 178#0B8000FF36950115
(5.942345) can0 17C#000000004B8701C7
(5.942512) can0 290#0010000000000000
(5.942635) can0 12B#0000000000014F77
(5.942781) can0 174#F87F0000316B0254
(5.942943) can0 178#0E8000002C9502B7
(5.952579) can0 17C#000000005C870272
(5.952742) can0 450#0000000000000000
(5.952865) can0 174#F57F00002E6B0331
(5.953011) can0 178#0680012026950357
(5.962823) can0 17C#00000000678703C7
(5.962986) can0 174#F57F00002D6B04EE
(5.963148) can0 178#FD7F02222C950407
(5.973060) can0 17C#000000005B8704B6
(5.973223) can0 174#FA7F00002A6B0525
(5.973385) can0 178#EC7F0326369505CD
(5.983303) can0 17C#00000000458705BA
(5.983466) can0 290#0020000000000000
(5.983634) can0 174#00800000286B06C9
(5.993561) can0 178#DE7F0425419506F5
(5.993723) can0 17C#000000003C870656
(5.993893) can0 120#0000001000000070
(5.994055) can0 300#0F00000000000000
(5.994178) can0 174#FD7F0000286B0792
(6.003789) can0 178#E47F05204895076C
(6.003950) can0 17C#000000004A870706
(6.004111) can0 450#0000000000000000
(6.004233) can0 290#0030000000000000
(6.014068) can0 174#F57F00002A6B08F8
(6.014242) can0 178#F87F06214A9508F5
(6.014403) can0 17C#0000000060870882
(6.024275) can0 178#0380072147950992
(6.024441) can0 17C#000000007787090D
(6.024610) can0 290#0040000000000000
(6.034519) can0 12B#0000000000014F77
(6.034641) can0 17C#0000000085870AA1
(6.034787) can0 120#00000010000000B0
(6.034948) can0 121#00000000000000A0
(6.044764) can0 290#0030000000000000
(6.044927) can0 12B#0000000000013F77
(6.045089) can0 12A#1228012000000000
(6.045209) can0 550#1000000000000050
(6.045355) can0 450#0000000000000000
(6.045482) can0 120#00000010000000D0
(6.055020) can0 121#00000000000000C0
(6.055182) can0 129#00000000000000C0
(6.055303) can0 540#02000000100000F1
(6.055409) can0 290#0050000000000000
(6.055564) can0 12B#0000000000013F77
(6.055690) can0 541#0280000000000000
(6.055799) can0 120#0000001000000030
(6.065247) can0 121#0000000000000020
(6.065409) can0 290#0010000000000000
(6.065579) can0 12B#0000000000013F77
(6.065700) can0 174#FA7F0000406B0013
(6.075498) can0 178#068001203F9500EB
(6.075660) can0 120#0000001000000050
(6.075822) can0 121#0000000000000040
(6.085733) can0 129#0000000000000040
(6.085895) can0 12B#0000000000013F78
(6.086057) can0 290#0040000000000000
(6.095976) can0 12B#0000000000014F77
(6.096138) can0 174#FA7F0000396B02E2
(6.096299) can0 120#0000001000000070
(6.106232) can0 121#0000000000000060
(6.106394) can0 129#0000000000000060
(6.106565) can0 290#0020000000000000
(6.106728) can0 12B#0000000000013F77
(6.116462) can0 174#EF7F0000336B042E
(6.116629) can0 120#0000001000000090
(6.116790) can0 121#0000000000000080
(6.126705) can0 129#0000000000000080
(6.126868) can0 12B#0000000000014F77
(6.127030) can0 290#0010000000000000
(6.136948) can0 12B#0000000000013F77
(6.137110) can0 12A#1228012000000000
(6.137231) can0 550#1000000000000090
(6.137385) can0 129#00000000000000A0
(6.147191) can0 290#0010000000000000
(6.147313) can0 12B#0000000000014F77
(6.147459) can0 290#0020000000000000
(6.147636) can0 12B#0000000000013F77
(6.157447) can0 174#FD7F0000406B0875
(6.157616) can0 178#0B8009253F950841
(6.157784) can0 12B#0000000000013F78
(6.157955) can0 290#0030000000000000
(6.167682) can0 128#1388030000EC7822
(6.167845) can0 12B#0000000000014F77
(6.168016) can0 174#F87F0000306B0A33
(6.177925) can0 178#FA7F012539950AF4
(6.178086) can0 12E#0000000000000040
(6.178257) can0 12A#1228012000000000
(6.178414) can0 12C#0000000000000000
(6.178536) can0 5A0#0069200000000089
(6.188168) can0 174#EC7F00003C6B0CA7
(6.188334) can0 178#038003212F950C12
(6.188504) can0 17C#0000000045870C4F
(6.198405) can0 120#0000001000000050
(6.198575) can0 174#EA7F0000406B0D2B
(6.198737) can0 178#088004202F950DAC
(6.208662) can0 17C#0000000050870DC3
(6.208828) can0 174#EA7F00003B6B0EC4
(6.208990) can0 178#0B8000002E950E1C
(6.209152) can0 17C#0000000059870E67
(6.218894) can0 174#E47F0000366B0F5D
(6.219056) can0 178#0680000029950F6D
(6.219225) can0 17C#0000000058870FF5
(6.229134) can0 290#0030000000000000
(6.229257) can0 550#10000000000000D0
(6.229404) can0 174#E47F0000336B006F
(6.229574) can0 178#F57F01222C95001F
(6.239377) can0 174#EA7F0000306B01FF
(6.239547) can0 178#E17F0220399501DA
(6.239708) can0 17C#000000003C870105
(6.249620) can0 540#02000000100000F1
(6.249743) can0 290#0010000000000000
(6.249890) can0 12B#0000000000013F77
(6.250053) can0 174#F57F00002D6B02A0
(6.259865) can0 178#DE7F0332449502D2
(6.260026) can0 17C#000000003287022B
(6.260189) can0 541#0280000000000000
(6.260312) can0 174#F87F00002D6B035B
(6.270120) can0 178#E47F04204A950371
(6.270281) can0 17C#00000000358703BC
(6.270444) can0 290#0030000000000000
(6.270615) can0 174#FA7F0000306B042F
(6.280349) can0 178#F27F05234895049B
(6.280527) can0 17C#000000004287042D
(6.280690) can0 120#00000010000000D0
(6.290592) can0 300#0F00000000000000
(6.290715) can0 174#00800000356B0573
(6.290865) can0 178#0680063244950543
(6.291027) can0 174#FA7F0000366B0610
(6.300845) can0 178#1C80072142950645
(6.301022) can0 17C#000000004587069D
(6.301184) can0 120#0000001000000030
(6.311078) can0 121#0000000000000020
(6.311240) can0 174#F87F0000366B07B7
(6.311402) can0 178#2780082741950722
(6.321340) can0 17C#000000002F8707DF
(6.321516) can0 174#F57F0000336B0863
(6.321678) can0 178#278000003F950811
(6.321849) can0 17C#0000000027870868
(6.331565) can0 120#0000001000000050
(6.331733) can0 174#F87F00002E6B0905
(6.331896) can0 178#228001203995091D
(6.341813) can0 17C#00000000328709E4
(6.341984) can0 174#F87F00002D6B0AAE
(6.342146) can0 178#168000002F950AB8
(6.352055) can0 17C#000000004A870A87
(6.352217) can0 450#0000000000000000
(6.352340) can0 120#0000001000000070
(6.352491) can0 121#0000000000000060
(6.362293) can0 174#EF7F00002D6B0B84
(6.362454) can0 178#008001122C950B2B
(6.362624) can0 17C#000000005B870B0D
(6.372586) can0 540#02000000100000F1
(6.372717) can0 290#0040000000000000
(6.372869) can0 12B#0000000000013F77
(6.372990) can0 174#EA7F00002E6B0C6F
(6.373137) can0 178#FA7F020F33950CFA
(6.373299) can0 17C#0000000058870CD2
(6.382779) can0 541#0280000000000000
(6.382905) can0 120#0000001000000090
(6.383051) can0 121#0000000000000080
(6.383213) can0 174#E47F00002E6B0D73
(6.393021) can0 178#0880030236950D51
(6.393184) can0 17C#0000000047870D51
(6.393346) can0 174#E77F00002B6B0E3A
(6.403273) can0 178#148004053C950E84
(6.403435) can0 17C#000000003C870EBE
(6.403614) can0 120#00000010000000B0
(6.413515) can0 121#00000000000000A0
(6.413677) can0 300#0F00000000000000
(6.413800) can0 174#EC7F00002A6B0F9D
(6.413946) can0 178#0880051241950FED
(6.423753) can0 174#EF7F00002A6B00C1
(6.423915) can0 178#008006143F950012
(6.424077) can0 17C#0000000037870098
(6.424238) can0 174#EF7F0000256B015A
(6.434009) can0 178#FD7F072F37950166
(6.434171) can0 17C#000000003C870105
(6.434334) can0 290#0020000000000000
(6.444236) can0 12B#0000000000014F77
(6.444399) can0 174#EF7F0000276B027E
(6.444568) can0 178#FA7F08022B9502A4
(6.454487) can0 17C#000000003A870227
(6.454650) can0 120#0000001000000030
(6.454812) can0 121#0000000000000020
(6.464722) can0 178#FA7F090F25950395
(6.464891) can0 17C#00000000298703AE
(6.465070) can0 290#0010000000000000
(6.474965) can0 12B#0000000000014F77
(6.475087) can0 17C#000000001E87045F
(6.475233) can0 450#0000000000000000
(6.475356) can0 120#0000001000000050
(6.475508) can0 121#0000000000000040
(6.485222) can0 540#02000000100000F1
(6.485344) can0 290#0020000000000000
(6.485496) can0 12B#0000000000013F77
(6.485659) can0 541#0280000000000000
(6.485782) can0 120#0000001000000070
(6.485927) can0 121#0000000000000060
(6.495451) can0 129#0000000000000060
(6.495620) can0 12B#0000000000014F77
(6.495782) can0 290#0030000000000000
(6.505694) can0 12B#0000000000013F77
(6.505861) can0 174#EF7F0000386B0832
(6.506023) can0 120#0000001000000090
(6.515937) can0 121#0000000000000080
(6.516099) can0 129#0000000000000080
(6.516261) can0 290#0010000000000000
(6.526180) can0 12B#0000000000014F77
(6.526342) can0 174#FA7F0000306B0A89
(6.526512) can0 120#00000010000000B0
(6.536436) can0 121#00000000000000A0
(6.536607) can0 129#00000000000000A0
(6.536769) can0 290#0010000000000000
(6.536891) can0 12B#0000000000014F77
(6.536997) can0 174#00800000236B0C9B
(6.537197) can0 178#F87F000042950C3B
(6.546666) can0 120#00000010000000D0
(6.546832) can0 121#00000000000000C0
(6.546994) can0 129#00000000000000C0
(6.556909) can0 290#0020000000000000
(6.557072) can0 12B#0000000000013F77
(6.557234) can0 12A#1228012000000000
(6.557355) can0 550#10000000000000D0
(6.557462) can0 120#0000001000000030
(6.567152) can0 121#0000000000000020
(6.567314) can0 129#0000000000000020
(6.567482) can0 290#0020000000000000
(6.567604) can0 290#0010000000000000
(6.577395) can0 12B#0000000000013F77
(6.577524) can0 174#FA7F0000186B0067
(6.577678) can0 121#0000000000000040
(6.577843) can0 129#0000000000000040
(6.587657) can0 12B#0000000000014F77
(6.587820) can0 290#0040000000000000
(6.587990) can0 290#0010000000000000
(6.588162) can0 12B#0000000000014F77
(6.588284) can0 174#F87F0000236B024F
(6.597888) can0 178#F87F06223E9502D3
(6.598050) can0 290#0000000000000000
(6.598220) can0 128#1388030000EC7882
(6.608129) can0 12E#0000000000000080
(6.608292) can0 12B#0000000000014F77
(6.608414) can0 174#EA7F0000396B0415
(6.608581) can0 178#FD7F0823479504E9
(6.618366) can0 17C#000000004A870421
(6.618537) can0 12E#00000000000000A0
(6.618700) can0 174#EA7F0000416B054C
(6.628609) can0 178#0B80092041950552
(6.628771) can0 174#F27F0000406B068F
(6.628933) can0 178#0B800A213795061B
(6.638854) can0 17C#000000002F8706C2
(6.639017) can0 120#00000010000000B0
(6.639179) can0 174#FA7F0000366B070D
(6.649109) can0 178#03800B29369507AD
(6.649271) can0 17C#000000001B8707F1
(6.649434) can0 290#0010000000000000
(6.649605) can0 12B#0000000000013F77
(6.659338) can0 550#1000000000000050
(6.659508) can0 174#F57F0000336B0863
(6.659670) can0 178#008000003A950879
(6.669581) can0 17C#00000000168708CF
(6.669752) can0 174#EC7F0000306B09C4
(6.669914) can0 178#0B8000003A950951
(6.679825) can0 17C#000000001B870957
(6.679988) can0 174#EA7F0000306B0A30
(6.680149) can0 178#168000FF39950A03
(6.690067) can0 17C#0000000024870ADE
(6.690230) can0 174#EF7F0000336B0B95
(6.690392) can0 178#0E80000036950B55
(6.700324) can0 17C#0000000029870B46
(6.700500) can0 174#F87F0000306B0C7D
(6.700663) can0 178#0380012031950C4A
(6.700840) can0 17C#000000002C870C9C
(6.710554) can0 120#0000001000000050
(6.710716) can0 121#0000000000000040
(6.710838) can0 300#0F00000000000000
(6.710945) can0 174#F87F0000306B0D60
(6.711091) can0 178#FD7F022231950D6F
(6.720801) can0 17C#0000000032870D90
(6.721006) can0 174#F57F0000336B0E2D
(6.721180) can0 178#FA7F032637950EE7
(6.731039) can0 17C#000000002E870EA5
(6.731202) can0 174#F57F0000396B0F3F
(6.731364) can0 178#FD7F04253E950F46
(6.741287) can0 17C#0000000023870F3D
(6.741458) can0 174#F57F0000396B0084
(6.741624) can0 178#0B8005203E950037
(6.751545) can0 17C#000000001C870028
(6.751714) can0 120#0000001000000090
(6.751876) can0 174#F87F0000366B01F9
(6.752047) can0 178#118006213E9501D8
(6.761768) can0 17C#000000001B8701BF
(6.761938) can0 290#0000000000000000
(6.762109) can0 12B#0000000000014F77
(6.772011) can0 12A#1228012000000000
(6.772132) can0 174#FA7F0000396B02E2
(6.772278) can0 178#11800721429502D7
(6.772440) can0 17C#00000000238702BC
(6.782259) can0 450#0000000000000000
(6.782382) can0 120#00000010000000B0
(6.782543) can0 121#00000000000000A0
(6.782705) can0 129#00000000000000A0
(6.792504) can0 174#FA7F0000366B0379
(6.792666) can0 178#088008204A950311
(6.792830) can0 17C#00000000358703BC
(6.802748) can0 540#02000000100000F1
(6.802870) can0 174#F57F0000366B0476
(6.803017) can0 178#0B8009254D950496
(6.803179) can0 17C#000000004D8704AB
(6.803340) can0 174#F27F00003C6B05EA
(6.812998) can0 178#14800A2944950581
(6.813160) can0 17C#000000005687052E
(6.813323) can0 174#EF7F00003C6B0692
(6.823225) can0 178#148000003795068A
(6.823388) can0 17C#000000004787069E
(6.823558) can0 300#0F00000000000000
(6.823681) can0 174#F27F0000386B07D6
(6.833468) can0 178#0B800120349507DE
(6.833638) can0 17C#000000003C87074B
(6.833800) can0 174#F87F0000316B0886
(6.843711) can0 178#0E8000003A950878
(6.843874) can0 17C#0000000037870870
(6.844037) can0 174#FA7F00002B6B0936
(6.853954) can0 178#14800120429509D0
(6.854116) can0 17C#00000000328709E4
(6.854279) can0 174#F57F0000286B0AC1
(6.864211) can0 178#1680022145950AE4
(6.864373) can0 17C#000000002E870AD1
(6.864553) can0 120#0000001000000070
(6.864715) can0 174#F57F0000286B0BDC
(6.874440) can0 178#1680032442950BCA
(6.874609) can0 17C#0000000029870B46
(6.874772) can0 290#0040000000000000
(6.884683) can0 174#F87F00002D6B0CE0
(6.884848) can0 178#1F80042F3C950C7A
(6.885010) can0 17C#000000002A870C99
(6.894926) can0 450#0000000000000000
(6.895049) can0 178#2280051233950D9B
(6.895195) can0 17C#0000000038870D9F
(6.895358) can0 540#02000000100000F1
(6.895488) can0 17C#0000000043870E70
(6.905169) can0 541#0280000000000000
(6.905292) can0 120#00000010000000B0
(6.905482) can0 121#00000000000000A0
(6.905611) can0 129#00000000000000A0
(6.905717) can0 290#0010000000000000
(6.905869) can0 12B#0000000000014F77
(6.905991) can0 174#F27F0000286B009D
(6.915426) can0 120#00000010000000D0
(6.915597) can0 121#00000000000000C0
(6.915759) can0 129#00000000000000C0
(6.915922) can0 290#0020000000000000
(6.925655) can0 12B#0000000000014F77
(6.925776) can0 174#EF7F0000206B02F4
(6.925923) can0 178#168000002E9502DF
(6.926085) can0 120#0000001000000030
(6.935899) can0 121#0000000000000020
(6.936061) can0 129#0000000000000020
(6.936223) can0 290#0020000000000000
(6.936346) can0 12B#0000000000014F78
(6.946141) can0 174#EF7F00001D6B0417
(6.946303) can0 178#0B800239399504E6
(6.946465) can0 120#0000001000000050
(6.956384) can0 121#0000000000000040
(6.956554) can0 129#0000000000000040
(6.956716) can0 290#0030000000000000
(6.966640) can0 12B#0000000000014F78
(6.966762) can0 12A#1228012000000000
(6.966868) can0 550#1000000000000050
(6.966975) can0 120#0000001000000070
(6.967121) can0 121#0000000000000060
(6.967283) can0 129#0000000000000060
(6.967445) can0 290#0020000000000000
(6.976872) can0 290#0030000000000000
(6.977035) can0 12B#0000000000014F78
(6.977157) can0 174#EC7F0000336B0855
(6.977303) can0 178#088000003E9508AD
(6.987113) can0 541#0280000000000000
(6.987236) can0 120#0000001000000090
(6.987382) can0 121#0000000000000080
(6.987552) can0 290#0000000000000000
(6.997356) can0 12B#0000000000014F77
(6.997527) can0 174#EC7F0000306B0AE3
(6.997696) can0 178#FD7F022047950A56
(7.007599) can0 129#00000000000000A0
(7.007766) can0 12B#0000000000014F78
(7.007934) can0 290#0030000000000000
(7.017845) can0 290#0030000000000000
(7.017974) can0 12B#0000000000014F77
(7.018128) can0 174#FA7F0000356B0C4E
(7.018289) can0 290#0000000000000000
(7.028098) can0 128#1388030000EC7822
(7.028266) can0 12E#0000000000000020
(7.028428) can0 174#FA7F00002E6B0DCB
(7.028594) can0 12B#0000000000014F78
(7.038327) can0 174#FA7F0000256B0E6C
(7.038496) can0 178#0080063239950E92
(7.038658) can0 12E#0000000000000040
(7.048572) can0 174#F57F0000236B0F28
(7.048733) can0 178#0680072144950F64
(7.048895) can0 550#1000000000000090
(7.058815) can0 174#EC7F00002B6B00A9
(7.058977) can0 178#118008274C9500F1
(7.059138) can0 17C#00000000638700E6
(7.069056) can0 174#E77F0000386B0115
(7.069218) can0 178#1C80000047950143
(7.069379) can0 17C#000000005B8701DF
(7.079349) can0 174#E77F00003B6B02BE
(7.079530) can0 178#168001203A9502E1
(7.079692) can0 17C#00000000458702E9
(7.079859) can0 120#0000001000000070
(7.089544) can0 121#0000000000000060
(7.089716) can0 129#0000000000000060
(7.089879) can0 174#EF7F0000396B0372
(7.099785) can0 178#0E8000002E9503A9
(7.099947) can0 17C#00000000378703BF
(7.100109) can0 290#0000000000000000
(7.100232) can0 174#F27F0000396B047E
(7.110028) can0 178#0B800112269504AA
(7.110190) can0 17C#000000003887046A
(7.110353) can0 550#10000000000000B0
(7.120271) can0 300#0F00000000000000
(7.120394) can0 174#F57F0000396B05ED
(7.120556) can0 174#F57F0000396B06CA
(7.120726) can0 178#118003022C9506BF
(7.130529) can0 17C#0000000051870683
(7.130692) can0 120#00000010000000B0
(7.130858) can0 174#F57F00003B6B07D4
(7.131020) can0 178#0B80040534950798
(7.140762) can0 17C#000000005887071D
(7.140933) can0 290#0010000000000000
(7.141097) can0 174#F57F0000356B0866
(7.151000) can0 178#068005123C950872
(7.151162) can0 17C#0000000053870826
(7.151324) can0 174#F57F00002A6B09E5
(7.161250) can0 178#0B8006144295091F
(7.161412) can0 17C#00000000488709A3
(7.161590) can0 174#F57F0000226B0ACE
(7.171499) can0 178#0E80072F45950AA5
(7.171661) can0 17C#000000003C870ACA
(7.171838) can0 174#F57F0000236B0B5C
(7.181737) can0 178#0B80080245950BF5
(7.181906) can0 17C#0000000034870BDB
(7.182069) can0 174#F57F00002D6B0C06
(7.182237) can0 178#FD7F090F44950C7F
(7.191988) can0 17C#0000000029870C15
(7.192150) can0 120#0000001000000050
(7.192312) can0 121#0000000000000040
(7.202220) can0 174#F57F00003C6B0D8C
(7.202390) can0 178#F87F0A133F950DD7
(7.202560) can0 17C#0000000026870D8E
(7.212458) can0 290#0030000000000000
(7.212626) can0 12B#0000000000014F78
(7.212747) can0 174#F57F0000446B0EEF
(7.212893) can0 178#FA7F0B0339950E00
(7.222701) can0 17C#000000002A870EA3
(7.222865) can0 120#0000001000000070
(7.223027) can0 300#0F00000000000000
(7.223150) can0 174#F57F0000446B0FF2
(7.232944) can0 178#FA7F0C0833950F3F
(7.233106) can0 174#F87F0000406B00A9
(7.233267) can0 178#F87F0D2F339500EA
(7.243200) can0 17C#000000003C870018
(7.243363) can0 174#FA7F00003C6B014C
(7.243533) can0 178#00800E07319501EE
(7.243695) can0 17C#000000003D87018A
(7.253429) can0 174#FA7F0000386B026D
(7.253605) can0 178#0B800F0D3395022E
(7.253775) can0 17C#000000003C870222
(7.263672) can0 120#00000010000000B0
(7.263835) can0 121#00000000000000A0
(7.264033) can0 129#00000000000000A0
(7.273915) can0 174#FA7F00002B6B03E4
(7.274081) can0 178#1480000234950348
(7.274243) can0 17C#00000000378703BF
(7.284158) can0 174#FA7F00001F6B0499
(7.284320) can0 178#0B800108379504A3
(7.284490) can0 17C#00000000318704E9
(7.294415) can0 450#0000000000000000
(7.294546) can0 120#00000010000000D0
(7.294692) can0 174#F87F00001C6B05B2
(7.294858) can0 178#068000003A95052B
(7.295021) can0 17C#00000000298705E0
(7.304644) can0 540#02000000100000F1
(7.304767) can0 174#F27F0000226B06DC
(7.304913) can0 178#0B800128399506DA
(7.305075) can0 17C#0000000026870641
(7.314890) can0 120#0000001000000030
(7.315052) can0 178#118002203795073D
(7.315213) can0 17C#00000000298707DA
(7.325130) can0 290#0020000000000000
(7.325293) can0 12B#0000000000013F78
(7.325456) can0 174#F27F0000336B08ED
(7.335373) can0 17C#000000002C8708E8
(7.335542) can0 120#0000001000000050
(7.335704) can0 121#0000000000000040
(7.345630) can0 450#0000000000000000
(7.345757) can0 290#0020000000000000
(7.345866) can0 12B#0000000000014F78
(7.346013) can0 174#F57F0000356B0A5C
(7.346175) can0 120#0000001000000070
(7.346336) can0 121#0000000000000060
(7.355861) can0 129#0000000000000060
(7.356023) can0 290#0030000000000000
(7.356186) can0 12B#0000000000014F78
(7.356308) can0 174#FD7F0000316B0CC6
(7.366102) can0 120#0000001000000090
(7.366264) can0 121#0000000000000080
(7.366426) can0 129#0000000000000080
(7.376345) can0 290#0010000000000000
(7.376512) can0 12B#0000000000014F78
(7.376634) can0 12A#1228012000000000
(7.376739) can0 550#1000000000000090
(7.376887) can0 120#00000010000000B0
(7.386588) can0 121#00000000000000A0
(7.386750) can0 129#00000000000000A0
(7.386913) can0 540#02000000100000F1
(7.387035) can0 290#0000000000000000
(7.396832) can0 12B#0000000000013F78
(7.396995) can0 120#00000010000000D0
(7.397156) can0 121#00000000000000C0
(7.407087) can0 129#00000000000000C0
(7.407258) can0 290#0010000000000000
(7.407421) can0 12B#0000000000014F78
(7.407591) can0 174#FA7F00002E6B0270
(7.417317) can0 120#0000001000000030
(7.417487) can0 121#0000000000000020
(7.417657) can0 129#0000000000000020
(7.427561) can0 12B#0000000000014F78
(7.427690) can0 290#0020000000000000
(7.427839) can0 12B#0000000000014F78
(7.427968) can0 174#EF7F00002A6B04B5
(7.428120) can0 178#FD7F00004C9504EE
(7.437803) can0 17C#000000005B8704B6
(7.437974) can0 129#0000000000000040
(7.438180) can0 12B#0000000000014F78
(7.438310) can0 290#0020000000000000
(7.438416) can0 290#0030000000000000
(7.448046) can0 12B#0000000000014F78
(7.448179) can0 174#F27F00002B6B065F
(7.448325) can0 290#0040000000000000
(7.448497) can0 128#1388030000EC7882
(7.458302) can0 12E#0000000000000080
(7.458465) can0 12B#0000000000013F78
(7.458640) can0 12A#1228012000000000
(7.458761) can0 550#10000000000000D0
(7.458909) can0 174#00800000316B08F4
(7.468533) can0 128#1388030000EC78A2
(7.468694) can0 12E#00000000000000A0
(7.468861) can0 174#00800000306B0966
(7.478774) can0 174#F57F00002A6B0AC2
(7.478937) can0 178#0B8006213F950A49
(7.479099) can0 17C#0000000031870A4F
(7.489018) can0 120#00000010000000B0
(7.489179) can0 174#F27F0000286B0B52
(7.489341) can0 178#0680072147950B9C
(7.499260) can0 17C#0000000031870B52
(7.499423) can0 290#0040000000000000
(7.499553) can0 174#F57F0000276B0C09
(7.499700) can0 178#0080082045950CFE
(7.509518) can0 17C#0000000031870C01
(7.509681) can0 550#1000000000000030
(7.509847) can0 300#0F00000000000000
(7.509970) can0 174#FD7F0000276B0DC6
(7.510116) can0 178#0080092541950D5C
(7.519746) can0 17C#000000002E870D82
(7.519909) can0 174#FA7F00002A6B0EEA
(7.520071) can0 178#F87F0A293A950EAD
(7.529989) can0 17C#0000000026870EA9
(7.530152) can0 174#EF7F0000306B0F6D
(7.530314) can0 178#F57F00003C950FBB
(7.540232) can0 17C#0000000024870FB7
(7.540401) can0 290#0020000000000000
(7.540573) can0 174#EC7F0000356B00B8
(7.550482) can0 178#FA7F01203F9500F0
(7.550644) can0 17C#0000000027870080
(7.550806) can0 174#EA7F00003B6B017F
(7.560722) can0 178#008000003C950189
(7.560893) can0 17C#000000002F870191
(7.561056) can0 174#EA7F00003B6B0258
(7.561224) can0 178#06800120339502DB
(7.570977) can0 17C#000000003C870222
(7.571140) can0 174#EF7F0000386B03FD
(7.571302) can0 178#068002212F9503F7
(7.581207) can0 17C#000000004087037D
(7.581376) can0 540#02000000100000F1
(7.581507) can0 174#F57F0000386B047F
(7.581659) can0 178#118003242F95042A
(7.591453) can0 17C#00000000438704A2
(7.591620) can0 174#F87F00003C6B0582
(7.591790) can0 178#1480042F2F95052E
(7.601689) can0 17C#000000004B8705B3
(7.601866) can0 174#F57F0000396B06CA
(7.602028) can0 178#1480051231950652
(7.611938) can0 17C#000000005E870605
(7.612101) can0 120#00000010000000B0
(7.612222) can0 121#00000000000000A0
(7.612368) can0 300#0F00000000000000
(7.612496) can0 174#F27F00002D6B0747
(7.622235) can0 178#0B8006242E95078C
(7.622413) can0 17C#00000000698707BA
(7.622581) can0 450#0000000000000000
(7.622704) can0 290#0030000000000000
(7.622854) can0 12B#0000000000014F78
(7.632419) can0 174#EF7F00001A6B0801
(7.632593) can0 178#038007262F950827
(7.632755) can0 17C#000000005E8708A3
(7.642662) can0 120#00000010000000D0
(7.642828) can0 174#E77F0000126B09C2
(7.642997) can0 178#FA7F08203A950991
(7.652905) can0 17C#0000000047870925
(7.653067) can0 290#0010000000000000
(7.653231) can0 174#E77F00001A6B0AE9
(7.663148) can0 178#FD7F092541950A49
(7.663309) can0 17C#000000003A870ACF
(7.663472) can0 120#0000001000000030
(7.673404) can0 174#EF7F0000236B0B8D
(7.673574) can0 178#088000003F950B05
(7.673737) can0 17C#000000003D870B58
(7.673900) can0 174#F27F0000306B0C15
(7.683634) can0 178#0E8001253E950CF9
(7.683796) can0 17C#000000004B870C46
(7.683958) can0 174#F57F00003C6B0D8C
(7.693878) can0 178#1180023937950DCB
(7.694040) can0 17C#000000005B870D43
(7.694203) can0 540#02000000100000F1
(7.694325) can0 290#0020000000000000
(7.704119) can0 12B#0000000000014F78
(7.704241) can0 174#F87F0000416B0E80
(7.704387) can0 178#0B8003212C950E76
(7.704557) can0 17C#0000000061870E43
(7.714362) can0 120#0000001000000070
(7.714532) can0 121#0000000000000060
(7.714695) can0 174#FA7F00003E6B0FE9
(7.724619) can0 178#0680042028950F1D
(7.724781) can0 17C#0000000058870FF5
(7.724944) can0 290#0010000000000000
(7.725107) can0 174#FA7F0000356B00D2
(7.734850) can0 178#008000002C95008C
(7.735013) can0 17C#000000004D8700DF
(7.735176) can0 174#FA7F00002D6B01DB
(7.745091) can0 178#FA7F00003695014E
(7.745253) can0 17C#00000000458701CE
(7.745416) can0 178#068001223F9502F6
(7.755334) can0 17C#000000003F8702AE
(7.755505) can0 120#00000010000000B0
(7.755667) can0 121#00000000000000A0
(7.765579) can0 17C#0000000032870336
(7.765742) can0 290#0020000000000000
(7.765905) can0 12B#0000000000014F78
(7.766026) can0 174#FA7F0000336B04A3
(7.775823) can0 120#00000010000000D0
(7.775984) can0 121#00000000000000C0
(7.776146) can0 129#00000000000000C0
(7.786077) can0 290#0020000000000000
(7.786199) can0 12B#0000000000014F78
(7.786305) can0 12A#1228012000000000
(7.786410) can0 120#0000001000000030
(7.786564) can0 121#0000000000000020
(7.786726) can0 129#0000000000000020
(7.786889) can0 540#02000000100000F1
(7.787012) can0 290#0010000000000000
(7.796306) can0 12B#0000000000014F78
(7.796463) can0 120#0000001000000050
(7.796629) can0 121#0000000000000040
(7.796791) can0 129#0000000000000040
(7.806550) can0 12B#0000000000014F78
(7.806676) can0 290#0010000000000000
(7.806783) can0 12B#0000000000014F78
(7.806888) can0 174#EA7F0000366B0A35
(7.807035) can0 120#0000001000000070
(7.807196) can0 121#0000000000000060
(7.816792) can0 129#0000000000000060
(7.816954) can0 12B#0000000000014F78
(7.817076) can0 290#0000000000000000
(7.817223) can0 12B#0000000000014F78
(7.817345) can0 174#F87F0000396B0CFE
(7.827035) can0 120#0000001000000090
(7.827197) can0 121#0000000000000080
(7.827359) can0 129#0000000000000080
(7.837291) can0 12B#0000000000014F79
(7.837454) can0 290#0000000000000000
(7.837584) can0 12B#0000000000014F78
(7.837738) can0 174#FD7F0000396B0EF0
(7.837906) can0 178#0E80020F3A950E8A
(7.847522) can0 129#00000000000000A0
(7.847691) can0 12B#0000000000014F78
(7.847813) can0 290#0020000000000000
(7.847968) can0 290#0020000000000000
(7.848091) can0 12B#0000000000014F78
(7.848203) can0 12A#1228012000000000
(7.848309) can0 12B#0000000000014F78
(7.848414) can0 128#1388030000EC7822
(7.857764) can0 12E#0000000000000020
(7.857942) can0 12B#0000000000014F78
(7.858064) can0 174#EF7F0000356B0265
(7.858217) can0 178#118006143695024F
(7.868007) can0 12E#0000000000000040
(7.868176) can0 541#0280000000000000
(7.868299) can0 174#EA7F00002D6B0358
(7.868445) can0 178#1C80072F3F950314
(7.878250) can0 174#EF7F00002D6B043F
(7.878412) can0 178#19800802429504C7
(7.878581) can0 17C#00000000298704FD
(7.888514) can0 12C#0000000000000000
(7.888636) can0 5A0#0069200000000069
(7.888783) can0 550#1000000000000070
(7.888947) can0 174#F57F0000366B064C
(7.889109) can0 178#0B800A133C9506D3
(7.898736) can0 17C#00000000378706D6
(7.898898) can0 120#0000001000000070
(7.899060) can0 174#F57F0000306B0754
(7.908978) can0 178#FD7F0B033C9507F2
(7.909141) can0 17C#0000000055870798
(7.909303) can0 290#0010000000000000
(7.919221) can0 174#F27F00002B6B08F9
(7.919383) can0 178#00800C08419508EF
(7.919554) can0 17C#000000006E87088B
(7.929464) can0 174#EF7F00002D6B09BE
(7.929633) can0 178#0E800D2F449509AE
(7.929795) can0 17C#000000007787090D
(7.939710) can0 290#0040000000000000
(7.939881) can0 550#1000000000000090
(7.940074) can0 174#F27F00002B6B0AC3
(7.940238) can0 178#11800E073F950ACC
(7.949966) can0 174#F57F0000256B0B59
(7.950128) can0 178#14800F0D3A950BBD
(7.950326) can0 17C#000000005B870B0D
(7.960193) can0 174#FA7F0000206B0CDF
(7.960366) can0 178#1680000239950CCC
(7.960535) can0 17C#0000000045870C4F
(7.970436) can0 174#FA7F00001D6B0D6F
(7.970606) can0 178#1680010837950D09
(7.970768) can0 17C#000000003C870D99
(7.980679) can0 174#F87F0000236B0ED3
(7.980852) can0 178#1980000039950E8D
(7.981014) can0 17C#000000003C870EBE
(7.990922) can0 120#0000001000000030
(7.991084) can0 121#0000000000000020
(7.991246) can0 300#0F00000000000000
(7.991369) can0 174#F27F00002A6B0F25
(8.001179) can0 178#198001283C950FA5
(8.001348) can0 17C#0000000037870F23
(8.001518) can0 174#EC7F0000316B00BE
(8.001685) can0 178#0E8002203F950087
(8.011408) can0 17C#000000002E870003
(8.011579) can0 174#EA7F0000316B0170
(8.011747) can0 178#0380032142950146
(8.021651) can0 17C#000000001C870135
(8.021821) can0 174#EF7F0000306B02EC
(8.021983) can0 178#FD7F0423449502E9
(8.031896) can0 17C#0000000010870218
(8.032058) can0 174#F57F0000316B03AF
(8.032226) can0 178#038005234495033F
(8.042137) can0 17C#0000000018870309
(8.042299) can0 290#0030000000000000
(8.042462) can0 12B#0000000000014F77
(8.052393) can0 12A#1228012000000000
(8.052522) can0 174#F57F0000356B04FA
(8.052668) can0 178#0E80062241950420
(8.052831) can0 17C#00000000278704F4
(8.052993) can0 450#0000000000000000
(8.053115) can0 174#F27F0000316B056F
(8.062623) can0 178#118007243C950516
(8.062785) can0 17C#00000000378705F1
(8.062947) can0 174#EF7F0000306B0698
(8.072868) can0 178#0B800823399506E1
(8.073029) can0 17C#0000000040870614
(8.073192) can0 120#00000010000000B0
(8.083109) can0 121#00000000000000A0
(8.083270) can0 174#F27F0000366B07DF
(8.083432) can0 178#03800920379507F7
(8.093352) can0 17C#000000004287070A
(8.093523) can0 290#0030000000000000
(8.093645) can0 174#F87F00003C6B0803
(8.093791) can0 178#F87F0A21399508F3
(8.103614) can0 17C#000000003C8708F0
(8.103776) can0 300#0F00000000000000
(8.103899) can0 174#FA7F00003C6B09A4
(8.104045) can0 178#EC7F0B293C950941
(8.104207) can0 17C#00000000328709E4
(8.113840) can0 174#F57F00003C6B0ADF
(8.114002) can0 178#E77F00003F950A5D
(8.114164) can0 17C#0000000031870A4F
(8.124080) can0 174#EF7F0000396B0B9A
(8.124242) can0 178#EC7F000044950BBD
(8.124404) can0 17C#0000000035870B54
(8.134323) can0 290#0000000000000000
(8.134491) can0 12B#0000000000014F77
(8.134612) can0 178#008000FF42950CEF
(8.134758) can0 17C#000000003C870C84
(8.144604) can0 120#0000001000000050
(8.144777) can0 121#0000000000000040
(8.144939) can0 129#0000000000000040
(8.154810) can0 17C#0000000042870DD8
(8.154977) can0 290#0040000000000000
(8.155140) can0 12B#0000000000014F78
(8.165066) can0 12A#1228012000000000
(8.165187) can0 450#0000000000000000
(8.165294) can0 120#0000001000000070
(8.165440) can0 121#0000000000000060
(8.165609) can0 129#0000000000000060
(8.165772) can0 290#0010000000000000
(8.175295) can0 540#02000000100000F1
(8.175418) can0 290#0040000000000000
(8.175573) can0 12B#0000000000014F77
(8.175735) can0 120#0000001000000090
(8.185540) can0 121#0000000000000080
(8.185702) can0 129#0000000000000080
(8.185871) can0 290#0010000000000000
(8.195781) can0 12B#0000000000014F78
(8.195943) can0 174#00800000336B0225
(8.196106) can0 120#00000010000000B0
(8.206024) can0 121#00000000000000A0
(8.206186) can0 129#00000000000000A0
(8.206349) can0 12B#0000000000014F77
(8.216290) can0 290#0030000000000000
(8.216453) can0 12B#0000000000014F77
(8.216579) can0 174#FA7F00002B6B04B7
(8.216725) can0 178#11800721349504D4
(8.216887) can0 17C#000000006087041E
(8.226517) can0 120#00000010000000D0
(8.226679) can0 121#00000000000000C0
(8.226843) can0 129#00000000000000C0
(8.236753) can0 290#0020000000000000
(8.236916) can0 12B#0000000000014F78
(8.237078) can0 174#EF7F0000306B0698
(8.246996) can0 120#0000001000000030
(8.247158) can0 121#0000000000000020
(8.247320) can0 129#0000000000000020
(8.257239) can0 290#0000000000000000
(8.257402) can0 12B#0000000000014F77
(8.257573) can0 12A#1228012000000000
(8.257701) can0 129#0000000000000040
(8.267500) can0 290#0040000000000000
(8.267672) can0 12B#0000000000014F77
(8.267793) can0 128#1388030000EC7862
(8.267953) can0 290#0000000000000000
(8.268135) can0 12B#0000000000014F78
(8.277725) can0 174#F57F0000306B0AD5
(8.277895) can0 290#0040000000000000
(8.278058) can0 128#1388030000EC7882
(8.287968) can0 12E#0000000000000080
(8.288137) can0 541#0280000000000000
(8.288260) can0 290#0050000000000000
(8.288407) can0 12B#0000000000014F77
(8.298211) can0 174#E47F00002D6B0CE2
(8.298373) can0 12E#00000000000000A0
(8.298542) can0 12A#1228012000000000
(8.298663) can0 12C#0000000000000000
(8.298769) can0 174#EC7F0000276B0E05
(8.308454) can0 178#F87F042F41950E1A
(8.308627) can0 17C#000000002C870EA6
(8.308790) can0 120#00000010000000B0
(8.318699) can0 121#00000000000000A0
(8.318901) can0 174#F57F00001D6B0F09
(8.319075) can0 178#F27F051252950FB1
(8.319235) can0 17C#0000000027870F3B
(8.328956) can0 290#0000000000000000
(8.329123) can0 12B#0000000000014F78
(8.329285) can0 174#FA7F00001A6B0064
(8.339183) can0 178#FD7F06245A9500E2
(8.339344) can0 17C#0000000029870089
(8.339512) can0 174#F57F0000276B0188
(8.349425) can0 178#08800726539501A5
(8.349594) can0 17C#000000003287010C
(8.349757) can0 550#10000000000000D0
(8.359669) can0 174#F57F0000396B02BE
(8.359831) can0 178#0E80082045950259
(8.359993) can0 174#F57F0000436B03E4
(8.369911) can0 178#0680092537950364
(8.370073) can0 17C#000000004B8703FD
(8.370236) can0 174#EF7F0000416B0465
(8.380168) can0 178#06800000339504B5
(8.380339) can0 17C#0000000050870436
(8.380508) can0 120#0000001000000050
(8.380678) can0 174#EF7F00003E6B05B6
(8.390397) can0 178#0E80012539950586
(8.390567) can0 17C#00000000478705B9
(8.390730) can0 174#EF7F00003B6B0618
(8.400640) can0 178#148002393F95063C
(8.400811) can0 17C#0000000038870650
(8.400973) can0 120#0000001000000070
(8.410885) can0 300#0F00000000000000
(8.411008) can0 174#EF7F0000396B0706
(8.411154) can0 178#118003214295070B
(8.411316) can0 17C#000000003D8707C4
(8.421131) can0 174#F57F0000396B086C
(8.421300) can0 178#008004204195084E
(8.421462) can0 17C#000000004B870832
(8.431383) can0 174#FA7F00003C6B09A4
(8.431560) can0 178#F57F0000449509B1
(8.431728) can0 17C#000000005587093E
(8.431891) can0 290#0010000000000000
(8.441617) can0 174#F87F00003C6B0A39
(8.441786) can0 178#EC7F000048950AAA
(8.441956) can0 17C#000000004E870A81
(8.451857) can0 174#EF7F0000336B0B95
(8.452027) can0 178#F27F012248950B08
(8.452190) can0 17C#0000000043870B19
(8.462103) can0 174#EC7F0000306B0CAD
(8.462265) can0 178#FA7F022045950C95
(8.462427) can0 17C#0000000035870C07
(8.472341) can0 174#EC7F0000306B0DB0
(8.472508) can0 178#F87F033245950D5A
(8.472670) can0 17C#0000000026870D8E
(8.482598) can0 540#02000000100000F1
(8.482720) can0 174#F27F0000316B0EA0
(8.482867) can0 178#FD7F042042950ECA
(8.483029) can0 17C#0000000021870E23
(8.483192) can0 174#F57F0000396B0F3F
(8.492828) can0 178#068005233F950F5F
(8.492990) can0 17C#000000002A870FBE
(8.493152) can0 290#0010000000000000
(8.493275) can0 12B#0000000000014F77
(8.503070) can0 174#F57F0000416B00C0
(8.503232) can0 178#168006323F95005B
(8.503393) can0 17C#000000003D870097
(8.513313) can0 120#0000001000000050
(8.513517) can0 121#0000000000000040
(8.513692) can0 129#0000000000000040
(8.513814) can0 12B#0000000000014F77
(8.513919) can0 300#0F00000000000000
(8.514031) can0 174#FA7F0000416B0181
(8.523557) can0 178#1C8007213C950157
(8.523723) can0 17C#000000005687015A
(8.523886) can0 450#0000000000000000
(8.524009) can0 290#0000000000000000
(8.533799) can0 174#03800000386B0242
(8.533961) can0 178#1C800827379502E5
(8.534123) can0 17C#00000000698702D3
(8.544055) can0 120#0000001000000070
(8.544217) can0 121#0000000000000060
(8.544379) can0 174#038000002E6B0342
(8.544549) can0 178#1F800000319503D3
(8.554285) can0 17C#000000006487034B
(8.554447) can0 174#FA7F00002E6B043E
(8.554616) can0 178#1F800120319504A0
(8.564529) can0 17C#00000000518704B9
(8.564692) can0 120#0000001000000090
(8.564858) can0 121#0000000000000080
(8.574770) can0 174#F57F0000386B0562
(8.574933) can0 178#22800000339505AE
(8.575095) can0 17C#00000000458705BA
(8.585013) can0 290#0030000000000000
(8.585176) can0 12B#0000000000014F77
(8.585298) can0 12A#1228012000000000
(8.585403) can0 550#1000000000000090
(8.585559) can0 174#EF7F0000406B06D0
(8.595270) can0 178#2A80011233950633
(8.595432) can0 17C#0000000040870614
(8.595609) can0 450#0000000000000000
(8.595748) can0 120#00000010000000B0
(8.595895) can0 17C#0000000045870780
(8.605504) can0 540#02000000100000F1
(8.605627) can0 290#0020000000000000
(8.605774) can0 12B#0000000000014F77
(8.605896) can0 120#00000010000000D0
(8.606041) can0 121#00000000000000C0
(8.615742) can0 129#00000000000000C0
(8.615905) can0 290#0040000000000000
(8.616068) can0 12B#0000000000014F77
(8.616189) can0 174#F57F0000396B0A56
(8.625985) can0 178#0E80051242950ADB
(8.626147) can0 17C#0000000056870A95
(8.626310) can0 120#0000001000000030
(8.636228) can0 121#0000000000000020
(8.636390) can0 129#0000000000000020
(8.636561) can0 290#0010000000000000
(8.646493) can0 12B#0000000000014F77
(8.646614) can0 174#EF7F0000366B0C4F
(8.646761) can0 120#0000001000000050
(8.646923) can0 121#0000000000000040
(8.647085) can0 129#0000000000000040
(8.656714) can0 290#0020000000000000
(8.656878) can0 12B#0000000000014F77
(8.656999) can0 174#F57F00002A6B0EB6
(8.657145) can0 120#0000001000000070
(8.666957) can0 121#0000000000000060
(8.667119) can0 129#0000000000000060
(8.667282) can0 290#0010000000000000
(8.677200) can0 290#0020000000000000
(8.677370) can0 12B#0000000000014F77
(8.677583) can0 12A#1228012000000000
(8.677716) can0 120#0000001000000090
(8.677893) can0 121#0000000000000080
(8.687443) can0 129#0000000000000080
(8.687610) can0 290#0000000000000000
(8.687781) can0 12B#0000000000014F77
(8.687910) can0 174#03800000396B02CD
(8.697694) can0 129#00000000000000A0
(8.697867) can0 290#0020000000000000
(8.698030) can0 12B#0000000000014F77
(8.698159) can0 290#0020000000000000
(8.698266) can0 12B#0000000000014F77
(8.698372) can0 174#F87F0000406B04DD
(8.698525) can0 178#EF7F0F0D3E950495
(8.707950) can0 12B#0000000000014F77
(8.708072) can0 128#1388030000EC7822
(8.708224) can0 12E#0000000000000020
(8.708387) can0 12A#1228012000000000
(8.708516) can0 290#0000000000000000
(8.718177) can0 12B#0000000000014F77
(8.718299) can0 174#F27F0000386B06CB
(8.718445) can0 12E#0000000000000040
(8.718616) can0 174#F57F0000336B07D8
(8.728415) can0 178#F87F0000369507BA
(8.728585) can0 174#F27F00002E6B0870
(8.728747) can0 178#03800128319508A2
(8.738658) can0 17C#00000000408708B2
(8.738822) can0 174#EC7F00002B6B095C
(8.738984) can0 178#0B800220349509C6
(8.748901) can0 17C#000000003F870961
(8.749064) can0 550#1000000000000050
(8.749234) can0 174#EA7F0000276B0AA2
(8.759157) can0 178#1480032139950A76
(8.759319) can0 17C#000000003A870ACF
(8.759490) can0 450#0000000000000000
(8.759613) can0 120#0000001000000070
(8.759759) can0 174#EF7F0000256B0B88
(8.769387) can0 178#148004233F950B42
(8.769565) can0 17C#0000000035870B54
(8.769727) can0 174#FA7F0000236B0C53
(8.779629) can0 178#0B80052345950CD9
(8.779792) can0 17C#0000000031870C01
(8.779954) can0 174#FD7F0000276B0DC6
(8.789874) can0 178#0B80062242950D6D
(8.790037) can0 17C#000000002A870D84
(8.790199) can0 174#FA7F00002D6B0E60
(8.800115) can0 178#0B8007243C950E08
(8.800286) can0 17C#0000000029870E2F
(8.800449) can0 120#00000010000000B0
(8.810372) can0 300#0F00000000000000
(8.810501) can0 174#F57F0000306B0FBC
(8.810648) can0 178#168008233C950FC2
(8.810810) can0 17C#000000002C870FBB
(8.810972) can0 450#0000000000000000
(8.811095) can0 174#F27F0000366B008C
(8.820601) can0 178#1980092041950038
(8.820770) can0 17C#000000002E870003
(8.820933) can0 174#EF7F00003C6B01C1
(8.830846) can0 178#16800A214595015C
(8.831015) can0 17C#0000000035870186
(8.831178) can0 174#F57F00003B6B02BD
(8.841093) can0 178#19800B29459502D1
(8.841254) can0 17C#000000003A870227
(8.841424) can0 120#0000001000000030
(8.851366) can0 174#F57F0000366B0325
(8.851567) can0 178#1C800000429503F0
(8.851729) can0 17C#0000000038870339
(8.861586) can0 174#F57F0000366B0476
(8.861755) can0 178#1680000041950447
(8.861925) can0 17C#0000000032870465
(8.862080) can0 174#F57F0000366B056B
(8.871820) can0 178#168000FF419505FC
(8.871974) can0 17C#000000002F8705E5
(8.872133) can0 540#02000000100000F1
(8.872248) can0 290#0040000000000000
(8.882059) can0 12B#0000000000014F77
(8.882173) can0 174#F57F0000366B064C
(8.882315) can0 178#1C8000003E9506DB
(8.882469) can0 17C#000000003287065F
(8.892302) can0 120#0000001000000070
(8.892456) can0 174#F57F00002D6B07C9
(8.892621) can0 178#148001203C950737
(8.902549) can0 17C#000000003D8707C4
(8.902708) can0 174#FA7F0000206B08AB
(8.902863) can0 178#008002223C9508C5
(8.912788) can0 17C#00000000508708AA
(8.912943) can0 300#0F00000000000000
(8.913066) can0 174#F57F0000186B09CE
(8.913207) can0 178#EF7F032641950974
(8.923044) can0 174#F57F00001A6B0AEA
(8.923198) can0 178#F27F042544950A34
(8.923356) can0 17C#000000005E870A99
(8.923519) can0 120#00000010000000B0
(8.933274) can0 121#00000000000000A0
(8.933428) can0 174#F57F0000236B0B5C
(8.933594) can0 178#FD7F05203F950B04
(8.943514) can0 17C#0000000042870B96
(8.943673) can0 174#F87F0000306B0C7D
(8.943828) can0 178#0E8006213C950CBF
(8.953760) can0 17C#0000000029870C15
(8.953915) can0 174#FD7F0000366B0D51
(8.954073) can0 178#118007213F950DA1
(8.963999) can0 17C#000000002F870D0D
(8.964158) can0 174#FA7F0000396B0E7E
(8.964312) can0 178#068008203F950E50
(8.974259) can0 17C#000000004E870EF5
(8.974414) can0 450#0000000000000000
(8.974537) can0 174#F57F0000396B0F3F
(8.974676) can0 178#F57F092539950FB6
(8.974835) can0 17C#000000006C870FDB
(8.984493) can0 540#02000000100000F2
(8.984652) can0 290#0020000000000000
(8.984808) can0 178#EC7F0A29349500D2
(8.994732) can0 17C#00000000718700FD
(8.994887) can0 120#0000001000000050
(8.995051) can0 17C#0000000060870177
(9.004971) can0 290#0030000000000000
(9.005129) can0 12B#0000000000014F77
(9.005241) can0 174#F87F0000396B0258
(9.005382) can0 120#0000001000000070
(9.015213) can0 121#0000000000000060
(9.015371) can0 129#0000000000000060
(9.015533) can0 290#0030000000000000
(9.015651) can0 12B#0000000000014F77
(9.015749) can0 450#0000000000000000
(9.015852) can0 290#0000000000000000
(9.025470) can0 12B#0000000000014F77
(9.025593) can0 120#0000001000000090
(9.026753) can0 121#0000000000000080
(9.027026) can0 129#0000000000000080
(9.027188) can0 290#0010000000000000
(9.035703) can0 290#0010000000000000
(9.035834) can0 12B#0000000000014F77
(9.035939) can0 174#F27F0000316B0648
(9.036088) can0 120#00000010000000B0
(9.036250) can0 121#00000000000000A0
(9.045946) can0 129#00000000000000A0
(9.046108) can0 290#0000000000000000
(9.046271) can0 12B#0000000000014F77
(9.046392) can0 12A#1228012000000000
(9.046501) can0 120#00000010000000D0
(9.056189) can0 121#00000000000000C0
(9.056351) can0 129#00000000000000C0
(9.056521) can0 290#0030000000000000
(9.066432) can0 12B#0000000000014F77
(9.066561) can0 174#EF7F0000306B0A04
(9.066707) can0 120#0000001000000030
(9.066869) can0 121#0000000000000020
(9.076678) can0 129#0000000000000020
(9.076842) can0 541#0280000000000000
(9.076964) can0 290#0040000000000000
(9.077111) can0 12B#0000000000014F77
(9.077232) can0 174#FA7F0000416B0C00
(9.077376) can0 129#0000000000000040
(9.086934) can0 290#0010000000000000
(9.087097) can0 12B#0000000000014F77
(9.087218) can0 290#0000000000000000
(9.087365) can0 12B#0000000000014F77
(9.087491) can0 174#FA7F0000306B0EFD
(9.097161) can0 178#278001252F950EB4
(9.097323) can0 12B#0000000000014F77
(9.097444) can0 128#1388030000EC7882
(9.097597) can0 12E#0000000000000080
(9.107404) can0 290#0020000000000000
(9.107575) can0 12B#0000000000014F77
(9.107705) can0 174#EF7F0000236B0042
(9.107860) can0 178#3080032134950027
(9.117654) can0 12E#00000000000000A0
(9.117817) can0 174#F57F0000306B011A
(9.117987) can0 178#2280042031950126
(9.127898) can0 12A#1228012000000000
(9.128019) can0 550#1000000000000090
(9.128181) can0 174#00800000396B022A
(9.128343) can0 174#00800000396B0337
(9.138152) can0 178#FD7F000029950364
(9.138314) can0 17C#00000000518703EA
(9.138482) can0 174#FA7F0000386B0423
(9.138644) can0 178#06800122339504B2
(9.148376) can0 17C#000000004B8704AE
(9.148542) can0 174#F57F0000386B0562
(9.148704) can0 178#1980022041950598
(9.158624) can0 17C#00000000458705BA
(9.158787) can0 290#0010000000000000
(9.158950) can0 12B#0000000000014F77
(9.159071) can0 174#EF7F0000366B069D
(9.168863) can0 178#248003324A950667
(9.169025) can0 17C#000000003A870653
(9.169188) can0 120#0000001000000030
(9.169309) can0 550#10000000000000B0
(9.179105) can0 300#0F00000000000000
(9.179227) can0 174#EF7F0000356B070C
(9.179374) can0 174#F27F0000396B08E2
(9.179618) can0 178#1F8005233F95083A
(9.189361) can0 17C#000000002F870864
(9.189532) can0 120#0000001000000050
(9.189694) can0 121#0000000000000040
(9.189861) can0 129#0000000000000040
(9.189982) can0 174#EF7F0000386B092F
(9.199591) can0 178#228006323C95099D
(9.199752) can0 17C#000000002987097C
(9.199922) can0 290#0020000000000000
(9.209835) can0 174#EF7F0000336B0A88
(9.209997) can0 178#248007213F950A10
(9.210159) can0 17C#0000000016870AF5
(9.220077) can0 174#EF7F0000306B0B19
(9.220247) can0 178#1680082745950B33
(9.220409) can0 17C#0000000006870BF0
(9.230319) can0 290#0020000000000000
(9.230442) can0 174#EF7F0000306B0C4A
(9.230596) can0 178#0380000047950C27
(9.230758) can0 17C#0000000005870C2F
(9.240577) can0 174#F27F0000306B0D08
(9.240748) can0 178#0380012044950D96
(9.240910) can0 17C#0000000011870D2C
(9.241080) can0 174#F87F00002D6B0EDA
(9.250805) can0 178#1980000044950E40
(9.250968) can0 17C#0000000021870E23
(9.251130) can0 174#F87F0000276B0FC8
(9.261048) can0 178#2780011247950F6E
(9.261210) can0 17C#0000000024870FB7
(9.261381) can0 290#0040000000000000
(9.271291) can0 12B#0000000000014F77
(9.271421) can0 174#F27F0000206B0091
(9.271575) can0 178#2280020F47950035
(9.271745) can0 17C#000000001C870028
(9.281536) can0 120#00000010000000D0
(9.281704) can0 121#00000000000000C0
(9.281867) can0 300#0F00000000000000
(9.282001) can0 174#EF7F00001C6B01F1
(9.291782) can0 178#1980030244950162
(9.291944) can0 17C#00000000158701B6
(9.292107) can0 450#0000000000000000
(9.292230) can0 174#EF7F00001C6B02D6
(9.302041) can0 178#118004053F9502A0
(9.302203) can0 17C#000000001687021D
(9.302372) can0 120#0000001000000030
(9.302548) can0 174#F27F0000236B033A
(9.312263) can0 178#168005123695030B
(9.312425) can0 17C#000000001F870383
(9.312596) can0 174#F87F00002D6B0408
(9.322514) can0 178#148006142E950421
(9.322676) can0 17C#000000001C87045C
(9.322840) can0 174#FA7F0000336B05BE
(9.332749) can0 178#0680072F36950508
(9.332912) can0 17C#00000000158705C2
(9.333074) can0 290#0020000000000000
(9.342992) can0 12B#0000000000014F77
(9.343113) can0 174#FA7F0000356B069C
(9.343259) can0 178#F87F080247950630
(9.343421) can0 17C#0000000018870660
(9.353248) can0 450#0000000000000000
(9.353371) can0 174#FA7F0000366B070D
(9.353526) can0 178#F27F090F57950778
(9.353696) can0 17C#000000002687075C
(9.353863) can0 174#FD7F0000386B0831
(9.363482) can0 178#F87F0A13559508E1
(9.363679) can0 17C#00000000328708F9
(9.363867) can0 120#0000001000000090
(9.373721) can0 121#0000000000000080
(9.373883) can0 174#FD7F0000366B0925
(9.374045) can0 178#03800B034595093E
(9.383964) can0 17C#000000003787096D
(9.384126) can0 290#0030000000000000
(9.384289) can0 178#0B800C0839950AA4
(9.394207) can0 17C#0000000035870A49
(9.394369) can0 120#00000010000000B0
(9.394539) can0 121#00000000000000A0
(9.404463) can0 129#00000000000000A0
(9.404633) can0 290#0030000000000000
(9.404756) can0 12B#0000000000014F77
(9.404862) can0 17C#000000002F870B43
(9.405008) can0 450#0000000000000000
(9.405131) can0 290#0030000000000000
(9.405238) can0 12B#0000000000014F77
(9.405343) can0 174#EF7F00002E6B0C5B
(9.405496) can0 120#00000010000000D0
(9.414693) can0 121#00000000000000C0
(9.414861) can0 129#00000000000000C0
(9.415023) can0 290#0020000000000000
(9.424935) can0 290#0040000000000000
(9.425099) can0 12B#0000000000014F77
(9.425220) can0 174#F27F00002D6B0EB2
(9.425366) can0 120#0000001000000030
(9.435178) can0 121#0000000000000020
(9.435341) can0 129#0000000000000020
(9.435520) can0 290#0040000000000000
(9.435643) can0 12B#0000000000014F77
(9.435748) can0 12A#1228012000000000
(9.435854) can0 120#0000001000000050
(9.445421) can0 121#0000000000000040
(9.445589) can0 129#0000000000000040
(9.445752) can0 290#0010000000000000
(9.455667) can0 12B#0000000000014F78
(9.455831) can0 540#02000000100000F2
(9.455957) can0 290#0030000000000000
(9.456104) can0 12B#0000000000014F77
(9.456265) can0 120#0000001000000070
(9.465923) can0 121#0000000000000060
(9.466086) can0 129#0000000000000060
(9.466248) can0 290#0020000000000000
(9.476150) can0 12B#0000000000014F77
(9.476272) can0 174#EA7F0000386B049A
(9.476418) can0 120#0000001000000090
(9.476584) can0 121#0000000000000080
(9.486393) can0 129#0000000000000080
(9.486564) can0 290#0010000000000000
(9.486727) can0 12B#0000000000014F78
(9.496636) can0 174#F87F0000336B0623
(9.496798) can0 178#F87F06223F950628
(9.496960) can0 17C#0000000053870680
(9.506881) can0 120#00000010000000B0
(9.507043) can0 129#00000000000000A0
(9.507213) can0 290#0010000000000000
(9.507340) can0 12B#0000000000014F77
(9.517136) can0 290#0020000000000000
(9.517299) can0 12B#0000000000014F77
(9.517420) can0 174#F57F0000306B08EF
(9.517574) can0 12B#0000000000014F77
(9.517704) can0 128#1388030000EC7822
(9.517858) can0 12E#0000000000000020
(9.527401) can0 290#0020000000000000
(9.527544) can0 12B#0000000000014F78
(9.527710) can0 12A#1228012000000000
(9.527831) can0 12B#0000000000014F77
(9.527985) can0 128#1388030000EC7842
(9.537616) can0 12E#0000000000000040
(9.537778) can0 174#FA7F00002E6B0B85
(9.537947) can0 174#F57F00002B6B0C03
(9.547861) can0 178#1F8000003C950CED
(9.548023) can0 17C#0000000048870CCA
(9.548193) can0 120#0000001000000050
(9.558102) can0 174#EF7F00002A6B0D40
(9.558264) can0 178#1480000037950D45
(9.558426) can0 17C#000000003F870D15
(9.568350) can0 290#0000000000000000
(9.568522) can0 174#F57F00002D6B0E3C
(9.568684) can0 178#0B8000FF3C950EA1
(9.568849) can0 17C#0000000035870E3D
(9.578580) can0 550#1000000000000030
(9.578743) can0 300#0F00000000000000
(9.578866) can0 174#F87F0000316B0FD5
(9.579019) can0 174#F57F0000306B0007
(9.588824) can0 178#1180012042950011
(9.588985) can0 17C#000000003C870018
(9.589148) can0 120#0000001000000090
(9.599066) can0 174#F87F00002B6B0164
(9.599228) can0 178#1180022237950154
(9.599389) can0 17C#0000000042870144
(9.609309) can0 290#0000000000000000
(9.609432) can0 174#FA7F00002A6B0276
(9.609584) can0 178#0E8003262C95022A
(9.609746) can0 17C#000000003F8702AE
(9.619567) can0 174#FA7F00002D6B03E1
(9.619729) can0 178#0B8004252C9503B2
(9.619891) can0 17C#00000000358703BC
(9.620053) can0 174#FA7F0000316B04A0
(9.629795) can0 178#118005203A950494
(9.629957) can0 17C#00000000318704E9
(9.630119) can0 174#F87F0000366B058D
(9.640038) can0 178#118006214C9505E7
(9.640208) can0 17C#0000000032870578
(9.640370) can0 174#F57F0000366B064C
(9.650281) can0 178#1480072153950600
(9.650443) can0 17C#000000002E87064D
(9.650614) can0 120#0000001000000030
(9.660525) can0 121#0000000000000020
(9.660695) can0 174#F57F0000356B07DD
(9.660863) can0 178#1680082053950746
(9.670766) can0 17C#00000000298707DA
(9.670929) can0 174#F57F0000366B08EA
(9.671098) can0 178#1680092555950841
(9.681023) can0 17C#00000000328708F9
(9.681194) can0 300#0F00000000000000
(9.681317) can0 174#EF7F0000386B092F
(9.681471) can0 178#0B800A295595096F
(9.681644) can0 17C#000000003C8709ED
(9.691252) can0 174#EC7F00002E6B0AF2
(9.691421) can0 178#F87F000048950A7A
(9.691589) can0 17C#000000003C870ACA
(9.701500) can0 120#0000001000000070
(9.701670) can0 121#0000000000000060
(9.701833) can0 129#0000000000000060
(9.711738) can0 174#EA7F0000256B0BBC
(9.711907) can0 178#E17F012039950BB6
(9.712114) can0 17C#000000003A870BD2
(9.721981) can0 290#0020000000000000
(9.722144) can0 12B#0000000000014F77
(9.722266) can0 174#EA7F0000276B0CEC
(9.722412) can0 178#D07F000036950CC8
(9.732238) can0 17C#0000000040870CC6
(9.732400) can0 120#0000001000000090
(9.732570) can0 121#0000000000000080
(9.732732) can0 174#EF7F0000306B0D57
(9.742467) can0 178#D97F01203E950D76
(9.742633) can0 17C#000000004B870D5B
(9.742796) can0 290#0010000000000000
(9.752710) can0 12B#0000000000014F78
(9.752873) can0 174#EF7F0000366B0E75
(9.753042) can0 178#EC7F022145950E58
(9.762956) can0 17C#000000004B870E7C
(9.763120) can0 174#EF7F0000396B0FEE
(9.763283) can0 178#F57F032448950F4F
(9.773196) can0 17C#0000000038870FA5
(9.773358) can0 540#02000000100000F2
(9.773489) can0 174#EF7F0000366B00D3
(9.773635) can0 178#FD7F042F42950004
(9.783452) can0 17C#0000000023870086
(9.783620) can0 120#00000010000000D0
(9.783782) can0 121#00000000000000C0
(9.783944) can0 129#00000000000000C0
(9.793682) can0 174#F57F0000366B011F
(9.793846) can0 178#038005123A9501B6
(9.794008) can0 17C#000000001C870135
(9.803925) can0 290#0000000000000000
(9.804088) can0 12B#0000000000014F78
(9.804210) can0 174#F57F0000386B0231
(9.804356) can0 178#068006243195029D
(9.814168) can0 17C#000000002A87023F
(9.814330) can0 120#0000001000000030
(9.814496) can0 174#F27F0000396B032D
(9.824411) can0 178#0B800726269503B9
(9.824578) can0 17C#00000000478703F7
(9.824741) can0 450#0000000000000000
(9.824863) can0 178#11800820219504A4
(9.834656) can0 17C#0000000063870492
(9.834820) can0 120#0000001000000050
(9.834982) can0 17C#000000006E87050A
(9.835143) can0 290#0020000000000000
(9.844914) can0 12B#0000000000014F78
(9.845036) can0 174#FA7F00002D6B0688
(9.845189) can0 120#0000001000000070
(9.845351) can0 121#0000000000000060
(9.855149) can0 129#0000000000000060
(9.855311) can0 290#0020000000000000
(9.855434) can0 290#0030000000000000
(9.855585) can0 12B#0000000000014F78
(9.855707) can0 12A#1228012000000000
(9.855813) can0 120#0000001000000090
(9.865383) can0 121#0000000000000080
(9.865553) can0 129#0000000000000080
(9.865715) can0 290#0040000000000000
(9.875625) can0 540#02000000100000F2
(9.875748) can0 290#0010000000000000
(9.875896) can0 12B#0000000000014F78
(9.876017) can0 174#F87F0000386B0A3F
(9.876164) can0 120#00000010000000B0
(9.885871) can0 121#00000000000000A0
(9.886033) can0 129#00000000000000A0
(9.886231) can0 541#0280000000000000
(9.886366) can0 290#0040000000000000
(9.896125) can0 12B#0000000000014F77
(9.896287) can0 174#F57F0000356B0C12
(9.896449) can0 178#0E80000045950CC2
(9.896616) can0 17C#000000003F870C08
(9.906354) can0 120#00000010000000D0
(9.906524) can0 121#00000000000000C0
(9.906687) can0 129#00000000000000C0
(9.916597) can0 290#0000000000000000
(9.916768) can0 12B#0000000000014F77
(9.916889) can0 174#F57F0000306B0EA1
(9.917036) can0 120#0000001000000030
(9.926845) can0 121#0000000000000020
(9.927007) can0 129#0000000000000020
(9.927170) can0 290#0000000000000000
(9.927292) can0 12B#0000000000014F78
(9.937083) can0 174#FD7F00002D6B0048
(9.937245) can0 178#0B8004203F9500D2
(9.937407) can0 129#0000000000000040
(9.947340) can0 290#0020000000000000
(9.947508) can0 12B#0000000000014F77
(9.947678) can0 128#1388030000EC7862
(9.947841) can0 290#0040000000000000
(9.957571) can0 12B#0000000000014F78
(9.957741) can0 12A#1228012000000000
(9.957869) can0 290#0030000000000000
(9.958016) can0 12B#0000000000014F78
(9.958144) can0 128#1388030000EC7882
(9.967813) can0 290#0020000000000000
(9.967985) can0 12B#0000000000014F77
(9.968154) can0 174#F57F00001D6B04C6
(9.978055) can0 178#088008273C9504FB
(9.978224) can0 128#1388030000EC78A2
(9.978385) can0 12E#00000000000000A0
(9.988298) can0 174#EC7F0000276B05CA
(9.988460) can0 178#0B8000003A9505CD
(9.988629) can0 174#EA7F0000306B06AC
(9.998556) can0 178#008001203E9506F9
(9.998718) can0 17C#00000000138706E0
(9.998881) can0 120#00000010000000B0
(9.999043) can0 12C#0000000000000000
(9.999165) can0 5A0#00692000000000C9
(10.008784) can0 550#1000000000000070
(10.008948) can0 300#0F00000000000000
(10.009071) can0 174#F57F00002D6B0872
(10.009217) can0 178#EC7F0112369508B9
(10.019027) can0 17C#0000000015870843
(10.019190) can0 174#F57F00002A6B09E5
(10.019353) can0 178#EC7F020F2E950964
(10.029270) can0 17C#000000001E8709DE
(10.029433) can0 174#FD7F0000286B0A13
(10.029602) can0 178#F87F03022E950AB6
(10.039514) can0 17C#000000002E870AD1
(10.039678) can0 174#FD7F00002E6B0B0B
(10.039843) can0 178#0880040531950B6A
(10.049756) can0 17C#000000003D870B58
(10.049919) can0 290#0040000000000000
(10.050084) can0 550#1000000000000090
(10.060012) can0 174#FA7F0000356B0C4E
(10.060183) can0 178#1480051236950C0A
(10.060346) can0 17C#0000000042870CC5
(10.060525) can0 450#0000000000000000
(10.060657) can0 174#EF7F00003C6B0D5D
(10.070277) can0 178#168006143C950D75
(10.070456) can0 17C#0000000035870D1A
(10.070633) can0 174#EC7F00003C6B0E9D
(10.080493) can0 178#1180072F3C950EFF
(10.080664) can0 17C#000000001C870E8E
(10.080831) can0 174#EF7F0000366B0F68
(10.090728) can0 178#088008023C950FAD
(10.090891) can0 17C#0000000016870F9C
(10.091055) can0 174#F57F0000336B008B
(10.100970) can0 178#FD7F090F369500A8
(10.101143) can0 17C#0000000029870089
(10.101307) can0 300#0F00000000000000
(10.101439) can0 174#F57F0000366B011F
(10.111227) can0 178#FD7F0A1331950176
(10.111390) can0 17C#000000003F870189
(10.111570) can0 450#0000000000000000
(10.111694) can0 290#0020000000000000
(10.111857) can0 12B#0000000000014F77
(10.111980) can0 174#F87F0000366B02DE
(10.121460) can0 178#06800B033195028B
(10.121639) can0 17C#000000004887026C
(10.121803) can0 120#00000010000000B0
(10.121934) can0 121#00000000000000A0
(10.131705) can0 174#FA7F00002B6B03E4
(10.131868) can0 178#19800C083195035E
(10.132032) can0 17C#00000000478703F7
(10.141946) can0 290#0020000000000000
(10.142070) can0 174#FA7F0000276B04BD
(10.142217) can0 178#24800D2F34950460
(10.142381) can0 17C#00000000438704A2
(10.152185) can0 120#00000010000000D0
(10.152348) can0 121#00000000000000C0
(10.152520) can0 129#00000000000000C0
(10.162442) can0 174#FA7F00002A6B0525
(10.162613) can0 178#27800E073C9505FE
(10.162777) can0 17C#00000000478705B9
(10.162941) can0 174#F57F00002E6B0658
(10.172671) can0 178#1C800F0D3F950667
(10.172836) can0 17C#0000000043870698
(10.173000) can0 450#0000000000000000
(10.173124) can0 120#0000001000000030
(10.182914) can0 174#F27F0000306B07DA
(10.183078) can0 178#0E80000239950768
(10.183241) can0 17C#000000003C87074B
(10.193157) can0 174#EA7F00002A6B081D
(10.193320) can0 178#08800108379508D8
(10.193491) can0 17C#000000003A8708F5
(10.203400) can0 120#0000001000000050
(10.203578) can0 174#E77F0000236B0965
(10.203741) can0 178#0B8000003E950957
(10.213646) can0 17C#000000003D870962
(10.213810) can0 174#EA7F0000286B0A24
(10.213974) can0 178#0B80012848950A81
(10.214135) can0 17C#0000000042870A8B
(10.223904) can0 300#0F00000000000000
(10.224028) can0 174#F27F00002E6B0B57
(10.224175) can0 178#0B8002204F950B34
(10.224346) can0 17C#0000000043870B19
(10.234138) can0 174#FA7F0000316B0C48
(10.234301) can0 178#0B80032142950C15
(10.234465) can0 17C#0000000038870C82
(10.244372) can0 120#0000001000000090
(10.244542) can0 121#00000000000C008C
(10.244706) can0 129#0000000000000080
(10.254651) can0 174#F57F0000336B0D0A
(10.254831) can0 178#0B80042331950DE0
(10.254995) can0 17C#000000002A870D84
(10.264859) can0 290#0020000000000000
(10.264983) can0 12B#0000000000014F78
(10.265131) can0 174#F57F00002E6B0EB0
(10.265295) can0 178#0B80052328950E36
(10.275114) can0 17C#0000000029870E2F
(10.275278) can0 17C#000000002C870FBB
(10.275442) can0 290#0040000000000000
(10.275615) can0 12B#0000000000014F78
(10.275738) can0 17C#0000000032870011
(10.285344) can0 450#0000000000000000
(10.285468) can0 120#00000010000000D0
(10.285623) can0 540#02000000100000F2
(10.285747) can0 290#0020000000000000
(10.285896) can0 12B#0000000000014F78
(10.286019) can0 174#FA7F00003B6B02E1
(10.295587) can0 120#0000001000000030
(10.295750) can0 121#00000000000C002C
(10.295920) can0 129#0000000000000020
(10.305831) can0 541#0280000000000000
(10.305955) can0 290#0020000000000000
(10.306063) can0 12B#0000000000014F78
(10.306170) can0 174#FA7F0000416B04E8
(10.306318) can0 120#0000001000000050
(10.306489) can0 121#00000000000C004C
(10.316072) can0 129#0000000000000040
(10.316236) can0 290#0050000000000000
(10.316401) can0 12B#0000000000014F78
(10.316532) can0 174#F27F0000406B068F
(10.326329) can0 178#F87F000029950639
(10.326496) can0 120#0000001000000070
(10.326660) can0 121#00000000000C006C
(10.326828) can0 129#0000000000000060
(10.336560) can0 290#0030000000000000
(10.336724) can0 290#0020000000000000
(10.336889) can0 12B#0000000000014F78
(10.337012) can0 174#008000002A6B086C
(10.346801) can0 120#0000001000000090
(10.346965) can0 121#00000000000C008C
(10.347128) can0 129#0000000000000080
(10.357044) can0 290#0020000000000000
(10.357168) can0 12B#0000000000014F78
(10.357275) can0 12A#1228012000000000
(10.357382) can0 129#00000000000000A0
(10.357538) can0 290#0020000000000000
(10.357673) can0 12B#0000000000014F78
(10.357783) can0 290#0020000000000000
(10.357910) can0 12B#0000000000014F78
(10.358017) can0 174#03800000206B0CF0
(10.358173) can0 12B#0000000000014F78
(10.358297) can0 290#0040000000000000
(10.367287) can0 128#1388030000EC7822
(10.367450) can0 12E#0000000000000020
(10.367629) can0 174#F57F00002D6B0D1B
(10.377545) can0 290#0020000000000000
(10.377718) can0 12B#0000000000014F78
(10.377849) can0 174#EF7F0000336B0EFC
(10.377997) can0 128#1388030000EC7842
(10.378168) can0 12E#0000000000000040
(10.387773) can0 12A#1228012000000000
(10.387903) can0 12B#0000000000014F78
(10.388011) can0 174#EA7F0000206B00FA
(10.388202) can0 178#BA7F08207F950053
(10.388381) can0 174#F27F0000126B01A7
(10.398016) can0 178#E77F0925899501FB
(10.398188) can0 17C#000000007A870160
(10.398352) can0 290#0050000000000000
(10.408259) can0 174#FD7F00000F6B0241
(10.408423) can0 178#0E800A296B9502B5
(10.408603) can0 17C#00000000678702DA
(10.418510) can0 120#014C00100000007D
(10.418673) can0 174#00800000206B03AC
(10.418838) can0 178#2D8000003A95033F
(10.428745) can0 17C#00000000298703AE
(10.428909) can0 550#10000000000000D0
(10.429074) can0 174#FA7F00003C6B0425
(10.438988) can0 178#38800120109504FE
(10.439151) can0 174#F27F0000596B0533
(10.439322) can0 178#22800000F3940542
(10.449231) can0 17C#00000000D386052B
(10.449395) can0 174#E17F00006A6B06EE
(10.449566) can0 178#F27F0120EE940617
(10.459481) can0 17C#00000000EA8606A7
(10.459646) can0 120#014C0010000000BD
(10.459809) can0 174#D07F0000596B07DC
(10.469730) can0 178#D07F022125950790
(10.469894) can0 17C#000000001F8707F7
(10.470058) can0 290#0010000000000000
(10.470223) can0 174#D37F0000256B08C2
(10.479960) can0 178#D97F03248C95086E
(10.480123) can0 17C#0000000064870884
(10.480294) can0 300#0F00000000000000
(10.480425) can0 174#EA7F0000F56A0972
(10.490203) can0 178#FD7F042FD59509A3
(10.490366) can0 17C#0000000099870994
(10.490539) can0 174#08800000EB6A0AE7
(10.500446) can0 178#0B800512D4950A32
(10.500624) can0 17C#000000009B870AB0
(10.500788) can0 174#198000000A6B0B4D
(10.510689) can0 178#1480062487950B86
(10.510858) can0 17C#0000000058870B81
(10.511022) can0 290#0040000000000000
(10.520932) can0 174#19800000496B0CF2
(10.521102) can0 178#27800726F3940CAB
(10.521266) can0 17C#00000000EF860CFC
(10.531175) can0 120#014C00100000005D
(10.531338) can0 174#00800000866B0DFF
(10.531516) can0 178#2D80082063940D13
(10.541423) can0 17C#000000009B860DAF
(10.541602) can0 290#0020000000000000
(10.541767) can0 174#CE7F0000876B0E20
(10.551668) can0 178#0B8009255D940E10
(10.551832) can0 17C#0000000098860E04
(10.552003) can0 450#0000000000000000
(10.552128) can0 120#014C00100000007D
(10.561912) can0 121#00000000000C006C
(10.562075) can0 174#A97F0000496B0FAB
(10.562247) can0 178#DE7F0000FF940F81
(10.562409) can0 17C#00000000F8860F49
(10.572162) can0 174#B47F0000ED6A00F5
(10.572326) can0 178#CE7F0125E69500A7
(10.572496) can0 17C#000000008A8700F5
(10.582389) can0 120#019F001000000090
(10.582560) can0 121#00000000000C008C
(10.582724) can0 174#EF7F0000B86A014B
(10.592632) can0 178#E17F023957960173
(10.593758) can0 17C#00000000F48701A9
(10.594014) can0 290#0010000000000000
(10.602877) can0 174#27800000C76A0206
(10.603052) can0 178#11800321F995020A
(10.603216) can0 17C#00000000D987023B
(10.613118) can0 120#019F0010000000B0
(10.613288) can0 300#0F00000000000000
(10.613412) can0 174#38800000066B039D
(10.613568) can0 178#4E8004201E9503A0
(10.623361) can0 174#14800000576B04ED
(10.623533) can0 178#5A8000006B940451
(10.623696) can0 17C#000000009B86045A
(10.633604) can0 120#018F0010000000C0
(10.633767) can0 174#DC7F00008B6B05E6
(10.633931) can0 178#2280000058940532
(10.643849) can0 17C#000000004B8605FF
(10.644013) can0 290#0040000000000000
(10.644178) can0 174#C27F00008B6B0679
(10.654090) can0 178#D67F0122D894061B
(10.654253) can0 17C#000000009186066F
(10.654418) can0 174#D37F00005C6B07B2
(10.664346) can0 178#A47F02207C950797
(10.664518) can0 17C#000000003A87074E
(10.664683) can0 290#0020000000000000
(10.664850) can0 174#F87F0000156B08B0
(10.674579) can0 178#BD7F0332F1950837
(10.674742) can0 17C#00000000E38708CE
(10.674907) can0 450#0000000000000000
(10.675031) can0 120#0194001000000045
(10.684823) can0 178#16800420F99509DD
(10.684986) can0 17C#00000000218809D3
(10.685150) can0 540#02019400000000F2
(10.695062) can0 17C#00000000CA870A47
(10.695240) can0 120#0194001000000065
(10.695414) can0 121#00000000000C006C
(10.705305) can0 290#0000000000000000
(10.705470) can0 12B#0000000000014F78
(10.705599) can0 174#00800000606B0C77
(10.705747) can0 120#0175001000000086
(10.715549) can0 121#00000000000C008C
(10.715713) can0 129#0000000000000080
(10.715877) can0 290#0020000000000000
(10.725791) can0 12B#0000000000014F78
(10.725914) can0 290#0010000000000000
(10.726063) can0 12B#0000000000014F79
(10.726226) can0 174#F27F0000916B0E50
(10.736034) can0 178#C57F0000C8940EB2
(10.736197) can0 120#01750010000000A6
(10.736360) can0 121#00000000000C00AC
(10.746277) can0 129#00000000000000A0
(10.746441) can0 290#0020000000000000
(10.746613) can0 12B#0000000000014F79
(10.746736) can0 174#FD7F0000E86A002D
(10.756524) can0 120#016C0010000000DD
(10.756687) can0 121#00000000000C00CC
(10.756853) can0 129#00000000000000C0
(10.757015) can0 290#0020000000000000
(10.757139) can0 12B#0000000000014F78
(10.766779) can0 12A#1328012000000000
(10.766942) can0 120#016C00100000003D
(10.767105) can0 121#00000000000C002C
(10.777005) can0 129#0000000000000020
(10.777176) can0 290#0040000000000000
(10.777358) can0 12B#0000000000014F78
(10.778625) can0 290#0020000000000000
(10.787248) can0 12B#0000000000014F79
(10.787420) can0 174#00800000786B048B
(10.787589) can0 129#0000000000000040
(10.797499) can0 541#0280000000000000
(10.797631) can0 290#0020000000000000
(10.797739) can0 290#0030000000000000
(10.797897) can0 12B#0000000000014F79
(10.798020) can0 174#E47F0000A56B06FC
(10.798176) can0 290#0050000000000000
(10.807734) can0 12B#0000000000014F79
(10.807865) can0 128#1388030000EC7882
(10.808012) can0 12E#0000000000000080
(10.808183) can0 290#0030000000000000
(10.817977) can0 12B#0000000000014F79
(10.818107) can0 174#CB7F0000D56A086D
(10.818254) can0 178#587F0802DE950803
(10.818418) can0 17C#00000000CD8708F7
(10.828220) can0 120#017A00100000008B
(10.828383) can0 128#1388030000EC78A2
(10.828554) can0 12E#00000000000000A0
(10.838463) can0 174#E77F0000AB6A09E5
(10.838635) can0 178#CE7F090F839609D9
(10.838798) can0 174#27800000D76A0AF6
(10.848706) can0 178#57800A1397960A37
(10.848870) can0 17C#0000000021880AF4
(10.849034) can0 174#65800000406B0B91
(10.858963) can0 178#AB800B0384950B37
(10.859133) can0 17C#000000008D870BB0
(10.859297) can0 290#0010000000000000
(10.859462) can0 550#1000000000000050
(10.869192) can0 174#5C800000A86B0C07
(10.869364) can0 178#B0800C08D8930C02
(10.869535) can0 174#F87F0000D66B0DF5
(10.879435) can0 178#68800D2FFF920D29
(10.879606) can0 17C#00000000A2850DD0
(10.879770) can0 540#0202AC00000000F2
(10.889678) can0 174#827F00008F6B0E49
(10.889844) can0 178#EA7F0E07BA930ED1
(10.890007) can0 17C#00000000AF850E72
(10.899921) can0 120#02AC00100000003E
(10.900084) can0 174#587F0000176B0F2E
(10.900254) can0 178#857F0F0D60950FF2
(10.910164) can0 17C#00000000C8860F61
(10.910328) can0 174#967F0000AA6A00CA
(10.910496) can0 178#777F0002E8960056
(10.920407) can0 17C#0000000023880025
(10.920587) can0 550#1000000000000070
(10.920752) can0 300#0F00000000000000
(10.920876) can0 174#0E800000706A01A3
(10.930650) can0 174#65800000A56A0231
(10.930814) can0 178#54800000099602D5
(10.930978) can0 17C#00000000AF8802D5
(10.940897) can0 120#051900100000006E
(10.941060) can0 174#578000000A6B037A
(10.941239) can0 178#CC800128EC94033F
(10.951138) can0 17C#00000000778703DF
(10.951303) can0 290#0010000000000000
(10.951433) can0 174#22800000526B0461
(10.951589) can0 178#D58002208F9404A4
(10.951757) can0 17C#00000000458604EB
(10.961401) can0 174#FA7F0000956B054B
(10.961573) can0 178#708003210594057B
(10.961744) can0 17C#00000000D4850575
(10.972633) can0 174#C57F0000C16B0698
(10.972885) can0 178#E47F0423D09306C0
(10.973048) can0 17C#00000000038606B4
(10.981872) can0 174#907F0000A26B070A
(10.982044) can0 178#637F05236E940780
(10.982207) can0 17C#00000000A68607D0
(10.992107) can0 540#02065000000000F2
(10.992276) can0 174#857F0000336B086B
(10.992440) can0 178#347F0622959508B5
(11.002357) can0 17C#00000000A18708AD
(11.002529) can0 120#06C00010000000D6
(11.002697) can0 121#00290013000800C4
(11.012593) can0 174#B27F0000C36A09EA
(11.012756) can0 178#747F0724B5960991
(11.012919) can0 17C#00000000908809B4
(11.022839) can0 290#0040000000000000
(11.023003) can0 12B#0000000000014F79
(11.023126) can0 174#0E800000B66A0AC9
(11.023280) can0 178#FD7F08233B970A95
(11.033079) can0 17C#00000000FC880AC9
(11.033243) can0 120#0709001000000020
(11.033406) can0 300#0F00000000000000
(11.033538) can0 174#65800000D86A0B09
(11.043322) can0 178#86800920A6960B7D
(11.043491) can0 17C#000000008F880B10
(11.043654) can0 450#0000000000000000
(11.043778) can0 290#0020000000000000
(11.053588) can0 174#708000002A6B0C10
(11.053751) can0 178#D7800A21CF940C7C
(11.053914) can0 17C#000000005E870CD7
(11.054078) can0 120#074300100000005A
(11.063808) can0 174#19800000AE6B0DF5
(11.063972) can0 178#CC800B2945930D2D
(11.064135) can0 17C#00000000EA850DBC
(11.074051) can0 290#0010000000000000
(11.074215) can0 174#A17F0000D46B0E39
(11.074378) can0 178#5480000051930E5C
(11.084294) can0 17C#0000000022850E37
(11.084458) can0 120#079600100000006D
(11.084625) can0 174#6C7F0000806B0FC3
(11.094538) can0 178#A97F000096940FD4
(11.094702) can0 17C#0000000094850FC7
(11.094866) can0 174#987F00000E6B0071
(11.104780) can0 178#2E7F00FF3C960081
(11.104943) can0 17C#00000000FC8600F4
(11.105114) can0 450#0000000000000000
(11.105269) can0 120#079D001000000094
(11.115023) can0 121#0024000C00080098
(11.115186) can0 129#0000000000000080
(11.115350) can0 290#0000000000000000
(11.125275) can0 12B#0000000000014F79
(11.125398) can0 128#1388030000EC78A2
(11.125512) can0 12E#00000000000000A0
(11.125619) can0 174#088000009D6A0165
(11.125767) can0 178#297F0000469701BF
(11.125931) can0 17C#0000000082880147
(11.135516) can0 174#6D800000866A025F
(11.135680) can0 178#A17F0120B1960285
(11.135845) can0 17C#00000000268902DA
(11.145754) can0 120#07850010000000BC
(11.145918) can0 121#0024000D000800B9
(11.146081) can0 178#518002223495033C
(11.146243) can0 17C#000000007788037C
(11.156011) can0 290#0000000000000000
(11.157144) can0 12B#0000000000014F79
(11.157315) can0 174#0B800000416B0415
(11.157496) can0 17C#00000000F8860486
(11.157723) can0 120#07740010000000CB
(11.166238) can0 121#0025000D000800DA
(11.166401) can0 450#0000000000000000
(11.166534) can0 290#0000000000000000
(11.166642) can0 12B#0000000000014F79
(11.166749) can0 120#074700100000003E
(11.166897) can0 121#0025000F0008003C
(11.176489) can0 129#0000000000000020
(11.176652) can0 290#0040000000000000
(11.176818) can0 12B#0000000000014F79
(11.176941) can0 174#358000002D6B0804
(11.186723) can0 120#071B001000000052
(11.186887) can0 121#002600100008005E
(11.187050) can0 129#0000000000000040
(11.196966) can0 290#0030000000000000
(11.197131) can0 12B#0000000000014F79
(11.197254) can0 12A#1328012000000000
(11.197361) can0 120#06E800100000007E
(11.197512) can0 121#0028001200080062
(11.207215) can0 129#0000000000000060
(11.207378) can0 290#0010000000000000
(11.207551) can0 12B#0000000000014F79
(11.207681) can0 174#9B7F0000226B0C30
(11.217452) can0 178#8180000079950C1D
(11.217630) can0 120#06B1001000000087
(11.217793) can0 121#0029001400080085
(11.227701) can0 129#0000000000000080
(11.227873) can0 541#0280000000000000
(11.227997) can0 290#0030000000000000
(11.228155) can0 12B#0000000000014F79
(11.228278) can0 174#11800000786B0EBD
(11.237938) can0 129#00000000000000A0
(11.238109) can0 290#0060000000000000
(11.238274) can0 12B#0000000000014F79
(11.238402) can0 290#0030000000000000
(11.248195) can0 12B#0000000000014F79
(11.248318) can0 174#4E800000466B0001
(11.248466) can0 290#0010000000000000
(11.248636) can0 12B#0000000000014F79
(11.248759) can0 128#1388030000EC7822
(11.248906) can0 290#0010000000000000
(11.249030) can0 12B#0000000000014F79
(11.249137) can0 174#887F0000FC6A0235
(11.258424) can0 128#1388030000EC7842
(11.258603) can0 12E#0000000000000040
(11.258767) can0 174#6F7F0000DC6A0386
(11.268667) can0 12A#1328012000000000
(11.268790) can0 550#1000000000000090
(11.268939) can0 174#B77F0000F66A04FE
(11.269102) can0 178#16800624BC9604FB
(11.278910) can0 12E#0000000000000060
(11.279074) can0 174#2D800000366B0576
(11.279238) can0 178#358007268A96050E
(11.289153) can0 17C#00000000F7870551
(11.289317) can0 174#83800000626B06E0
(11.289489) can0 178#438008207795063E
(11.299396) can0 17C#00000000988706A0
(11.299568) can0 174#76800000676B07E9
(11.299731) can0 178#3B800925FF930739
(11.309639) can0 17C#00000000D8860791
(11.309803) can0 174#088000005F6B087F
(11.310962) can0 178#198000006A930882
(11.319884) can0 17C#000000004D86087B
(11.320064) can0 550#10000000000000B0
(11.320228) can0 300#0F00000000000000
(11.320359) can0 174#8D7F00002B6B09B0
(11.330125) can0 174#667F0000F86A0ACA
(11.330288) can0 178#B47F0239B1950AAE
(11.330452) can0 17C#0000000016870AF5
(11.340371) can0 120#069C0010000000B2
(11.340548) can0 174#AF7F0000E56A0BBA
(11.340712) can0 178#A67F0321BE960B31
(11.340874) can0 17C#000000000D880BD3
(11.350627) can0 174#30800000F86A0C39
(11.350790) can0 178#D37F0420D5960C18
(11.350954) can0 17C#0000000096880CD8
(11.360856) can0 174#8C800000066B0D25
(11.361019) can0 178#2A800000DB950D08
(11.361183) can0 17C#000000005B880DE0
(11.371097) can0 174#7E8000001D6B0E89
(11.371268) can0 178#8180000034940E8E
(11.371438) can0 17C#000000006C870EC6
(11.381340) can0 174#08800000596B0F29
(11.381519) can0 178#9180012242930F99
(11.381689) can0 17C#0000000066860F98
(11.391583) can0 540#02069C00000000F2
(11.391759) can0 174#8A7F0000676B00A1
(11.391923) can0 178#46800220C0930030
(11.401826) can0 17C#0000000000860076
(11.401998) can0 120#069C001000000052
(11.402169) can0 174#5B7F00004A6B0192
(11.412068) can0 178#DC7F033220950119
(11.412232) can0 17C#00000000868601AE
(11.412396) can0 174#987F0000206B0272
(11.422311) can0 178#987F042068960238
(11.422482) can0 17C#0000000093870254
(11.422646) can0 300#0F00000000000000
(11.422770) can0 174#14800000116B03DB
(11.432556) can0 178#A47F0523D19603F3
(11.432719) can0 17C#000000006F880368
(11.432884) can0 174#76800000FC6A04DA
(11.442812) can0 178#F87F0632299604FE
(11.442975) can0 17C#000000008A880422
(11.443140) can0 174#73800000FE6A05F0
(11.443303) can0 178#68800721AB94055C
(11.453040) can0 17C#00000000C587057A
(11.453204) can0 290#0030000000000000
(11.453369) can0 174#0E800000366B06D9
(11.463283) can0 178#A8800827A693066D
(11.463447) can0 17C#00000000AD86064D
(11.463616) can0 174#967F0000656B07F3
(11.473528) can0 178#86800000DB93071A
(11.473691) can0 17C#000000000B8607A5
(11.473861) can0 290#0020000000000000
(11.483769) can0 174#637F00006E6B0855
(11.483940) can0 178#1C800120E89408AC
(11.484103) can0 17C#00000000428608FD
(11.494012) can0 450#0000000000000000
(11.494136) can0 120#06B00010000000C6
(11.494284) can0 174#987F0000526B09F6
(11.494447) can0 178#AC7F0000FF950931
(11.504255) can0 17C#000000000B87094F
(11.504419) can0 174#0E800000386B0A4C
(11.504591) can0 178#7A7F011271960A76
(11.514504) can0 17C#00000000CB870AC8
(11.515663) can0 120#06B400100000002A
(11.515918) can0 174#6D8000000A6B0B2C
(11.524741) can0 178#9E7F020F04960B07
(11.524913) can0 17C#0000000002880B55
(11.525078) can0 174#6D800000EE6A0CA5
(11.534987) can0 178#03800302C2940CBB
(11.535151) can0 17C#000000009B870CFE
(11.535315) can0 120#06B900100000004F
(11.535482) can0 121#0028001300080043
(11.545243) can0 129#0000000000000040
(11.545407) can0 178#65800405E7930D7B
(11.545579) can0 17C#00000000E3860DEB
(11.555470) can0 450#0000000000000000
(11.555600) can0 290#0020000000000000
(11.555708) can0 17C#000000005E860EA1
(11.555861) can0 120#06BD001000000073
(11.556024) can0 121#0028001300080063
(11.565713) can0 129#0000000000000060
(11.565877) can0 290#0030000000000000
(11.566042) can0 12B#0000000000014F79
(11.566165) can0 174#A17F0000526B005A
(11.575956) can0 120#06BF001000000095
(11.576119) can0 121#0028001300080083
(11.576282) can0 129#0000000000000080
(11.586199) can0 290#0020000000000000
(11.586363) can0 12B#0000000000014F79
(11.586491) can0 12A#1328012000000000
(11.586597) can0 120#06B60010000000AC
(11.586745) can0 121#00270014000800A3
(11.596442) can0 129#00000000000000A0
(11.596614) can0 290#0010000000000000
(11.596778) can0 540#0206B300000000F2
(11.606685) can0 290#0020000000000000
(11.606852) can0 12B#0000000000014F79
(11.606975) can0 120#06AE0010000000C4
(11.607122) can0 121#00280014000800C4
(11.616928) can0 129#00000000000000C0
(11.617091) can0 290#0020000000000000
(11.617215) can0 12B#0000000000014F79
(11.617323) can0 174#637F0000236B0616
(11.617470) can0 120#06A600100000003C
(11.627170) can0 121#0028001400080024
(11.627334) can0 129#0000000000000020
(11.627506) can0 290#0020000000000000
(11.627642) can0 12B#0000000000014F79
(11.627752) can0 174#35800000466B08D4
(11.637427) can0 129#0000000000000040
(11.637604) can0 290#0040000000000000
(11.637769) can0 12B#0000000000014F79
(11.637900) can0 128#1388030000EC7862
(11.638047) can0 290#0000000000000000
(11.647662) can0 12B#0000000000014F79
(11.647785) can0 174#78800000396B0A18
(11.647940) can0 290#0030000000000000
(11.648111) can0 12B#0000000000014F79
(11.648234) can0 128#1388030000EC7882
(11.657905) can0 290#0020000000000000
(11.658070) can0 12B#0000000000014F79
(11.658201) can0 12A#1328012000000000
(11.658308) can0 550#10000000000000D0
(11.658457) can0 174#7A7F00002E6B0C77
(11.668148) can0 12B#0000000000014F79
(11.668271) can0 128#1388030000EC78A2
(11.668418) can0 12E#00000000000000A0
(11.669652) can0 174#A17F00001C6B0E95
(11.678385) can0 178#D97F03218A960E22
(11.678561) can0 17C#00000000AE870E65
(11.678725) can0 174#24800000436B0FEA
(11.688628) can0 178#DE7F04239F960F0C
(11.688792) can0 17C#000000002E880F1B
(11.688956) can0 174#86800000436B0025
(11.698873) can0 178#F87F0523E99500F8
(11.699037) can0 17C#00000000F48700B4
(11.699201) can0 5A0#00692000000000A9
(11.709114) can0 550#1000000000000030
(11.709279) can0 300#0F00000000000000
(11.709403) can0 174#16800000526B0290
(11.709559) can0 178#30800724A393029C
(11.719357) can0 17C#000000007A86020B
(11.719530) can0 174#8D7F00004E6B03BB
(11.719693) can0 178#1C8008230B9403D8
(11.729603) can0 17C#00000000358603F0
(11.729767) can0 290#0000000000000000
(11.729932) can0 174#557F0000306B04BD
(11.730094) can0 178#E77F092058950476
(11.739861) can0 17C#00000000A68604F7
(11.740034) can0 120#06C3001000000059
(11.740205) can0 174#907F00000C6B05C9
(11.750086) can0 178#AF7F0A218C96052E
(11.750249) can0 17C#0000000080870593
(11.750414) can0 290#0050000000000000
(11.760329) can0 550#1000000000000050
(11.760510) can0 174#148000000F6B06A3
(11.760674) can0 178#A47F0B29DC9606B2
(11.770573) can0 17C#000000003A8806F0
(11.770737) can0 174#81800000076B079E
(11.770901) can0 178#D97F00002B9607C1
(11.780820) can0 17C#0000000041880725
(11.780991) can0 174#898000000F6B08FB
(11.781155) can0 178#358000009B9408A8
(11.791058) can0 17C#0000000095870883
(11.791222) can0 174#19800000466B091D
(11.791393) can0 178#7B8000FF829309AE
(11.801301) can0 17C#000000009C860951
(11.801472) can0 174#887F0000676B0AC9
(11.801652) can0 178#68800000CD930A97
(11.811551) can0 17C#000000001B860A3C
(11.811715) can0 300#0F00000000000000
(11.811846) can0 174#4D7F00005D6B0BB8
(11.811994) can0 178#0B80012015950BFD
(11.821793) can0 17C#0000000075860B78
(11.821957) can0 174#907F0000396B0C9D
(11.822128) can0 178#B47F02225F960CAE
(11.832043) can0 17C#0000000055870C57
(11.832207) can0 174#19800000276B0DB6
(11.832371) can0 178#AC7F0326DA960DB5
(11.832542) can0 17C#000000000F880D9E
(11.842272) can0 290#0040000000000000
(11.842437) can0 12B#0000000000014F79
(11.842568) can0 174#83800000126B0E40
(11.842716) can0 178#E77F04253C960E5D
(11.852517) can0 17C#000000001B880EA7
(11.852681) can0 120#06D3001000000029
(11.852847) can0 174#898000000C6B0F24
(11.862758) can0 178#49800520BF940FEB
(11.862928) can0 17C#0000000080870F41
(11.863113) can0 290#0050000000000000
(11.873001) can0 174#16800000336B0075
(11.874184) can0 178#86800621BD9300AA
(11.874453) can0 17C#00000000AA860089
(11.883244) can0 450#0000000000000000
(11.883377) can0 120#06CC001000000042
(11.883532) can0 174#8A7F0000466B0103
(11.883696) can0 178#76800721189401F4
(11.893495) can0 17C#000000003A86014C
(11.893659) can0 540#0206C800000000F2
(11.893830) can0 290#0010000000000000
(11.903730) can0 12B#0000000000014F78
(11.903894) can0 174#5E7F00003E6B02CF
(11.904058) can0 178#248008203C950295
(11.913973) can0 17C#0000000085860205
(11.914138) can0 120#06C400000000006A
(11.914301) can0 174#A47F0000366B031F
(11.924219) can0 178#C57F0925469603E6
(11.924382) can0 17C#00000000558703EC
(11.924554) can0 174#1F800000306B0402
(11.924717) can0 178#967F0A29929604E7
(11.934482) can0 17C#00000000108804F5
(11.934646) can0 120#06C1000000000087
(11.934810) can0 121#0026001300080081
(11.944702) can0 174#7E800000146B05C5
(11.944866) can0 178#A97F0000E895050B
(11.945030) can0 17C#000000001D88056D
(11.954945) can0 450#0000000000000000
(11.955070) can0 174#76800000FF6A066C
(11.955217) can0 178#EC7F0120A09406C6
(11.955388) can0 17C#00000000778706B6
(11.965188) can0 178#38800000E49307C2
(11.965352) can0 17C#00000000A48607D3
(11.965524) can0 290#0020000000000000
(11.975431) can0 12B#0000000000014F78
(11.975561) can0 174#7D7F0000596B084F
(11.975709) can0 17C#000000003E8608BF
(11.975874) can0 120#06C20000000000C8
(11.985674) can0 121#00270013000800C2
(11.985838) can0 129#00000000000000C0
(11.986002) can0 290#0010000000000000
(11.995917) can0 12B#0000000000014F78
(11.996040) can0 12A#1328012000000000
(11.996147) can0 550#10000000000000D0
(11.996296) can0 174#A17F0000436B0A1F
(11.996459) can0 178#E17F03246E960A17
(12.006160) can0 17C#000000004B870A08
(12.006323) can0 450#0000000000000000
(12.006446) can0 120#06C1000000000027
(12.006597) can0 121#0026001300080021
(12.016403) can0 129#0000000000000020
(12.016574) can0 540#0206BE00000000F2
(12.016738) can0 290#0040000000000000
(12.026659) can0 12B#0000000000014F78
(12.026782) can0 174#898000001A6B0C1E
(12.026929) can0 120#06BC000000000042
(12.027092) can0 121#0026001300080041
(12.027261) can0 129#0000000000000040
(12.036891) can0 290#0020000000000000
(12.037055) can0 12B#0000000000014F79
(12.037219) can0 174#00800000286B0E21
(12.047132) can0 120#06B800000000007E
(12.047294) can0 121#0027001300080062
(12.047457) can0 129#0000000000000060
(12.057375) can0 290#0020000000000000
(12.057506) can0 12B#0000000000014F78
(12.058739) can0 174#617F0000466B003B
(12.058994) can0 120#06B3000000000099
(12.067623) can0 121#0027001400080083
(12.067786) can0 129#0000000000000080
(12.067958) can0 290#0030000000000000
(12.077867) can0 290#0030000000000000
(12.077991) can0 12B#0000000000014F79
(12.078147) can0 174#358000003C6B0241
(12.078310) can0 129#00000000000000A0
(12.088109) can0 290#0020000000000000
(12.088273) can0 12B#0000000000014F78
(12.088436) can0 128#1388030000EC78C2
(12.098346) can0 290#0020000000000000
(12.098470) can0 12B#0000000000014F79
(12.098623) can0 12A#1328012000000000
(12.098745) can0 290#0030000000000000
(12.098894) can0 12B#0000000000014F78
(12.108589) can0 128#1388030000EC7822
(12.108767) can0 290#0030000000000000
(12.108891) can0 12B#0000000000014F78
(12.108998) can0 174#6C7F0000496B0615
(12.109146) can0 12B#0000000000014F78
(12.109269) can0 128#1388030000EC7842
(12.118837) can0 12E#0000000000000040
(12.119002) can0 12B#0000000000014F79
(12.119165) can0 174#AC7F00004A6B0840
(12.119327) can0 178#D67F0122B0960879
(12.129091) can0 12E#0000000000000060
(12.129255) can0 12A#1328012000000000
(12.129378) can0 12C#0000000000000000
(12.129491) can0 174#8C800000176B0AE1
(12.129638) can0 178#F87F0332A3950A9C
(12.139318) can0 17C#0000000002880A48
(12.139490) can0 174#73800000F86A0B53
(12.139654) can0 178#3080042037940BBE
(12.149562) can0 17C#0000000032870BDE
(12.149727) can0 290#0050000000000000
(12.149892) can0 174#FA7F0000176B0C7D
(12.159804) can0 178#4C80052399930C8E
(12.159976) can0 17C#000000007A860CAD
(12.160140) can0 174#827F0000306B0D00
(12.170047) can0 178#3580063245940D59
(12.170210) can0 17C#000000004D860D12
(12.170374) can0 290#0010000000000000
(12.180290) can0 550#1000000000000090
(12.180468) can0 174#637F0000356B0EE3
(12.180663) can0 178#F87F072182950E7D
(12.190534) can0 174#AF7F0000396B0F30
(12.190698) can0 178#BA7F082771960FC1
(12.190865) can0 17C#0000000090870F59
(12.200776) can0 174#358000003B6B00F1
(12.200939) can0 178#B47F0000929600AE
(12.201103) can0 17C#000000000F88001F
(12.211019) can0 174#948000002E6B01EE
(12.211182) can0 178#DE7F0120B49501AB
(12.211346) can0 17C#00000000FC8701A5
(12.221275) can0 174#86800000146B02ED
(12.221447) can0 178#308000005294026D
(12.221623) can0 17C#00000000558702F1
(12.221787) can0 120#06A500000000002B
(12.231512) can0 300#0F00000000000000
(12.231637) can0 174#08800000236B03F2
(12.231791) can0 178#5F800112B293039C
(12.231954) can0 174#857F00002B6B04E3
(12.242808) can0 178#4980020F639404BF
(12.243067) can0 17C#00000000618604DD
(12.243231) can0 174#617F00002E6B050E
(12.251991) can0 178#008003029E950597
(12.252158) can0 17C#00000000D68605A2
(12.252323) can0 174#B27F0000366B061C
(12.262239) can0 178#C07F04058C9606F6
(12.262402) can0 17C#00000000928706AF
(12.262575) can0 120#06C1000000000067
(12.272482) can0 174#32800000396B072F
(12.272652) can0 178#B77F05129D960741
(12.272816) can0 17C#00000000FC8707EB
(12.282719) can0 174#89800000236B08C1
(12.282883) can0 178#E47F0614BB95084C
(12.283047) can0 17C#00000000C78708F8
(12.292962) can0 450#0000000000000000
(12.293087) can0 120#06B0000000000096
(12.293234) can0 174#73800000046B09A7
(12.293398) can0 178#2780072F5D94093A
(12.303205) can0 17C#000000000E8709C6
(12.303370) can0 540#0206A900000000F2
(12.303546) can0 174#FA7F0000156B0A30
(12.313451) can0 178#5C800802B2930AB6
(12.313620) can0 17C#0000000066860AF1
(12.313784) can0 174#827F0000206B0B56
(12.313946) can0 178#5A80090F4D940BAA
(12.323707) can0 17C#0000000045860B50
(12.323872) can0 290#0010000000000000
(12.323996) can0 12B#0000000000014F78
(12.324144) can0 174#697F0000206B0C20
(12.333934) can0 178#27800A138C950C3D
(12.334098) can0 17C#00000000D8860C5E
(12.334262) can0 300#0F00000000000000
(12.334386) can0 174#C07F0000256B0DF5
(12.344177) can0 178#F27F0B037B960D42
(12.344341) can0 17C#00000000AE870D42
(12.344512) can0 174#3E800000396B0E61
(12.354420) can0 178#DE7F0C0891960E03
(12.354590) can0 17C#0000000023880E83
(12.354754) can0 120#068F000000000035
(12.364663) can0 121#0028001500080025
(12.364831) can0 174#8C800000316B0FBD
(12.364994) can0 178#F27F0D2FC9950FBE
(12.374906) can0 17C#00000000E7870F9B
(12.375070) can0 290#0030000000000000
(12.375235) can0 12B#0000000000014F79
(12.385149) can0 174#738000001C6B0046
(12.385312) can0 178#1F800E076F94002B
(12.385482) can0 17C#000000003187009D
(12.395392) can0 120#069700000000005D
(12.395563) can0 121#0028001500080045
(12.395726) can0 178#3E800F0DB893011E
(12.405635) can0 17C#0000000085860122
(12.405799) can0 290#0010000000000000
(12.405964) can0 12B#0000000000014F78
(12.415893) can0 12A#1328012000000000
(12.416016) can0 17C#0000000050860234
(12.416164) can0 450#0000000000000000
(12.416289) can0 120#069D000000000063
(12.416436) can0 121#0028001400080064
(12.416608) can0 129#0000000000000060
(12.426121) can0 540#0206A000000000F2
(12.426286) can0 290#0030000000000000
(12.426450) can0 12B#0000000000014F78
(12.427649) can0 174#A47F0000236B04DD
(12.436364) can0 541#0280000000000000
(12.436496) can0 120#06A400000000008A
(12.436644) can0 121#0027001400080083
(12.436807) can0 290#0020000000000000
(12.446607) can0 12B#0000000000014F78
(12.446730) can0 174#83800000256B060A
(12.446878) can0 120#06B00000000000B6
(12.447041) can0 121#00270014000800A3
(12.456852) can0 129#00000000000000A0
(12.457016) can0 290#0020000000000000
(12.457140) can0 12B#0000000000014F78
(12.457247) can0 174#0B800000496B0885
(12.457395) can0 178#5F800423959308C4
(12.467093) can0 120#06BA0000000000C0
(12.467256) can0 121#00270013000800C2
(12.467419) can0 129#00000000000000C0
(12.477336) can0 290#0010000000000000
(12.477508) can0 12B#0000000000014F78
(12.477639) can0 174#5B7F0000306B0A1A
(12.477787) can0 178#068006225D950A46
(12.487579) can0 120#06C600000000002C
(12.487750) can0 121#0027001300080022
(12.487922) can0 129#0000000000000020
(12.497822) can0 290#0020000000000000
(12.497995) can0 12B#0000000000014F78
(12.498126) can0 12A#1328012000000000
(12.498237) can0 129#0000000000000040
(12.498393) can0 290#0030000000000000
(12.508067) can0 12B#0000000000014F78
(12.508197) can0 290#0020000000000000
(12.508346) can0 12B#0000000000014F78
(12.508469) can0 174#76800000186B0ED2
(12.508631) can0 290#0010000000000000
(12.508794) can0 12B#0000000000014F78
(12.508917) can0 128#1388030000EC7882
(12.518323) can0 290#0020000000000000
(12.518496) can0 12B#0000000000014F78
(12.518619) can0 174#887F0000576B0033
(12.518767) can0 12B#0000000000014F78
(12.518890) can0 128#1388030000EC78A2
(12.528552) can0 12E#00000000000000A0
(12.528716) can0 12B#0000000000014F78
(12.528840) can0 174#AF7F0000396B02B1
(12.528987) can0 178#D07F00FF6B9602E1
(12.538793) can0 17C#00000000778702C2
(12.538958) can0 12E#00000000000000C0
(12.539122) can0 174#30800000316B03ED
(12.549036) can0 178#D07F00009C960358
(12.549200) can0 174#89800000186B04F5
(12.549363) can0 178#FA7F0120E3950436
(12.559279) can0 17C#00000000008804ED
(12.559444) can0 120#069F0000000000C5
(12.559612) can0 174#7B8000000F6B0569
(12.569524) can0 178#278002227C940589
(12.569687) can0 17C#00000000558705A2
(12.569862) can0 290#0050000000000000
(12.579765) can0 550#10000000000000D0
(12.579939) can0 174#08800000336B0683
(12.580102) can0 178#3E800326A9930674
(12.590008) can0 174#827F0000476B0710
(12.590172) can0 178#248004252E9407BA
(12.590335) can0 17C#000000003A860702
(12.600251) can0 174#587F0000406B088F
(12.601471) can0 178#EC7F0520739508AD
(12.601777) can0 17C#00000000A78608E4
(12.610515) can0 174#9B7F0000306B0942
(12.610663) can0 178#BA7F06217B9609FF
(12.610823) can0 17C#0000000087870985
(12.610971) can0 290#0040000000000000
(12.620737) can0 174#1F800000316B0A2B
(12.620885) can0 178#BA7F07219C960AA8
(12.621040) can0 17C#000000002E880A72
(12.630972) can0 300#0F00000000000000
(12.631089) can0 174#818000001A6B0B9F
(12.631229) can0 178#E47F0820EE950BAD
(12.631384) can0 174#7E800000146B0C30
(12.641223) can0 178#27800925A0940CF3
(12.641393) can0 17C#000000006A870CF9
(12.641556) can0 174#16800000356B0DF1
(12.651466) can0 178#5A800A29CD930D40
(12.651642) can0 17C#0000000091860DA0
(12.651799) can0 290#0030000000000000
(12.661714) can0 174#9B7F0000526B0E42
(12.661862) can0 178#5C80000013940E14
(12.662025) can0 17C#000000002C860EEA
(12.671944) can0 174#667F0000546B0F15
(12.672099) can0 178#2280012026950FCD
(12.672247) can0 17C#000000007F860F03
(12.682195) can0 174#9B7F0000316B0038
(12.682342) can0 178#D07F000026960098
(12.682504) can0 17C#00000000538700CE
(12.692430) can0 450#0000000000000000
(12.692551) can0 174#148000002A6B0149
(12.692683) can0 178#A67F01206B96019B
(12.692840) can0 17C#0000000015880115
(12.702675) can0 174#76800000126B0241
(12.702832) can0 178#BA7F0221099602CE
(12.702980) can0 17C#0000000024880295
(12.703135) can0 541#0280000000000000
(12.703244) can0 174#7E8000000A6B039A
(12.712940) can0 178#FA7F0324E694033A
(12.713087) can0 17C#00000000988703C9
(12.713243) can0 174#1C800000176B045F
(12.723159) can0 178#3E80042FF49304B9
(12.723314) can0 17C#00000000CA8604AD
(12.723463) can0 120#0673000000000059
(12.733409) can0 121#0028001600080046
(12.733565) can0 300#0F00000000000000
(12.733681) can0 174#967F0000416B05FF
(12.733822) can0 178#4E800512FA9305EF
(12.743652) can0 17C#00000000538605EB
(12.743801) can0 174#557F00005D6B0652
(12.743957) can0 178#16800624F19406BC
(12.753889) can0 17C#00000000808606F8
(12.754046) can0 174#887F0000526B07E9
(12.754193) can0 178#C57F0726F6950702
(12.764138) can0 17C#0000000034870747
(12.764287) can0 290#0030000000000000
(12.764403) can0 12B#0000000000014F78
(12.764502) can0 174#06800000516B0877
(12.764642) can0 178#8D7F08205896088D
(12.774373) can0 17C#00000000F687085F
(12.774534) can0 174#788000002A6B09AB
(12.774682) can0 178#987F09251A9609C7
(12.784624) can0 17C#000000002B8809DC
(12.784773) can0 174#97800000116B0A68
(12.784928) can0 178#E17F000013950AB4
(12.795865) can0 120#06AA0000000000B0
(12.796116) can0 121#00270014000800A3
(12.796279) can0 178#3880012508940BCE
(12.805124) can0 17C#0000000015870B64
(12.805296) can0 540#0206B600000000F2
(12.805465) can0 17C#0000000091860CBD
(12.805635) can0 541#0280000000000000
(12.805760) can0 120#06D50000000000DB
(12.815353) can0 121#00280013000800C3
(12.815537) can0 290#0040000000000000
(12.815717) can0 12B#0000000000014F78
(12.815841) can0 174#747F00004A6B0E1A
(12.825596) can0 120#06EE000000000034
(12.825759) can0 121#0026001200080020
(12.825923) can0 129#0000000000000020
(12.835841) can0 290#0040000000000000
(12.835965) can0 12B#0000000000014F77
(12.836113) can0 450#0000000000000000
(12.836238) can0 290#0020000000000000
(12.836387) can0 12B#0000000000014F78
(12.846082) can0 174#6A800000186B0076
(12.846245) can0 178#B47F00004F960093
(12.846409) can0 17C#00000000F28700B1
(12.856325) can0 120#06E3000000000049
(12.856496) can0 121#0026001200080040
(12.856660) can0 129#0000000000000040
(12.866569) can0 290#0020000000000000
(12.866693) can0 290#0010000000000000
(12.866845) can0 12B#0000000000014F77
(12.867008) can0 174#38800000066B0280
(12.876812) can0 178#43800220059402EE
(12.876976) can0 17C#000000000A87020F
(12.877140) can0 120#06CF000000000075
(12.887054) can0 121#0027001200080061
(12.887217) can0 129#0000000000000060
(12.887381) can0 290#0030000000000000
(12.897299) can0 12B#0000000000014F78
(12.897463) can0 12A#1328012000000000
(12.897600) can0 120#06BF000000000085
(12.897754) can0 121#0028001300080083
(12.897948) can0 129#0000000000000080
(12.907557) can0 290#0010000000000000
(12.907730) can0 12B#0000000000014F77
(12.907902) can0 174#EC7F0000626B0604
(12.917783) can0 129#00000000000000A0
(12.917954) can0 290#0020000000000000
(12.918128) can0 12B#0000000000014F78
(12.928025) can0 290#0020000000000000
(12.928158) can0 12B#0000000000014F77
(12.928306) can0 174#918000001C6B0804
(12.928469) can0 290#0050000000000000
(12.938268) can0 12B#0000000000014F78
(12.938432) can0 128#1388030000EC7822
(12.938603) can0 290#0040000000000000
(12.948519) can0 12B#0000000000014F77
(12.948683) can0 174#AC7F00001F6B0A8B
(12.948849) can0 12B#0000000000014F77
(12.948972) can0 128#1388030000EC7842
(12.958754) can0 12E#0000000000000040
(12.958919) can0 174#537F00002E6B0BC4
(12.959082) can0 12B#0000000000014F78
(12.968997) can0 174#777F0000356B0C09
(12.969168) can0 178#008001122D960C23
(12.969331) can0 17C#0000000040870CC6
(12.980372) can0 174#F57F0000596B0D55
(12.980639) can0 178#D67F020F98960D97
(12.980795) can0 17C#00000000E7870DA1
(12.989491) can0 550#1000000000000050
(12.989655) can0 174#788000004F6B0E21
(12.989816) can0 178#D67F03022B960EF1
(12.999736) can0 174#9A8000003C6B0F52
(12.999895) can0 178#03800405DD940FFD
(13.000066) can0 17C#0000000074870FCF
(13.000235) can0 174#3E800000366B0041
(13.009965) can0 178#2D800512CD930072
(13.010123) can0 17C#000000009F860028
(13.010279) can0 174#A97F0000306B01C6
(13.020212) can0 178#38800614E0930180
(13.020375) can0 17C#0000000045860182
(13.020543) can0 174#4D7F00001D6B022D
(13.030451) can0 178#1680072F01950240
(13.030615) can0 17C#000000009B860214
(13.030771) can0 120#06BD0000000000A3
(13.040698) can0 550#1000000000000070
(13.040859) can0 300#0F00000000000000
(13.040979) can0 174#717F00000A6B03CF
(13.041118) can0 174#EF7F00002B6B043A
(13.050941) can0 178#D97F090FB89604C7
(13.051096) can0 17C#000000000A8804E2
(13.051264) can0 120#06BA0000000000C0
(13.061180) can0 174#6D8000002E6B05BC
(13.061339) can0 178#F87F0A13499605A6
(13.061518) can0 17C#000000001B880568
(13.071423) can0 290#0010000000000000
(13.071599) can0 174#918000002A6B068F
(13.071762) can0 178#27800B03E1940639
(13.081670) can0 17C#000000008A8706BB
(13.081844) can0 120#06B500000000003B
(13.081999) can0 174#35800000226B0739
(13.091915) can0 178#46800C08C89307AF
(13.092071) can0 17C#000000009B86077D
(13.092231) can0 174#A67F00001C6B0855
(13.092384) can0 178#3B800D2FE193089D
(13.102179) can0 17C#000000001C86088C
(13.102335) can0 174#557F00001A6B0903
(13.102508) can0 178#0E800E07049509A6
(13.112395) can0 17C#0000000069860950
(13.112563) can0 174#7A7F0000176B0A92
(13.112718) can0 178#DC7F0F0D36960ADA
(13.122642) can0 17C#000000003C870ACA
(13.122798) can0 174#F87F0000306B0B2E
(13.122957) can0 178#C87F0002B1960B49
(13.132883) can0 17C#00000000F9870BFE
(13.133043) can0 174#70800000276B0C95
(13.133198) can0 178#DE7F01084D960C23
(13.143128) can0 17C#0000000012880C1E
(13.143284) can0 300#0F00000000000000
(13.143404) can0 174#9A8000002B6B0DFA
(13.143552) can0 178#11800000E4940D09
(13.153370) can0 174#438000003C6B0E06
(13.153535) can0 178#3E800128AF930EB8
(13.153702) can0 17C#00000000BD860EBD
(13.163610) can0 120#06C40000000000AA
(13.163769) can0 121#00270013000800A2
(13.163924) can0 129#00000000000000A0
(13.164043) can0 174#AC7F0000406B0F1C
(13.173855) can0 178#35800220BA930F23
(13.174014) can0 17C#0000000042860FAE
(13.175171) can0 290#0030000000000000
(13.184099) can0 174#4D7F0000386B00AE
(13.184271) can0 178#F57F0321F1940000
(13.184434) can0 17C#000000008586003F
(13.194356) can0 120#06D40000000000DA
(13.194527) can0 174#6F7F0000256B01FB
(13.194691) can0 178#A97F04234F960194
(13.194861) can0 17C#000000005C870155
(13.204585) can0 290#0030000000000000
(13.204709) can0 174#EA7F00002E6B02C9
(13.204861) can0 178#8D7F0523E09602A9
(13.205024) can0 17C#000000002C880299
(13.214829) can0 450#0000000000000000
(13.214954) can0 120#06D500000000003B
(13.215101) can0 174#6D8000001D6B0356
(13.215265) can0 178#C07F062268960363
(13.225071) can0 17C#00000000428803DD
(13.225235) can0 174#8F800000176B04A0
(13.225399) can0 178#19800724F19404B0
(13.235314) can0 17C#00000000B48704A0
(13.235486) can0 541#0280000000000000
(13.235615) can0 174#35800000316B0597
(13.235777) can0 178#5C800823BF93055F
(13.245558) can0 17C#00000000D68605A2
(13.245723) can0 178#5C800920CE93066F
(13.245886) can0 17C#000000003A86061F
(13.255800) can0 120#06C800000000006E
(13.255963) can0 121#0027001300080062
(13.256127) can0 129#0000000000000060
(13.266043) can0 17C#000000004E86074C
(13.266207) can0 450#0000000000000000
(13.266331) can0 290#0010000000000000
(13.266488) can0 12B#0000000000014F78
(13.266611) can0 174#887F0000396B0882
(13.276286) can0 178#C87F0B2934960882
(13.276449) can0 17C#0000000013870846
(13.276622) can0 120#06C2000000000088
(13.286533) can0 121#0027001300080082
(13.286696) can0 129#0000000000000080
(13.286866) can0 290#0030000000000000
(13.287029) can0 12B#0000000000014F78
(13.287152) can0 290#0010000000000000
(13.296788) can0 12B#0000000000014F77
(13.296952) can0 174#7B800000226B0A67
(13.297115) can0 178#C57F000046960A97
(13.307015) can0 120#06BA0000000000A0
(13.307186) can0 121#00270013000800A2
(13.307349) can0 129#00000000000000A0
(13.317267) can0 290#0010000000000000
(13.317391) can0 12B#0000000000014F77
(13.317515) can0 12A#1328012000000000
(13.317632) can0 120#06B20000000000D8
(13.317779) can0 121#00270014000800C3
(13.317951) can0 129#00000000000000C0
(13.327508) can0 290#0050000000000000
(13.327681) can0 12B#0000000000014F78
(13.327856) can0 174#587F0000366B0E8C
(13.337744) can0 120#06AA000000000030
(13.337915) can0 121#0027001400080023
(13.338086) can0 129#0000000000000020
(13.347987) can0 290#0020000000000000
(13.348159) can0 12B#0000000000014F78
(13.348282) can0 174#088000003E6B0048
(13.348430) can0 129#0000000000000040
(13.359291) can0 12B#0000000000014F77
(13.359555) can0 128#1388030000EC7862
(13.359718) can0 290#0020000000000000
(13.359877) can0 12B#0000000000014F77
(13.359988) can0 174#7E800000156B0219
(13.368473) can0 178#F27F0621D89402D8
(13.368644) can0 290#0020000000000000
(13.368767) can0 12B#0000000000014F77
(13.368875) can0 128#1388030000EC7882
(13.369022) can0 290#0030000000000000
(13.378715) can0 12B#0000000000015F77
(13.378879) can0 174#907F0000336B047A
(13.379043) can0 178#4080082012940476
(13.388972) can0 290#0030000000000000
(13.389096) can0 12B#0000000000014F77
(13.389244) can0 128#1388030000EC78A2
(13.389407) can0 12B#0000000000014F78
(13.389578) can0 12A#1328012000000000
(13.389701) can0 550#1000000000000090
(13.399201) can0 128#1388030000EC78C2
(13.399364) can0 12E#00000000000000C0
(13.399537) can0 174#0B8000001A6B07CA
(13.409444) can0 174#81800000126B08B4
(13.409616) can0 178#C57F01203196084F
(13.409779) can0 17C#000000000888087D
(13.419687) can0 174#97800000146B09C6
(13.419859) can0 178#FA7F0000BC940925
(13.420023) can0 17C#0000000092870914
(13.429930) can0 174#2A800000336B0ACA
(13.430094) can0 178#2D800120B1930A1F
(13.430257) can0 17C#00000000C3860A88
(13.440173) can0 120#06C500000000002B
(13.440345) can0 550#10000000000000B0
(13.440518) can0 300#0F00000000000000
(13.440642) can0 174#937F0000416B0B6D
(13.450416) can0 178#32800221F7930BA1
(13.450584) can0 17C#0000000045860B50
(13.450749) can0 174#507F0000366B0C64
(13.460659) can0 178#0080032433950C34
(13.460828) can0 17C#000000007D860C27
(13.460999) can0 174#827F00001D6B0DB5
(13.470902) can0 178#C57F042F6E960D6F
(13.471066) can0 17C#0000000040870DDB
(13.471230) can0 174#038000001F6B0E64
(13.481148) can0 178#AF7F0512D4960E3C
(13.481319) can0 17C#0000000007880EB5
(13.481491) can0 120#06D500000000007B
(13.481659) can0 174#738000001D6B0F72
(13.491404) can0 178#CB7F062422960FCC
(13.491584) can0 17C#0000000037880F80
(13.491748) can0 174#7E8000002D6B0007
(13.501630) can0 178#118007268F940070
(13.501800) can0 17C#00000000B9870051
(13.501964) can0 174#148000005C6B0104
(13.511875) can0 178#518008207D9301D4
(13.512039) can0 17C#00000000D68601D6
(13.512203) can0 540#0206D200000000F2
(13.522117) can0 290#0010000000000000
(13.522282) can0 174#887F0000606B02AB
(13.522445) can0 178#4E800925E193027D
(13.532360) can0 17C#00000000378602EE
(13.532532) can0 174#587F0000406B0340
(13.532696) can0 178#088000003495036D
(13.542603) can0 17C#000000005C860323
(13.543764) can0 174#A67F00001F6B0445
(13.544014) can0 178#B47F0125709604BA
(13.552847) can0 17C#00000000298704FD
(13.553026) can0 300#0F00000000000000
(13.553168) can0 174#32800000186B05AA
(13.553316) can0 178#887F0239BE96052A
(13.563089) can0 17C#000000001988056B
(13.563253) can0 450#0000000000000000
(13.563377) can0 174#9A800000116B0612
(13.563533) can0 178#B77F0321F09506E9
(13.573332) can0 17C#000000008D880692
(13.573504) can0 120#06CB000000000031
(13.573667) can0 174#898000000F6B0740
(13.583593) can0 178#2D8004207794071D
(13.583756) can0 17C#000000002B88077A
(13.583920) can0 174#0B800000366B084B
(13.584084) can0 178#898000009993089E
(13.593823) can0 17C#000000003F87087C
(13.593987) can0 120#06C800000000004E
(13.594151) can0 121#0027001300080042
(13.604060) can0 174#7D7F0000386B098D
(13.604224) can0 178#81800000129409E8
(13.604388) can0 17C#00000000748609CD
(13.614303) can0 174#537F00001A6B0AF7
(13.614467) can0 178#1F80012245950A6F
(13.614635) can0 17C#0000000061860A7B
(13.624548) can0 174#A17F00000A6B0BE1
(13.624711) can0 178#B27F022052960B8C
(13.624875) can0 17C#000000000A870BFA
(13.634789) can0 540#0206C400000000F2
(13.634958) can0 174#278000000F6B0C40
(13.635122) can0 178#857F03328D960CD1
(13.645032) can0 17C#00000000EC870C3C
(13.645203) can0 174#868000001F6B0DD6
(13.645367) can0 178#B47F0420B1950DB8
(13.655275) can0 17C#000000006E880D41
(13.655439) can0 174#6D800000256B0EF3
(13.655611) can0 178#1F8005234E940EFF
(13.665520) can0 17C#000000002F880E89
(13.665684) can0 120#06D00000000000B6
(13.665849) can0 121#00270013000800A2
(13.675764) can0 174#EA7F00003E6B0F50
(13.675928) can0 178#7B800632AA930F53
(13.676091) can0 17C#000000006E870FD8
(13.676254) can0 178#978007215D94004D
(13.686020) can0 17C#00000000B4860098
(13.686184) can0 120#06D70000000000DD
(13.686348) can0 17C#0000000099860130
(13.696256) can0 290#0010000000000000
(13.696380) can0 12B#0000000000014F78
(13.696495) can0 174#B27F00003C6B0267
(13.696643) can0 120#06D600000000003C
(13.696807) can0 121#0026001200080020
(13.706498) can0 129#0000000000000020
(13.706662) can0 290#0040000000000000
(13.706831) can0 12B#0000000000014F78
(13.706954) can0 12A#1328012000000000
(13.707061) can0 550#1000000000000090
(13.716733) can0 120#06C800000000004E
(13.716897) can0 121#0027001300080042
(13.717066) can0 129#0000000000000040
(13.726976) can0 540#0206C000000000F2
(13.727141) can0 290#0030000000000000
(13.727305) can0 12B#0000000000014F78
(13.728513) can0 129#0000000000000060
(13.737219) can0 290#0020000000000000
(13.737388) can0 12B#0000000000014F77
(13.737559) can0 290#0010000000000000
(13.747462) can0 12B#0000000000014F77
(13.747598) can0 174#667F0000176B08AA
(13.747746) can0 120#06A3000000000089
(13.747917) can0 121#0027001400080083
(13.757705) can0 129#0000000000000080
(13.757877) can0 290#0000000000000000
(13.758042) can0 290#0030000000000000
(13.767948) can0 12B#0000000000014F78
(13.768119) can0 174#54800000526B0A1C
(13.768283) can0 129#00000000000000A0
(13.778204) can0 290#0050000000000000
(13.778369) can0 12B#0000000000014F78
(13.778496) can0 290#0030000000000000
(13.778645) can0 12B#0000000000015F78
(13.778809) can0 174#65800000526B0CD9
(13.788434) can0 290#0020000000000000
(13.788603) can0 12B#0000000000014F77
(13.788767) can0 128#1388030000EC7822
(13.798677) can0 12E#0000000000000020
(13.798850) can0 290#0030000000000000
(13.799015) can0 12B#0000000000014F78
(13.808919) can0 12A#1328012000000000
(13.809042) can0 290#0020000000000000
(13.809191) can0 12B#0000000000014F78
(13.809314) can0 128#1388030000EC7842
(13.809461) can0 12B#0000000000014F77
(13.819162) can0 174#D67F0000406B00C7
(13.819326) can0 178#D37F0C08F5960015
(13.819496) can0 128#1388030000EC7862
(13.829405) can0 12E#0000000000000060
(13.829578) can0 174#5C800000396B01D1
(13.829741) can0 174#978000003B6B02BF
(13.839648) can0 178#DC7F0E07479502F0
(13.839812) can0 17C#00000000E387021C
(13.839984) can0 120#070013000000007A
(13.849897) can0 12C#0000000000000000
(13.850021) can0 5A0#0069200000000049
(13.850170) can0 550#1000000000000030
(13.850335) can0 174#C07F0000146B04A7
(13.860140) can0 178#54800002D89304EA
(13.860311) can0 17C#00000000378604A0
(13.860482) can0 174#667F0000F56A05F4
(13.870380) can0 178#27800108F3940580
(13.870552) can0 17C#00000000B0850523
(13.870716) can0 174#827F0000E06A063B
(13.870878) can0 178#C27F00003996064B
(13.880636) can0 17C#00000000198606A3
(13.880800) can0 174#F87F0000046B079C
(13.880964) can0 178#667F0128CA960749
(13.890865) can0 17C#00000000218707D6
(13.891029) can0 290#0060000000000000
(13.891202) can0 550#1000000000000050
(13.901106) can0 174#688000001F6B08AE
(13.901277) can0 178#5B7F0220559608BE
(13.901441) can0 174#89800000286B095C
(13.911349) can0 178#9B7F0321E09409D2
(13.911527) can0 17C#00000000078809E6
(13.911699) can0 540#02072000000000F2
(13.921592) can0 174#30800000446B0AD9
(13.921763) can0 178#F27F0423BD930AE3
(13.922933) can0 17C#0000000055870A19
(13.931837) can0 174#A97F0000306B0B14
(13.932009) can0 178#11800523FC930B85
(13.932172) can0 17C#0000000080860B79
(13.942084) can0 174#637F0000156B0CE9
(13.942247) can0 178#EA7F062216950C4A
(13.942411) can0 17C#0000000048860C86
(13.952321) can0 120#073C3D0000000040
(13.952491) can0 300#0F00000000000000
(13.952615) can0 174#907F0000306B0D03
(13.952763) can0 178#937F07245B960DE2
(13.962565) can0 17C#00000000DC860D45
(13.962729) can0 174#198000003E6B0E0A
(13.962900) can0 178#427F0823FE960EAF
(13.972822) can0 17C#00000000D3870EA8
(13.972987) can0 120#07D73D000000007B
(13.973150) can0 174#A5800000526B0F81
(13.973313) can0 178#3F7F0920E6950F4C
(13.983050) can0 17C#0000000074880F6C
(13.983214) can0 174#A5800000896B0002
(13.983378) can0 178#A47F0A21E0930049
(13.993293) can0 17C#00000000248800AF
(13.993457) can0 120#08B53C0000000099
(13.993626) can0 174#08800000926B01AF
(14.003537) can0 178#11800B2900930178
(14.003708) can0 17C#000000003C870105
(14.003872) can0 174#697F0000656B026F
(14.013779) can0 178#328000000A9402A3
(14.013942) can0 17C#000000009E86029D
(14.014106) can0 174#537F0000226B0326
(14.024022) can0 178#038000000D960327
(14.024185) can0 17C#00000000D3860365
(14.024349) can0 540#0209F300000000F2
(14.034264) can0 290#0010000000000000
(14.034429) can0 174#D97F0000FB6A04CB
(14.034598) can0 178#C57F00FFE79604E8
(14.044515) can0 17C#00000000AC8704B4
(14.044679) can0 174#68800000276B050B
(14.044844) can0 178#AC7F0000E2950530
(14.054750) can0 17C#0000000042880593
(14.054914) can0 290#0010000000000000
(14.055043) can0 12B#0000000000015F77
(14.055192) can0 174#7E800000626B06AF
(14.064996) can0 178#C57F01207994061D
(14.065159) can0 17C#000000003F880679
(14.065323) can0 300#0F00000000000000
(14.065447) can0 174#24800000606B07BE
(14.065600) can0 178#FA7F022221940767
(14.075252) can0 174#C07F00002B6B0895
(14.075415) can0 178#35800326A6940898
(14.075585) can0 17C#00000000488708BE
(14.085487) can0 120#0C0B000000000057
(14.085650) can0 121#000EFFF70008004C
(14.085814) can0 129#0000000000000040
(14.095722) can0 174#907F0000116B09C8
(14.095885) can0 178#518004252F9509E3
(14.096048) can0 17C#00000000C6860926
(14.105965) can0 178#32800520B9950AF6
(14.106129) can0 17C#000000009C860A76
(14.106293) can0 120#0C6200000000006E
(14.116208) can0 17C#0000000010870BED
(14.116372) can0 290#0030000000000000
(14.116542) can0 12B#0000000000014F77
(14.126451) can0 12A#1128012000000000
(14.127687) can0 120#0C7B000000000087
(14.127973) can0 121#0001FFF50008009D
(14.136694) can0 129#0000000000000080
(14.136863) can0 290#0010000000000000
(14.137035) can0 12B#0000000000014F77
(14.137158) can0 540#020C7E00000000F2
(14.146937) can0 290#0030000000000000
(14.147102) can0 12B#0000000000015F77
(14.147265) can0 174#0E8000003E6B0E3D
(14.157180) can0 178#5A80092588940E1B
(14.157343) can0 541#0280000000000000
(14.157468) can0 120#0C440000000000B0
(14.157631) can0 121#0000FFF6000800BD
(14.167436) can0 290#0000000000000000
(14.167616) can0 12B#0000000000014F77
(14.167780) can0 174#BA7F0000E66A0074
(14.167950) can0 178#2D80000034950011
(14.177671) can0 17C#00000000B286009D
(14.177843) can0 120#0BBB0000000000C6
(14.178006) can0 121#0002FFF8000800C1
(14.187914) can0 129#00000000000000C0
(14.188084) can0 290#0020000000000000
(14.188249) can0 290#0000000000000000
(14.198157) can0 12B#0000000000014F77
(14.198280) can0 174#EA7F0000236B024C
(14.198428) can0 120#0B3200000000003D
(14.198597) can0 121#0003FFF900080023
(14.208395) can0 129#0000000000000020
(14.208566) can0 290#0040000000000000
(14.208737) can0 12B#0000000000014F77
(14.208860) can0 174#1C8000001A6B04DA
(14.218638) can0 129#0000000000000040
(14.218802) can0 290#0020000000000000
(14.218966) can0 12B#0000000000014F77
(14.219089) can0 128#1388020000EC7861
(14.228882) can0 290#0020000000000000
(14.229006) can0 12B#0000000000014F77
(14.229113) can0 12A#1128012000000000
(14.229220) can0 290#0020000000000000
(14.229328) can0 12B#0000000000014F77
(14.229435) can0 128#1388020000EC7881
(14.229588) can0 290#0010000000000000
(14.229753) can0 12B#0000000000014F77
(14.229877) can0 174#DC7F00004C6B084D
(14.239124) can0 290#0040000000000000
(14.239288) can0 12B#0000000000014F77
(14.239411) can0 128#1388030000EC78A2
(14.239566) can0 12E#00000000000000A0
(14.249366) can0 12B#0000000000015F77
(14.249539) can0 174#198000004F6B0AB9
(14.249702) can0 178#1180082069950A6E
(14.259612) can0 128#1388030000EC78C2
(14.259783) can0 12E#00000000000000C0
(14.259953) can0 12A#1328012000000000
(14.260115) can0 174#F27F0000796B0CF6
(14.269870) can0 178#2480000055950CDD
(14.270034) can0 17C#000000003F870C08
(14.270198) can0 174#F27F0000466B0D45
(14.280095) can0 178#1C800125A8950D3A
(14.280267) can0 17C#0000000010870DA3
(14.280439) can0 174#03800000186B0EEE
(14.290338) can0 178#1480023993950E2E
(14.290508) can0 17C#00000000E6860E45
(14.290672) can0 174#0B8000003E6B0F14
(14.301664) can0 178#0E80032126950F50
(14.301947) can0 17C#00000000DB860FF5
(14.302119) can0 550#1000000000000090
(14.310825) can0 174#FA7F0000706B003B
(14.310988) can0 178#11800420F39400E5
(14.311151) can0 17C#00000000DF860048
(14.321067) can0 174#E17F0000676B0138
(14.321230) can0 178#0B800000449501F8
(14.321401) can0 17C#00000000EC8601F1
(14.331310) can0 540#02087000000000F2
(14.331495) can0 174#E77F0000366B023B
(14.331659) can0 178#06800000C7950275
(14.341554) can0 17C#0000000013870294
(14.341727) can0 174#088000000C6B0344
(14.341899) can0 178#06800122DD950378
(14.351796) can0 17C#000000002C870327
(14.351960) can0 290#0020000000000000
(14.352125) can0 174#1F800000F86A04E2
(14.362057) can0 178#118002205A9504CF
(14.362227) can0 17C#0000000016870453
(14.362391) can0 300#0F00000000000000
(14.362528) can0 174#0B800000F86A052F
(14.362678) can0 178#14800332C594059C
(14.372282) can0 174#EA7F0000076B060E
(14.372446) can0 178#06800420AC940662
(14.372616) can0 17C#00000000A7860642
(14.382526) can0 174#D37F00000E6B07C9
(14.382690) can0 178#EF7F05232F950739
(14.382858) can0 17C#000000009E8607F4
(14.392768) can0 174#EC7F0000046B08F7
(14.392931) can0 178#D07F0632CC950812
(14.393095) can0 17C#00000000E1860881
(14.403011) can0 174#1F800000066B09AE
(14.403174) can0 178#B77F0721CD95094A
(14.403338) can0 17C#000000003C8709ED
(14.413254) can0 174#2A8000000A6B0A61
(14.413417) can0 178#B47F08273E950A9B
(14.413585) can0 17C#000000006A870AB7
(14.423504) can0 174#068000002B6B0B17
(14.423668) can0 178#C57F0000B1940B10
(14.423832) can0 17C#0000000063870B29
(14.433740) can0 174#CE7F0000416B0CBF
(14.433903) can0 178#D67F0120BF940C34
(14.434066) can0 17C#0000000027870C1C
(14.443983) can0 541#0280000000000000
(14.444107) can0 174#B27F0000336B0D5A
(14.444254) can0 178#D37F00004C950D75
(14.444418) can0 17C#0000000000870DBB
(14.454228) can0 174#D67F00002E6B0E38
(14.454392) can0 178#BD7F01122D960E81
(14.454563) can0 17C#0000000029870E2F
(14.454725) can0 120#078B48000000007A
(14.464493) can0 121#009E00990008007F
(14.464656) can0 300#0F00000000000000
(14.464780) can0 174#35800000256B0F5B
(14.464928) can0 178#A97F020F76960F60
(14.474711) can0 17C#00000000A7870FFB
(14.474876) can0 450#0000000000000000
(14.475000) can0 174#788000002B6B00D1
(14.475148) can0 178#B27F03023E9500CA
(14.484954) can0 17C#00000000F9870031
(14.485119) can0 174#46800000556B015A
(14.485282) can0 178#D07F0405E19301A8
(14.495197) can0 17C#00000000968701FA
(14.496362) can0 290#0020000000000000
(14.496558) can0 174#C87F00006E6B027C
(14.496733) can0 178#E17F0512B293024B
(14.505440) can0 17C#0000000002870203
(14.505621) can0 174#697F0000526B03D0
(14.505784) can0 178#D07F061408950358
(14.515683) can0 17C#00000000E186034E
(14.515850) can0 290#0030000000000000
(14.516014) can0 178#A47F072F979604C3
(14.525926) can0 17C#000000006F870498
(14.526090) can0 450#0000000000000000
(14.526219) can0 17C#000000002E8805C9
(14.526369) can0 540#020A8000000000F2
(14.536169) can0 290#0020000000000000
(14.536334) can0 541#0280000000000000
(14.536458) can0 120#0B0E3F0000000038
(14.536613) can0 121#008600710008003F
(14.546412) can0 129#0000000000000020
(14.546584) can0 290#0010000000000000
(14.546748) can0 290#0030000000000000
(14.556669) can0 12B#0000000000014F77
(14.556833) can0 174#E47F0000546B085D
(14.556996) can0 120#0BBC320000000059
(14.557159) can0 121#0068005400080044
(14.566899) can0 129#0000000000000040
(14.567062) can0 290#0020000000000000
(14.567227) can0 12B#0000000000014F77
(14.567350) can0 174#AC7F00000E6B0A1C
(14.577141) can0 178#0B800D2F55950A2A
(14.577305) can0 17C#0000000008870AE4
(14.577469) can0 120#0CB2240000000062
(14.587384) can0 121#004C003000080064
(14.587555) can0 129#0000000000000060
(14.587726) can0 290#0030000000000000
(14.597632) can0 12B#0000000000014F77
(14.597755) can0 174#118000001A6B0CD4
(14.597911) can0 120#0D1A15000000009C
(14.598082) can0 121#0031001000080089
(14.607878) can0 129#0000000000000080
(14.608042) can0 290#0020000000000000
(14.608213) can0 12B#0000000000014F77
(14.608336) can0 12A#1128012000000000
(14.618118) can0 550#1000000000000090
(14.618242) can0 129#00000000000000A0
(14.618390) can0 290#0040000000000000
(14.618563) can0 12B#0000000000014F77
(14.618686) can0 290#0040000000000000
(14.618794) can0 12B#0000000000014F77
(14.618901) can0 174#D67F00000A6B00A8
(14.628356) can0 178#3B8001286995003A
(14.628527) can0 290#0020000000000000
(14.628692) can0 12B#0000000000014F77
(14.628815) can0 128#1388020000EC7821
(14.638599) can0 290#0050000000000000
(14.638763) can0 12B#0000000000014F77
(14.638886) can0 174#CE7F0000126B02ED
(14.639034) can0 290#0040000000000000
(14.648846) can0 12B#0000000000014F77
(14.648969) can0 128#1388020000EC7841
(14.649115) can0 290#0000000000000000
(14.649280) can0 12B#0000000000014F77
(14.649403) can0 174#EF7F00002D6B043F
(14.649557) can0 128#1388020000EC7861
(14.659101) can0 12E#0000000000000060
(14.660356) can0 174#DE7F0000406B057C
(14.660621) can0 174#D37F0000386B06F9
(14.669328) can0 178#11800724799506D8
(14.669496) can0 17C#000000000D8706F1
(14.669661) can0 174#E47F0000186B078C
(14.679572) can0 178#FA7F08239B9507F2
(14.679735) can0 17C#00000000138707FD
(14.679906) can0 550#10000000000000D0
(14.689815) can0 174#EA7F0000156B08B3
(14.689979) can0 178#EF7F09206995089F
(14.690142) can0 17C#000000001E8708C3
(14.700062) can0 174#E47F0000286B0902
(14.700233) can0 178#F27F0A21659509F4
(14.700397) can0 17C#0000000019870954
(14.710299) can0 174#EC7F0000396B0A60
(14.710463) can0 178#EC7F0B2970950A0C
(14.710630) can0 17C#000000001E870AF9
(14.720544) can0 120#0B9B0000000000A6
(14.720707) can0 174#FA7F00003C6B0B9E
(14.720871) can0 178#F27F00003F950BCD
(14.730785) can0 17C#0000000021870B4A
(14.730950) can0 174#FD7F00004F6B0C87
(14.731120) can0 178#0080000005950CA3
(14.741028) can0 17C#000000001C870CB4
(14.741192) can0 550#1000000000000030
(14.741365) can0 300#0F00000000000000
(14.741496) can0 174#F27F0000636B0DFC
(14.751288) can0 174#EC7F0000446B0ED9
(14.751467) can0 178#038000006C950EAD
(14.751641) can0 17C#0000000042870EFF
(14.751813) can0 174#F27F0000096B0F99
(14.761522) can0 178#008001209D950F70
(14.761686) can0 17C#000000005B870F79
(14.761864) can0 174#FD7F0000066B00F8
(14.771757) can0 178#0380022279950023
(14.771921) can0 17C#000000004A870055
(14.772085) can0 174#FD7F0000366B01CD
(14.782000) can0 178#0B800326399501A8
(14.782164) can0 17C#00000000438701CB
(14.782328) can0 174#F57F00005D6B02E8
(14.792243) can0 178#1980042533950232
(14.792406) can0 17C#000000004E870269
(14.792578) can0 450#0000000000000000
(14.792703) can0 174#F57F00005A6B037F
(14.802494) can0 178#1F80052065950338
(14.802665) can0 17C#000000004287037E
(14.802840) can0 540#02099700000000F2
(14.812729) can0 290#0050000000000000
(14.812894) can0 174#FD7F0000236B0435
(14.813057) can0 178#1C800621659504AF
(14.822972) can0 17C#000000001C87045C
(14.823136) can0 174#038000001D6B05A8
(14.823300) can0 178#0B800721139505A2
(14.833215) can0 17C#000000000A87055C
(14.833379) can0 174#F57F0000316B06C6
(14.833557) can0 178#F27F0820E6940606
(14.843461) can0 17C#000000001C870666
(14.843631) can0 300#0F00000000000000
(14.843755) can0 174#EA7F0000316B073E
(14.843903) can0 178#E77F0925349507D8
(14.844064) can0 174#EC7F00001F6B086F
(14.853722) can0 178#E77F0A29B09508C9
(14.853886) can0 17C#00000000428708B1
(14.854050) can0 174#068000000F6B091B
(14.864940) can0 178#FA7F0000BB9509E3
(14.865195) can0 17C#00000000588709BB
(14.865359) can0 174#168000001A6B0A14
(14.874187) can0 178#1180012057950A52
(14.874358) can0 17C#0000000040870A88
(14.874530) can0 120#086300000000002B
(14.884430) can0 174#08800000336B0B02
(14.884598) can0 178#19800000EE940B9A
(14.884762) can0 17C#0000000011870B62
(14.894673) can0 174#EC7F0000496B0C66
(14.894837) can0 178#11800120E1940CBD
(14.895001) can0 17C#00000000DF860CD4
(14.904915) can0 450#0000000000000000
(14.905040) can0 174#E17F0000546B0D00
(14.905188) can0 178#FA7F022144950D9A
(14.905351) can0 17C#00000000E1860DE8
(14.915167) can0 540#0207E400000000F2
(14.915336) can0 178#E77F0324B6950ED0
(14.915514) can0 17C#000000002C870EA6
(14.925401) can0 541#0280000000000000
(14.925534) can0 17C#000000006F870F57
(14.925682) can0 290#0050000000000000
(14.925806) can0 12B#0000000000015F78
(14.925954) can0 120#078E000000000095
(14.935644) can0 121#001B000C0008008F
(14.935808) can0 129#0000000000000080
(14.935972) can0 290#0040000000000000
(14.945903) can0 450#0000000000000000
(14.946027) can0 290#0010000000000000
(14.946176) can0 12B#0000000000014F78
(14.946340) can0 174#D37F00002D6B021C
(14.946508) can0 120#075E0000000000A5
(14.956130) can0 121#001C000E000800B2
(14.956294) can0 129#00000000000000A0
(14.956457) can0 290#0030000000000000
(14.966373) can0 290#0020000000000000
(14.966542) can0 12B#0000000000015F77
(14.966706) can0 174#DE7F0000396B04AA
(14.976616) can0 178#E17F0925DE9504B3
(14.976779) can0 17C#000000008B87040E
(14.976944) can0 120#07240000000000CB
(14.986861) can0 121#001D000F000800D4
(14.987024) can0 129#00000000000000C0
(14.987188) can0 290#0020000000000000
(14.987312) can0 12B#0000000000014F78
(14.997102) can0 128#1388030000EC7822
(14.997271) can0 12E#0000000000000020
(14.997452) can0 174#118000002B6B0586
(15.007345) can0 290#0030000000000000
(15.007517) can0 12B#0000000000014F78
(15.007647) can0 12A#1328012000000000
(15.007793) can0 120#06FE000000000024
(15.017595) can0 121#001F001100080038
(15.017758) can0 129#0000000000000020
(15.017928) can0 290#0030000000000000
(15.018058) can0 290#0000000000000000
(15.027838) can0 12B#0000000000015F78
(15.028002) can0 174#D67F0000356B08EE
(15.028171) can0 121#001F001C00080043
(15.038083) can0 129#0000000000000040
(15.038247) can0 290#0020000000000000
(15.038411) can0 290#0020000000000000
(15.038538) can0 12B#0000000000014F78
(15.038684) can0 174#C87F00000E6B0AC4
(15.049337) can0 128#1388030000EC7882
(15.049595) can0 12E#0000000000000080
(15.049758) can0 12A#1328012000000000
(15.049881) can0 290#0010000000000000
(15.058561) can0 12B#0000000000015F78
(15.058740) can0 174#43800000406B0C7E
(15.058903) can0 290#0030000000000000
(15.068803) can0 12B#0000000000014F78
(15.068974) can0 128#1388020000EC78A1
(15.069137) can0 12B#0000000000014F77
(15.079046) can0 174#068000005D6B0E33
(15.079216) can0 178#2280033227940EC5
(15.079379) can0 12B#0000000000014F78
(15.089289) can0 128#1388020000EC78C1
(15.089451) can0 12E#00000000000000C0
(15.089622) can0 550#1000000000000050
(15.099533) can0 174#907F0000366B0087
(15.099704) can0 178#F27F052339950028
(15.099868) can0 12E#0000000000000020
(15.109774) can0 174#B77F0000116B01C1
(15.109938) can0 178#C57F0632F695014D
(15.110101) can0 17C#0000000035870186
(15.120018) can0 540#02067400000000F3
(15.120194) can0 174#0E8000000E6B0289
(15.120358) can0 178#BA7F0721469602F7
(15.130261) can0 17C#00000000BD87026D
(15.130425) can0 174#628000000A6B0398
(15.130594) can0 178#D67F0827FE9503C5
(15.140518) can0 17C#00000000E987030E
(15.140683) can0 174#6D800000206B04A8
(15.140848) can0 178#19800000BD9404D5
(15.141012) can0 17C#0000000099870415
(15.150746) can0 550#1000000000000070
(15.150911) can0 300#0F00000000000000
(15.151036) can0 174#148000005C6B0570
(15.151191) can0 174#987F00005C6B0644
(15.160989) can0 178#4E800000D093062A
(15.161153) can0 17C#00000000698606EB
(15.161324) can0 174#617F0000336B07A9
(15.171232) can0 178#11800112F1940722
(15.171402) can0 17C#00000000868607E0
(15.171574) can0 174#987F0000186B0884
(15.181482) can0 178#C07F020F71960887
(15.181654) can0 17C#00000000348708FC
(15.181825) can0 174#2A800000F56A0904
(15.191718) can0 178#967F030235970921
(15.191882) can0 17C#000000000B8809EC
(15.192046) can0 290#0030000000000000
(15.192170) can0 174#B0800000F86A0AD6
(15.201961) can0 178#C27F0405ED950ADB
(15.202133) can0 17C#0000000069880A98
(15.202304) can0 450#0000000000000000
(15.202428) can0 174#9F800000476B0BDA
(15.212204) can0 178#2A800512CE930BBF
(15.212367) can0 17C#00000000D2870B4E
(15.212540) can0 540#02090D00000000F3
(15.222447) can0 174#FD7F00007C6B0C23
(15.222616) can0 178#76800614FB920C0A
(15.222779) can0 17C#00000000C5860CC3
(15.232693) can0 541#0280000000000000
(15.232817) can0 174#587F0000556B0D77
(15.232965) can0 178#7080072F37940DF8
(15.233128) can0 17C#000000002D860D42
(15.233290) can0 174#427F0000096B0EF3
(15.243030) can0 178#2780080223960EC9
(15.243220) can0 17C#0000000085860E99
(15.243384) can0 120#0A47520000000023
(15.253176) can0 300#0F00000000000000
(15.253300) can0 174#C57F0000FF6A0F00
(15.253448) can0 178#E17F090FB3960F8C
(15.253616) can0 174#4C8000004F6B0038
(15.263419) can0 178#D07F0A13C595006C
(15.263590) can0 17C#0000000016880084
(15.263754) can0 174#65800000806B01E3
(15.273662) can0 178#F87F0B03CB9401C6
(15.273831) can0 17C#00000000FC8701A5
(15.273995) can0 290#0010000000000000
(15.283905) can0 174#278000004A6B020F
(15.284068) can0 178#19800C08AB9402D8
(15.284232) can0 17C#00000000828702C3
(15.294148) can0 120#0BD94D0000000071
(15.294311) can0 174#D97F0000116B034B
(15.294482) can0 178#3E800D2FD59403B1
(15.304391) can0 17C#000000000D870398
(15.304563) can0 174#9B7F0000276B0451
(15.304726) can0 178#57800E070F95044F
(15.314634) can0 17C#00000000B5860463
(15.314798) can0 450#0000000000000000
(15.314922) can0 174#9B7F00003E6B05D7
(15.315070) can0 178#27800F0DC1950522
(15.324878) can0 17C#00000000988605CB
(15.325042) can0 540#020D6600000000F3
(15.325213) can0 174#E47F0000226B06B6
(15.335133) can0 178#CB7F00020A960647
(15.335297) can0 17C#00000000FC8606BA
(15.335461) can0 174#2A800000306B07C7
(15.335630) can0 178#A67F0108659507DE
(15.345362) can0 17C#000000006E870730
(15.345534) can0 178#CE7F0000019508A6
(15.345698) can0 17C#000000007D87081F
(15.355605) can0 120#0ED52100000000C4
(15.355768) can0 121#00450023000800D0
(15.355932) can0 17C#00000000568709B2
(15.365850) can0 450#0000000000000000
(15.365975) can0 290#0020000000000000
(15.366123) can0 12B#0000000000014F79
(15.366287) can0 120#0F7B0F0000000039
(15.376091) can0 121#0024000600080032
(15.376255) can0 129#0000000000000020
(15.376418) can0 290#0010000000000000
(15.386334) can0 12B#0000000000015F78
(15.386506) can0 128#1388020000EC7841
(15.386669) can0 12E#0000000000000040
(15.396579) can0 290#0010000000000000
(15.396703) can0 12B#0000000000014F78
(15.396853) can0 174#C27F0000236B0C57
(15.397016) can0 178#46800423DD950C5F
(15.406823) can0 120#0FF8000000000047
(15.406986) can0 121#0005FFF600080042
(15.407157) can0 129#0000000000000040
(15.417063) can0 290#0040000000000000
(15.417228) can0 290#0010000000000000
(15.417392) can0 12B#0000000000014F78
(15.417523) can0 12A#1128012000000000
(15.427309) can0 550#1000000000000050
(15.427481) can0 174#0B8000005A6B0E5F
(15.427653) can0 178#4080062223950E7E
(15.427822) can0 120#0FE2000000000071
(15.439401) can0 290#0030000000000000
(15.439731) can0 12B#0000000000015F79
(15.439911) can0 540#020FA600000000F3
(15.447792) can0 290#0020000000000000
(15.447965) can0 12B#0000000000014F79
(15.448137) can0 120#0F7D00000000008C
(15.458035) can0 121#FFFEFFF500080099
(15.458206) can0 129#0000000000000080
(15.458369) can0 290#0020000000000000
(15.458501) can0 12B#0000000000014F79
(15.458608) can0 174#CE7F0000DF6A0284
(15.468278) can0 129#00000000000000A0
(15.468442) can0 290#0030000000000000
(15.468614) can0 12B#0000000000014F78
(15.478522) can0 290#0040000000000000
(15.478687) can0 12B#0000000000015F79
(15.478853) can0 174#FD7F0000EE6A045C
(15.488764) can0 290#0050000000000000
(15.488928) can0 12B#0000000000014F79
(15.489099) can0 128#1388020000EC7821
(15.499007) can0 290#0020000000000000
(15.499171) can0 12B#0000000000014F79
(15.499294) can0 174#148000003C6B0607
(15.499442) can0 290#0030000000000000
(15.509250) can0 12B#0000000000015F79
(15.509414) can0 128#1388020000EC7841
(15.509584) can0 12E#0000000000000040
(15.509707) can0 12B#0000000000014F79
(15.519500) can0 12A#1128012000000000
(15.519631) can0 550#1000000000000090
(15.519780) can0 174#D67F00005D6B08B2
(15.519950) can0 12B#0000000000014F79
(15.520081) can0 128#1388020000EC7861
(15.529749) can0 12E#0000000000000060
(15.529914) can0 174#E47F0000336B0ABD
(15.530077) can0 178#F57F032641950A82
(15.530240) can0 17C#0000000087870AA2
(15.539984) can0 174#F57F0000306B0BC8
(15.540154) can0 178#068004254F950B60
(15.540317) can0 17C#0000000088870B39
(15.550222) can0 174#FD7F0000386B0C45
(15.550385) can0 178#0B80052063950C56
(15.550557) can0 17C#000000009E870C77
(15.560464) can0 120#0C4D000000000099
(15.560634) can0 12C#0000000000000000
(15.560758) can0 5A0#0069200000000029
(15.560913) can0 550#10000000000000B0
(15.570707) can0 174#EC7F0000446B0ED9
(15.570871) can0 178#4E800721EB940E4F
(15.571035) can0 17C#0000000053870E68
(15.580950) can0 174#DC7F0000516B0F83
(15.581114) can0 178#5A80082016950F22
(15.581284) can0 17C#00000000F4860F43
(15.591193) can0 174#E17F0000526B0084
(15.591365) can0 178#43800925619500D4
(15.591537) can0 17C#00000000D88600C2
(15.601436) can0 174#F57F0000466B0157
(15.601615) can0 178#22800A2961950149
(15.601778) can0 17C#00000000EF86017D
(15.611685) can0 290#0010000000000000
(15.611852) can0 12B#0000000000015F79
(15.612015) can0 174#00800000496B0262
(15.621925) can0 178#088000002E950267
(15.622096) can0 17C#0000000010870218
(15.624109) can0 174#03800000476B0391
(15.624362) can0 178#F87F01201E9503D2
(15.632181) can0 17C#000000002C870327
(15.632353) can0 174#008000002E6B04F6
(15.632525) can0 178#FD7F000057950476
(15.642408) can0 17C#000000003F8704E0
(15.642580) can0 174#00800000206B05E2
(15.642744) can0 178#1980012081950586
(15.652651) can0 17C#00000000358705F2
(15.652823) can0 174#08800000336B0683
(15.652999) can0 178#328002215A9506E0
(15.662896) can0 17C#00000000F786063A
(15.663060) can0 300#0F00000000000000
(15.663184) can0 174#06800000546B0745
(15.663332) can0 178#2A8003240C950752
(15.673137) can0 17C#00000000CA86078A
(15.673301) can0 174#FD7F00005A6B0862
(15.673464) can0 178#1480042FF994085E
(15.683380) can0 17C#00000000C38608B2
(15.683552) can0 174#FA7F00003B6B092E
(15.683715) can0 178#F87F051252950997
(15.693623) can0 17C#00000000CA86092C
(15.693787) can0 290#0040000000000000
(15.693952) can0 12B#0000000000015F79
(15.694075) can0 174#0B8000000C6B0A56
(15.703867) can0 178#EF7F062484950A82
(15.704031) can0 17C#00000000E1860ABB
(15.704195) can0 174#14800000046B0BA2
(15.714109) can0 178#F87F072641950BCC
(15.714272) can0 17C#00000000F7860BBB
(15.714436) can0 290#0030000000000000
(15.724365) can0 12B#0000000000014F79
(15.724537) can0 174#008000001C6B0C35
(15.724701) can0 178#00800820EB940C4B
(15.724866) can0 17C#000000000B870C26
(15.734595) can0 174#E17F00002D6B0DCB
(15.734758) can0 178#03800925FC940D9A
(15.734922) can0 17C#00000000FD860DFA
(15.744841) can0 174#D37F0000386B0E11
(15.745005) can0 178#F87F000060950E32
(15.745168) can0 17C#00000000E7860ECA
(15.755081) can0 174#E47F0000306B0F58
(15.755244) can0 178#EC7F0125A6950FA9
(15.755407) can0 17C#00000000F1860FCA
(15.765324) can0 290#0040000000000000
(15.765496) can0 174#038000001F6B00C2
(15.765660) can0 178#EA7F02397F9500B3
(15.775568) can0 17C#000000000087003A
(15.775732) can0 174#0E8000003C6B0185
(15.775896) can0 178#E17F0321EE940153
(15.785810) can0 17C#000000001687013A
(15.785974) can0 450#0000000000000000
(15.786099) can0 178#D67F0420A394025F
(15.786246) can0 17C#000000001B870298
(15.796052) can0 120#07D800000000007F
(15.796216) can0 121#0018000A0008006A
(15.796379) can0 17C#000000001C87030F
(15.806295) can0 290#0000000000000000
(15.806460) can0 12B#0000000000014F79
(15.806590) can0 120#079B000000000082
(15.806737) can0 121#001A000C0008008E
(15.816542) can0 129#0000000000000080
(15.816706) can0 290#0020000000000000
(15.816872) can0 12B#0000000000015F79
(15.818123) can0 290#0020000000000000
(15.818319) can0 12B#0000000000014F79
(15.826797) can0 12A#1328012000000000
(15.826961) can0 550#1000000000000090
(15.827126) can0 450#0000000000000000
(15.827250) can0 120#075E0000000000A5
(15.837024) can0 121#001C000E000800B2
(15.837188) can0 540#02074800000000F4
(15.837356) can0 290#0020000000000000
(15.837488) can0 12B#0000000000015F78
(15.847267) can0 541#0280000000000000
(15.847391) can0 120#07320000000000D9
(15.847546) can0 121#001D000F000800D4
(15.847716) can0 290#0020000000000000
(15.847849) can0 12B#0000000000014F79
(15.857517) can0 174#C87F0000436B0A21
(15.857687) can0 120#070700000000002E
(15.857862) can0 121#001E001100080037
(15.867753) can0 129#0000000000000020
(15.867925) can0 290#0000000000000000
(15.868098) can0 12B#0000000000014F79
(15.868221) can0 174#32800000176B0CD9
(15.877996) can0 129#0000000000000040
(15.878167) can0 290#0030000000000000
(15.878331) can0 12B#0000000000014F79
(15.878454) can0 290#0020000000000000
(15.888239) can0 12B#0000000000015F79
(15.888403) can0 174#00800000446B0E7B
(15.888582) can0 290#0010000000000000
(15.898490) can0 12B#0000000000014F79
(15.898654) can0 128#1388030000EC7882
(15.898817) can0 12E#0000000000000080
(15.908730) can0 290#0040000000000000
(15.908895) can0 12B#0000000000014F78
(15.909059) can0 12A#1328012000000000
(15.909182) can0 550#10000000000000D0
(15.918982) can0 290#0030000000000000
(15.919146) can0 12B#0000000000015F79
(15.919310) can0 128#1388030000EC78A2
(15.919473) can0 12B#0000000000014F79
(15.929211) can0 174#0E800000176B0212
(15.929375) can0 178#C27F030214960213
(15.929542) can0 12B#0000000000014F79
(15.929665) can0 128#1388030000EC78C2
(15.939454) can0 12E#00000000000000C0
(15.939634) can0 174#43800000F16A04BD
(15.939798) can0 178#1C800512AF940427
(15.949697) can0 17C#000000007A870409
(15.949865) can0 120#06780000000000DE
(15.950029) can0 12E#0000000000000020
(15.959940) can0 12A#1328012000000000
(15.960070) can0 12C#0000000000000000
(15.960178) can0 5A0#00692000000000A9
(15.960327) can0 174#A97F0000306B0695
(15.960496) can0 178#5480072F959406C2
(15.970183) can0 17C#00000000A28606CB
(15.970347) can0 174#907F00003B6B0751
(15.970519) can0 178#358008026395078B
(15.980426) can0 17C#00000000CA86078A
(15.980598) can0 174#C87F0000306B08DF
(15.980761) can0 178#0380090F01960897
(15.990669) can0 17C#000000003D87087F
(15.990833) can0 120#065700000000005D
(15.990997) can0 121#0022001700080041
(16.002015) can0 174#16800000366B0909
(16.002291) can0 178#EA7F0A130A9609D5
(16.002465) can0 17C#00000000B4870921
(16.011157) can0 550#1000000000000050
(16.011306) can0 174#49800000276B0A82
(16.011467) can0 178#FA7F0B03A5950AA6
(16.011629) can0 17C#00000000E1870AF7
(16.021419) can0 174#3E800000206B0B93
(16.021580) can0 178#32800C08C2940BA4
(16.021735) can0 17C#0000000098870B21
(16.031640) can0 174#F27F00002D6B0C88
(16.031787) can0 178#65800D2F34940C47
(16.031942) can0 17C#00000000F4860C64
(16.041880) can0 174#A17F0000446B0DC6
(16.042050) can0 178#5F800E0767940D78
(16.042205) can0 17C#0000000088860D3B
(16.052118) can0 174#8A7F0000526B0EA6
(16.052273) can0 178#22800F0D3F950E58
(16.052428) can0 17C#000000009B860E88
(16.062369) can0 300#0F00000000000000
(16.062483) can0 174#C27F0000496B0F2F
(16.062622) can0 178#D37F00020D960F53
(16.062770) can0 174#19800000546B00F3
(16.072612) can0 178#AC7F01084496008E
(16.072759) can0 17C#00000000B7870058
(16.072915) can0 120#06410000000000C7
(16.082849) can0 174#5C800000526B0101
(16.083005) can0 178#C27F0000E9950174
(16.083152) can0 17C#00000000E787013D
(16.093098) can0 174#658000003B6B02AC
(16.093245) can0 178#038001281D95024A
(16.093400) can0 17C#00000000A387027C
(16.103333) can0 120#0641000000000027
(16.103497) can0 174#24800000206B03AA
(16.103644) can0 178#438002205B940382
(16.113597) can0 17C#000000000087031D
(16.113746) can0 174#C57F00002A6B04B2
(16.113902) can0 178#5480032140940489
(16.114049) can0 17C#00000000808604C2
(16.123828) can0 174#887F0000396B0503
(16.123976) can0 178#24800423E6940545
(16.124131) can0 17C#0000000072860554
(16.134062) can0 540#02064100000000F4
(16.134223) can0 174#A47F0000366B0676
(16.134370) can0 178#DE7F0523B195067E
(16.144313) can0 17C#00000000E48606AE
(16.144468) can0 174#F57F00002B6B07CC
(16.144633) can0 178#B77F06220F96074B
(16.154549) can0 17C#0000000085870720
(16.154706) can0 174#46800000236B08E2
(16.154858) can0 178#C07F0724DD95081A
(16.164799) can0 17C#00000000E98708C1
(16.164947) can0 120#0643000000000089
(16.165102) can0 300#0F00000000000000
(16.165211) can0 174#62800000046B0943
(16.175042) can0 178#E77F08236595098A
(16.175189) can0 174#40800000FE6A0A7A
(16.175345) can0 178#1F80092098940A4E
(16.185277) can0 17C#0000000077870A2A
(16.185433) can0 120#06480000000000AE
(16.185588) can0 174#EC7F00001C6B0BC4
(16.195529) can0 178#43800A212E940B41
(16.195676) can0 17C#00000000D9860B82
(16.195835) can0 290#0030000000000000
(16.196957) can0 120#064D0000000000D3
(16.205773) can0 121#00230017000800C2
(16.205944) can0 129#00000000000000C0
(16.206108) can0 178#F57F00003A950D84
(16.206270) can0 17C#00000000D0860D4F
(16.216030) can0 290#0010000000000000
(16.216194) can0 17C#000000006A870EC3
(16.216358) can0 450#0000000000000000
(16.216490) can0 120#0653000000000039
(16.226257) can0 121#0023001700080022
(16.226420) can0 129#0000000000000020
(16.226589) can0 540#02065700000000F4
(16.236504) can0 290#0030000000000000
(16.236669) can0 12B#0000000000014F79
(16.236792) can0 120#065800000000005E
(16.236939) can0 121#0023001700080042
(16.246742) can0 129#0000000000000040
(16.246906) can0 290#0020000000000000
(16.247071) can0 12B#0000000000014F79
(16.247194) can0 174#11800000236B02D9
(16.256985) can0 120#065900000000007F
(16.257149) can0 121#0023001700080062
(16.257312) can0 129#0000000000000060
(16.267228) can0 290#0010000000000000
(16.267393) can0 290#0020000000000000
(16.267565) can0 12B#0000000000014F79
(16.267695) can0 174#827F0000466B04B8
(16.277471) can0 178#2D800425E89404B7
(16.277647) can0 120#065B000000000081
(16.277818) can0 121#0023001700080082
(16.287714) can0 129#0000000000000080
(16.287886) can0 290#0020000000000000
(16.288010) can0 12B#0000000000015F78
(16.288165) can0 290#0010000000000000
(16.297957) can0 12B#0000000000014F79
(16.298129) can0 174#FA7F0000236B0681
(16.298299) can0 178#A47F06210F9606B2
(16.308214) can0 129#00000000000000A0
(16.308378) can0 290#0020000000000000
(16.308550) can0 12B#0000000000014F79
(16.308681) can0 290#0030000000000000
(16.308831) can0 12B#0000000000014F78
(16.318443) can0 12A#1328012000000000
(16.318574) can0 290#0000000000000000
(16.318723) can0 12B#0000000000015F78
(16.318887) can0 128#1388030000EC7822
(16.328686) can0 12E#0000000000000020
(16.328810) can0 290#0040000000000000
(16.328958) can0 12B#0000000000014F79
(16.329122) can0 174#D37F0000416B0AAE
(16.338929) can0 290#0030000000000000
(16.339093) can0 12B#0000000000014F78
(16.339257) can0 128#1388030000EC7842
(16.349172) can0 290#0000000000000000
(16.349337) can0 12B#0000000000014F78
(16.349460) can0 174#827F0000526B0C4E
(16.349614) can0 12B#0000000000014F78
(16.349737) can0 128#1388030000EC7862
(16.359415) can0 12E#0000000000000060
(16.359592) can0 174#30800000226B0EF8
(16.359755) can0 178#C07F01201D960E0F
(16.369665) can0 17C#00000000E9870E8F
(16.369830) can0 12E#0000000000000080
(16.370001) can0 174#62800000046B0F0D
(16.380968) can0 178#F27F0221C4950FB2
(16.381226) can0 17C#00000000E6870F14
(16.381418) can0 174#4C800000046B00D8
(16.390144) can0 178#49800324D29400AA
(16.390307) can0 17C#0000000087870070
(16.390471) can0 174#F27F0000236B0100
(16.400389) can0 178#8C80042F3A94014D
(16.400561) can0 17C#00000000EA8601F4
(16.400725) can0 550#1000000000000090
(16.400888) can0 174#987F0000496B02A1
(16.410646) can0 178#8980051264940265
(16.410809) can0 174#857F00005F6B03FE
(16.410972) can0 178#46800624289503C5
(16.420874) can0 17C#00000000A786032B
(16.421038) can0 540#02068100000000F4
(16.421207) can0 174#C27F00004F6B04E5
(16.431115) can0 178#EC7F0726DB950470
(16.431285) can0 17C#0000000034870460
(16.431457) can0 174#22800000466B0562
(16.441364) can0 178#B27F08200C9605F8
(16.441535) can0 17C#00000000CD870576
(16.441706) can0 174#628000001A6B06E9
(16.451601) can0 178#B77F0925C99506AF
(16.451771) can0 17C#00000000048806D1
(16.451936) can0 120#068400000000002A
(16.461846) can0 300#0F00000000000000
(16.461979) can0 174#62800000066B07E6
(16.462133) can0 178#F87F0000F19407DC
(16.462305) can0 174#14800000116B0814
(16.472087) can0 178#49800125409408D0
(16.472251) can0 17C#000000002F870864
(16.472415) can0 174#AF7F0000436B0939
(16.482330) can0 178#6A8002394D940989
(16.482502) can0 17C#00000000A98609F0
(16.482666) can0 290#0000000000000000
(16.482790) can0 174#7A7F00005A6B0A77
(16.492573) can0 178#4380032113950AA0
(16.492736) can0 17C#0000000088860A68
(16.492901) can0 174#A17F00004C6B0B84
(16.502838) can0 178#F57F0420D7950B20
(16.503001) can0 17C#00000000E3860BA5
(16.503165) can0 174#03800000466B0CA5
(16.503329) can0 178#BA7F00001A960CFF
(16.513059) can0 17C#000000006A870CF9
(16.513223) can0 174#5C8000002E6B0DDF
(16.513387) can0 178#B77F0000DA950D70
(16.523302) can0 17C#00000000B2870D50
(16.523466) can0 174#73800000186B0EE6
(16.523634) can0 178#F27F012220950E3D
(16.533546) can0 17C#00000000AE870E65
(16.533710) can0 174#308000000E6B0FDF
(16.533875) can0 178#4080022060940F51
(16.543788) can0 17C#000000003F870F2F
(16.543952) can0 290#0050000000000000
(16.544123) can0 174#C27F00002A6B0048
(16.554031) can0 178#6880033250940017
(16.554194) can0 17C#00000000C386005A
(16.554358) can0 300#0F00000000000000
(16.554490) can0 174#857F0000406B015A
(16.564274) can0 178#4C800420019501BE
(16.564437) can0 17C#000000008E8601A2
(16.564609) can0 174#9E7F0000496B0272
(16.574518) can0 178#03800523C29502E7
(16.574682) can0 17C#00000000D3860278
(16.575859) can0 120#066A000000000030
(16.584760) can0 121#0023001600080021
(16.584931) can0 174#FA7F0000496B03B7
(16.585094) can0 178#C27F06320F960326
(16.595005) can0 17C#000000005C87036F
(16.595170) can0 290#0010000000000000
(16.595334) can0 174#57800000406B0446
(16.595504) can0 178#AF7F0721D095043D
(16.605262) can0 17C#00000000AB87043E
(16.605426) can0 120#066700000000004D
(16.605597) can0 174#78800000116B059F
(16.615497) can0 178#D37F082736950513
(16.615660) can0 17C#0000000092870588
(16.615828) can0 290#0000000000000000
(16.625732) can0 12B#0000000000014F78
(16.625855) can0 174#3E800000F86A06EA
(16.626002) can0 178#19800000609406D2
(16.626173) can0 17C#00000000238706C8
(16.635975) can0 178#54800120249407B1
(16.636138) can0 17C#00000000AF860753
(16.636302) can0 540#02066800000000F5
(16.646218) can0 290#0010000000000000
(16.646382) can0 17C#000000008E860857
(16.646554) can0 120#066800000000008E
(16.656460) can0 121#0023001600080081
(16.656630) can0 129#0000000000000080
(16.656794) can0 290#0010000000000000
(16.656918) can0 12B#0000000000014F78
(16.657025) can0 174#CB7F00003E6B0A0B
(16.666703) can0 120#066B0000000000B1
(16.666867) can0 121#00230016000800A1
(16.667031) can0 129#00000000000000A0
(16.676946) can0 290#0000000000000000
(16.677111) can0 12B#0000000000015F78
(16.677275) can0 174#738000001F6B0C56
(16.687189) can0 178#C87F040577950C2A
(16.687353) can0 120#06710000000000D7
(16.687525) can0 121#00220016000800C0
(16.697446) can0 129#00000000000000C0
(16.697624) can0 290#0010000000000000
(16.697797) can0 290#0020000000000000
(16.697962) can0 12B#0000000000014F77
(16.707675) can0 174#06800000FF6A0E8C
(16.707849) can0 178#548006140E940E51
(16.708019) can0 120#067700000000003D
(16.717918) can0 121#0022001600080020
(16.718089) can0 129#0000000000000020
(16.718253) can0 290#0000000000000000
(16.728161) can0 12B#0000000000014F78
(16.728325) can0 12A#1328012000000000
(16.728448) can0 129#0000000000000040
(16.728604) can0 290#0010000000000000
(16.738404) can0 12B#0000000000014F78
(16.738535) can0 128#1388030000EC7862
(16.738641) can0 12E#0000000000000060
(16.738790) can0 290#0020000000000000
(16.738954) can0 12B#0000000000014F77
(16.748647) can0 174#14800000476B02BB
(16.748811) can0 290#0040000000000000
(16.748975) can0 12B#0000000000014F78
(16.758892) can0 128#1388030000EC7882
(16.759055) can0 290#0010000000000000
(16.759220) can0 12B#0000000000015F77
(16.769133) can0 174#708000000E6B04CE
(16.770302) can0 12E#00000000000000A0
(16.770559) can0 12A#1328012000000000
(16.770681) can0 12C#0000000000000000
(16.770789) can0 290#0010000000000000
(16.770897) can0 12B#0000000000014F77
(16.779376) can0 174#B27F0000256B0688
(16.779564) can0 178#4E800E07329406A2
(16.779727) can0 12B#0000000000014F77
(16.779862) can0 128#1388030000EC78C2
(16.789622) can0 12E#00000000000000C0
(16.789786) can0 174#AC7F0000406B084F
(16.789949) can0 178#FD7F0002ED95082A
(16.790111) can0 17C#00000000F786089C
(16.799880) can0 12E#0000000000000020
(16.800052) can0 174#0B8000004A6B0914
(16.800216) can0 178#C27F010841960942
(16.810105) can0 550#10000000000000D0
(16.810270) can0 174#658000004E6B0A85
(16.810433) can0 178#BA7F0000F1950A75
(16.820348) can0 174#7E800000306B0B55
(16.820519) can0 178#F27F012826950BEA
(16.820683) can0 17C#00000000A9870B86
(16.830591) can0 540#02066500000000F5
(16.830759) can0 174#408000000A6B0CF6
(16.830923) can0 178#4C8002203D940C30
(16.840836) can0 17C#0000000024870C90
(16.841000) can0 174#D07F0000146B0DEB
(16.841163) can0 178#768003210B940D49
(16.851077) can0 17C#000000009F860DA9
(16.851248) can0 174#7F7F00002D6B0EF5
(16.851419) can0 178#54800423B7940E75
(16.861319) can0 17C#000000007F860E1E
(16.861497) can0 550#1000000000000030
(16.861662) can0 300#0F00000000000000
(16.861793) can0 174#887F0000496B0F99
(16.871564) can0 174#DE7F0000556B0084
(16.871727) can0 178#C57F06222996009F
(16.871891) can0 17C#000000006A870065
(16.881812) can0 120#06880F000000009D
(16.881976) can0 174#408000005A6B010F
(16.882147) can0 178#B27F07240C9601BE
(16.892062) can0 17C#00000000CA870188
(16.892226) can0 174#6D800000316B0271
(16.892389) can0 178#D97F082382950288
(16.892561) can0 17C#00000000B28702EB
(16.902298) can0 174#46800000126B038A
(16.902462) can0 178#22800920A69403AA
(16.902638) can0 17C#0000000034870333
(16.912536) can0 174#E17F00001F6B0415
(16.912699) can0 178#5A800A214B940415
(16.912865) can0 17C#0000000093860456
(16.922777) can0 174#887F00003E6B0589
(16.922941) can0 178#54800B29B29405F4
(16.923104) can0 17C#000000004D8605FA
(16.933020) can0 540#02066600000000F5
(16.933185) can0 174#7A7F0000516B066B
(16.933348) can0 178#16800000819506DD
(16.943272) can0 17C#00000000908606E0
(16.943436) can0 174#C07F0000476B0774
(16.943608) can0 178#CB7F0000179607E0
(16.953514) can0 17C#000000002687075C
(16.953685) can0 174#2A8000004F6B08B2
(16.953860) can0 178#A97F00FF3F9608CA
(16.963749) can0 17C#00000000A0870822
(16.964909) can0 120#066F3B0000000050
(16.965164) can0 300#0F00000000000000
(16.965288) can0 174#7B800000336B09D7
(16.973992) can0 178#B47F000017960912
(16.974163) can0 17C#00000000B2870924
(16.974327) can0 174#83800000276B0A95
(16.984238) can0 178#E17F01201B950A98
(16.984401) can0 17C#000000006C870AB2
(16.984573) can0 120#06D13F0000000076
(16.984734) can0 174#30800000316B0B05
(16.994500) can0 178#1C8002221C940B9C
(16.994663) can0 17C#00000000CD860B9C
(16.994831) can0 174#B27F0000416B0C0C
(17.004721) can0 178#3E80032607940CA6
(17.004883) can0 17C#0000000066860CBF
(17.005046) can0 120#072C420000000095
(17.014964) can0 174#697F0000436B0DE1
(17.015127) can0 178#2A800425D6940DED
(17.015290) can0 17C#0000000086860D32
(17.025207) can0 290#0010000000000000
(17.025330) can0 174#7F7F00002A6B0E7F
(17.025482) can0 178#F27F05200D960ECE
(17.025645) can0 17C#0000000013870E08
(17.035450) can0 174#00800000076B0F8A
(17.035620) can0 178#B27F062107970F6D
(17.035790) can0 17C#00000000B4870F6F
(17.045693) can0 540#0207EA00000000F5
(17.045865) can0 174#9D800000FC6A008B
(17.046028) can0 178#987F07216B9600AD
(17.055936) can0 17C#0000000008880095
(17.056099) can0 178#D07F0820559401E4
(17.056262) can0 17C#00000000C587010E
(17.066179) can0 290#0030000000000000
(17.066343) can0 12B#0000000000014F78
(17.066512) can0 17C#00000000F786024E
(17.076421) can0 120#092B450000000039
(17.076589) can0 121#0097008E0008002D
(17.076751) can0 450#0000000000000000
(17.076876) can0 290#0020000000000000
(17.086678) can0 12B#0000000000014F77
(17.086843) can0 174#457F0000316B048B
(17.087006) can0 178#06800000BB950479
(17.087170) can0 120#0A1045000000005F
(17.096907) can0 121#008F00870008005E
(17.097070) can0 129#0000000000000040
(17.097193) can0 290#0000000000000000
(17.097341) can0 290#0010000000000000
(17.107151) can0 12B#0000000000014F77
(17.107274) can0 174#578000002D6B06A9
(17.107421) can0 178#A17F00002896068A
(17.107596) can0 120#0B39450000000069
(17.117393) can0 121#0085007E0008006B
(17.117571) can0 129#0000000000000060
(17.117741) can0 290#0030000000000000
(17.127642) can0 12B#0000000000014F77
(17.127765) can0 12A#1128012000000000
(17.127920) can0 550#10000000000000D0
(17.128093) can0 174#49800000726B0849
(17.137886) can0 120#0BFF45000000008F
(17.138056) can0 121#007A007300080095
(17.138219) can0 129#0000000000000080
(17.148128) can0 290#0010000000000000
(17.148292) can0 12B#0000000000014F77
(17.148415) can0 174#967F0000206B0A9B
(17.149576) can0 290#0020000000000000
(17.158365) can0 12B#0000000000014F77
(17.158501) can0 128#1388020000EC78C1
(17.158648) can0 290#0000000000000000
(17.158821) can0 12B#0000000000014F77
(17.158944) can0 174#D37F00001D6B0C92
(17.168608) can0 290#0030000000000000
(17.168773) can0 12B#0000000000014F77
(17.168896) can0 128#1388020000EC7821
(17.169050) can0 12E#0000000000000020
(17.169173) can0 290#0040000000000000
(17.178856) can0 12B#0000000000014F77
(17.178979) can0 174#43800000836B0E68
(17.179127) can0 290#0010000000000000
(17.179291) can0 12B#0000000000014F77
(17.179422) can0 128#1388020000EC7841
(17.179575) can0 290#0010000000000000
(17.179710) can0 12B#0000000000014F77
(17.179820) can0 174#E77F0000336B0088
(17.189110) can0 12B#0000000000014F77
(17.189233) can0 128#1388020000EC7861
(17.189380) can0 12E#0000000000000060
(17.189552) can0 12A#1128012000000000
(17.189675) can0 550#1000000000000050
(17.199337) can0 174#BD7F00002A6B0226
(17.199508) can0 128#1388020000EC7881
(17.199677) can0 12E#0000000000000080
(17.209580) can0 174#E17F00002A6B03E7
(17.209743) can0 178#0B800321BF9503A3
(17.209907) can0 174#03800000636B04F4
(17.219824) can0 178#0B8004202C950432
(17.219996) can0 17C#000000006C870414
(17.220160) can0 174#00800000686B058E
(17.230066) can0 178#0880000018950519
(17.230230) can0 17C#00000000478705B9
(17.230394) can0 290#0000000000000000
(17.240309) can0 174#F57F0000446B0607
(17.240472) can0 178#F57F000016950671
(17.240644) can0 17C#00000000198706EF
(17.250553) can0 550#1000000000000070
(17.250718) can0 300#0F00000000000000
(17.250842) can0 174#DE7F00004C6B074C
(17.250990) can0 178#E47F012204950794
(17.260795) can0 174#D67F0000396B08E4
(17.260965) can0 178#E17F02204C9508EE
(17.261128) can0 17C#00000000F786089C
(17.271038) can0 174#E17F0000226B0939
(17.271210) can0 178#E17F03325B950909
(17.271373) can0 17C#000000001587095E
(17.281294) can0 174#EC7F00005C6B0AB9
(17.281465) can0 178#D97F042070950A93
(17.281642) can0 17C#0000000032870AC3
(17.281814) can0 174#008000007C6B0B36
(17.291525) can0 178#E77F05236C950B9B
(17.291688) can0 17C#0000000061870B2A
(17.291859) can0 174#088000006B6B0C25
(17.301767) can0 178#0680063244950CB6
(17.301937) can0 17C#000000004A870CC9
(17.302109) can0 450#0000000000000000
(17.302233) can0 174#00800000766B0D77
(17.312009) can0 178#1980072142950DBE
(17.312173) can0 17C#000000000D870D3E
(17.312337) can0 174#FA7F00005D6B0E28
(17.322252) can0 178#2280082718950E18
(17.322491) can0 17C#00000000FF860EDE
(17.322671) can0 174#F57F0000396B0F3F
(17.332500) can0 178#3280000042950F02
(17.332664) can0 17C#00000000F7860FCF
(17.332830) can0 174#F27F00002D6B0014
(17.342738) can0 178#4080012060950018
(17.342902) can0 17C#00000000138700AE
(17.343072) can0 120#1473410000000088
(17.352981) can0 300#0F00000000000000
(17.353106) can0 174#F27F0000316B011B
(17.353253) can0 178#43800000589501E6
(17.353416) can0 174#EF7F00001F6B025A
(17.363224) can0 178#30800112779502F0
(17.363388) can0 17C#000000002F8702B6
(17.363560) can0 174#EC7F0000046B0338
(17.373470) can0 178#1480020F769503B0
(17.373639) can0 17C#000000004A870372
(17.373803) can0 290#0030000000000000
(17.373966) can0 174#E77F0000016B04D7
(17.383726) can0 178#FA7F0302899504D0
(17.383890) can0 17C#000000003A870469
(17.384054) can0 174#EA7F00001F6B053D
(17.393953) can0 178#BD7F040570950569
(17.394117) can0 17C#00000000318705F4
(17.394281) can0 174#EA7F00003C6B06A6
(17.404196) can0 178#7D7F05126595061B
(17.404359) can0 17C#000000001B8706EC
(17.404532) can0 450#0000000000000000
(17.404656) can0 120#16393F000000002E
(17.414439) can0 174#E77F0000576B078D
(17.414610) can0 178#747F0614589507F3
(17.414774) can0 17C#000000002C870753
(17.424682) can0 174#E47F0000736B08E7
(17.424848) can0 178#887F072F579508FF
(17.425018) can0 17C#00000000428708B1
(17.434925) can0 174#EA7F0000946B09E1
(17.435088) can0 178#937F08024C95098F
(17.435252) can0 17C#00000000568709B2
(17.445168) can0 174#EF7F0000A56B0A55
(17.445331) can0 178#9B7F090F45950ADC
(17.445503) can0 17C#0000000066870ABD
(17.455411) can0 120#17213F0000000077
(17.455580) can0 178#987F0A134C950BEC
(17.455743) can0 17C#0000000066870BA0
(17.465654) can0 450#0000000000000000
(17.465778) can0 17C#0000000058870CD2
(17.465926) can0 120#17963F000000008C
(17.466089) can0 121#004D00490008009E
(17.475912) can0 290#0020000000000000
(17.476076) can0 12B#0000000000014F77
(17.476199) can0 174#F57F0000DA6B0E3E
(17.476347) can0 178#E17F0D2F0A950ED1
(17.476519) can0 120#18143F00000000AB
(17.486140) can0 121#004D0049000800BE
(17.486303) can0 129#00000000000000A0
(17.486466) can0 290#0020000000000000
(17.486595) can0 12B#0000000000015F77
(17.496383) can0 290#0040000000000000
(17.496555) can0 12B#0000000000014F77
(17.496719) can0 12A#1128012000000000
(17.496842) can0 120#187A3F00000000D1
(17.506626) can0 121#004C0049000800DD
(17.506795) can0 129#00000000000000C0
(17.506959) can0 290#0010000000000000
(17.521950) can0 12B#0000000000014F77
(17.522169) can0 174#EA7F0000526B028B
(17.522332) can0 178#F57F0108E99502FD
(17.522496) can0 17C#00000000358702A1
(17.527111) can0 120#18DD3F0000000034
(17.527266) can0 121#004C00480008003C
(17.527414) can0 129#0000000000000020
(17.537354) can0 541#0280000000000000
(17.537463) can0 290#0020000000000000
(17.537620) can0 290#0030000000000000
(17.537768) can0 12B#0000000000014F77
(17.537890) can0 174#EF7F0000BB6A04AE
(17.547595) can0 178#76800128D095041D
(17.547750) can0 129#0000000000000040
(17.547923) can0 290#0040000000000000
(17.557839) can0 12B#0000000000015F77
(17.557995) can0 290#0020000000000000
(17.558166) can0 12B#0000000000014F77
(17.568084) can0 174#EF7F0000F66A0671
(17.568239) can0 290#0020000000000000
(17.568347) can0 12B#0000000000015F77
(17.568495) can0 128#1388020000EC7881
(17.568601) can0 290#0020000000000000
(17.568701) can0 12B#0000000000014F77
(17.568833) can0 174#E47F0000866B08E6
(17.578342) can0 290#0030000000000000
(17.578499) can0 12B#0000000000015F77
(17.578655) can0 128#1388020000EC78A1
(17.588563) can0 290#0000000000000000
(17.588720) can0 12B#0000000000014F77
(17.588868) can0 12A#1128012000000000
(17.588983) can0 290#0010000000000000
(17.598806) can0 12B#0000000000015F76
(17.598962) can0 128#1388020000EC78C1
(17.599109) can0 12E#00000000000000C0
(17.609055) can0 174#E47F00005F6B0CA9
(17.609203) can0 178#EC7F092030960C23
(17.609358) can0 17C#0000000003870C2A
(17.619299) can0 12E#0000000000000020
(17.619463) can0 174#EA7F0000676B0D91
(17.619614) can0 178#FD7F0A217C960D93
(17.629542) can0 174#EC7F00004C6B0ED5
(17.629690) can0 178#08800B2981960EDB
(17.629850) can0 17C#00000000F5860ED1
(17.639776) can0 120#1ADC3F0000000035
(17.639939) can0 12C#0000000000000000
(17.640046) can0 5A0#0069200000000089
(17.640187) can0 550#10000000000000B0
(17.650019) can0 174#EF7F00004C6B0094
(17.650175) can0 178#C87F0000449600A0
(17.650322) can0 17C#00000000E68600E3
(17.660270) can0 174#E47F0000416B0139
(17.660424) can0 178#EF7F00FF7196015B
(17.660588) can0 17C#00000000FD860166
(17.670520) can0 174#DE7F0000606B021F
(17.670675) can0 178#9180000074960253
(17.670824) can0 17C#000000000B870280
(17.670980) can0 174#DE7F0000876B0318
(17.680748) can0 178#12810120719603E7
(17.680904) can0 17C#0000000006870318
(17.681052) can0 550#10000000000000D0
(17.690999) can0 174#EC7F00007C6B042F
(17.691155) can0 178#FF8002229D960407
(17.691311) can0 174#F27F00007B6B0500
(17.702387) can0 178#AD800326C4960518
(17.702673) can0 17C#00000000F1860518
(17.702850) can0 540#021B8B00000000F7
(17.711493) can0 174#F57F00008F6B0627
(17.711664) can0 178#6A800425B896063D
(17.711831) can0 17C#00000000F88606BC
(17.721728) can0 174#F57F0000806B07BC
(17.721899) can0 178#1F800520B09607A9
(17.722071) can0 17C#00000000058707E0
(17.731971) can0 290#0020000000000000
(17.732135) can0 174#EF7F00008F6B0850
(17.732299) can0 178#08800621AA960811
(17.742213) can0 17C#00000000F786089C
(17.742378) can0 300#0F00000000000000
(17.742510) can0 174#F57F0000866B091F
(17.742665) can0 178#198007219D960920
(17.752456) can0 174#00800000606B0A39
(17.752626) can0 178#D37F08207E960AE4
(17.752790) can0 17C#00000000E4860A32
(17.762702) can0 174#00800000526B0B0F
(17.762867) can0 178#587F09255A960BE2
(17.763030) can0 17C#00000000F4860B37
(17.763192) can0 290#0030000000000000
(17.772958) can0 174#008000002B6B0C97
(17.773122) can0 178#EB7E0A2978960C38
(17.773285) can0 17C#0000000008870CAA
(17.783185) can0 174#FA7F00002B6B0D42
(17.783349) can0 178#CF7E000074960DC1
(17.783521) can0 17C#0000000015870D2A
(17.793428) can0 174#F27F00003C6B0E25
(17.793597) can0 178#2B7F01204A960ED8
(17.793761) can0 17C#0000000003870E10
(17.803671) can0 174#EC7F0000336B0F06
(17.803845) can0 178#CB7F000022960FA9
(17.804009) can0 17C#00000000ED860FD8
(17.813914) can0 174#EF7F0000306B00D6
(17.814077) can0 178#43800120F99500A4
(17.814241) can0 17C#00000000E386006A
(17.824157) can0 120#1C57420000000095
(17.824320) can0 174#EC7F0000176B0196
(17.824491) can0 178#2A800221159601EA
(17.834400) can0 17C#00000000DF860155
(17.834572) can0 290#0030000000000000
(17.834700) can0 174#E77F0000186B0202
(17.834853) can0 178#DC7F032429960225
(17.844643) can0 17C#00000000F48602C2
(17.844807) can0 120#1C7A4600000000BC
(17.844970) can0 174#E47F00001D6B0371
(17.854888) can0 178#DC7F042F33960302
(17.855052) can0 17C#0000000008870311
(17.855216) can0 450#0000000000000000
(17.855340) can0 174#E77F0000386B047C
(17.865143) can0 178#EC7F05123E960448
(17.865306) can0 17C#00000000238704F2
(17.865470) can0 178#FD7F0624499605CB
(17.865639) can0 17C#000000002F8705E5
(17.875372) can0 290#0020000000000000
(17.875542) can0 12B#0000000000015F79
(17.875706) can0 17C#00000000358706D5
(17.885615) can0 120#1D04510000000032
(17.885778) can0 121#005F005F00080026
(17.885941) can0 290#0030000000000000
(17.895860) can0 12B#0000000000016F79
(17.896024) can0 12A#1128012000000000
(17.897983) can0 550#1000000000000090
(17.898254) can0 450#0000000000000000
(17.898362) can0 120#1D6D560000000040
(17.906110) can0 121#0068006700080057
(17.906257) can0 129#0000000000000040
(17.906372) can0 290#0050000000000000
(17.906522) can0 540#021DA800000000F8
(17.916344) can0 290#0020000000000000
(17.916500) can0 12B#0000000000016F79
(17.916616) can0 174#F57F0000286B0AC1
(17.916747) can0 178#D77E012568970A54
(17.926587) can0 120#1DEE5C0000000067
(17.926733) can0 121#006E006D00080063
(17.926889) can0 129#0000000000000060
(17.936823) can0 541#0280000000000000
(17.936940) can0 290#0020000000000000
(17.937032) can0 12B#0000000000015F79
(17.937172) can0 128#1388020000EC7881
(17.937319) can0 12E#0000000000000080
(17.947073) can0 290#0010000000000000
(17.947221) can0 12B#0000000000016F78
(17.947377) can0 174#03800000CF6A0CAA
(17.957310) can0 178#D07F03215C970C66
(17.957466) can0 17C#00000000E7860CF0
(17.957627) can0 120#1E6D60000000008B
(17.957781) can0 121#007500720008008F
(17.967582) can0 129#0000000000000080
(17.967730) can0 290#0030000000000000
(17.967893) can0 12B#0000000000016F79
(17.977801) can0 174#00800000AA6A0EAE
(17.977957) can0 129#00000000000000A0
(17.978129) can0 290#0020000000000000
(17.988042) can0 12B#0000000000016F78
(17.988205) can0 290#0020000000000000
(17.988313) can0 12B#0000000000016F79
(17.988453) can0 174#F27F0000816A00A2
(17.998279) can0 290#0010000000000000
(17.998436) can0 12B#0000000000016F79
(17.998552) can0 128#1388020000EC7821
(17.998691) can0 290#0030000000000000
(18.008524) can0 12B#0000000000016F79
(18.008638) can0 12A#1128012000000000
(18.008751) can0 550#10000000000000D0
(18.008884) can0 290#0030000000000000
(18.008998) can0 12B#0000000000016F79
(18.009089) can0 128#1388020000EC7841
(18.009226) can0 290#0020000000000000
(18.018765) can0 12B#0000000000016F79
(18.018880) can0 174#EA7F0000016B0431
(18.019012) can0 290#0010000000000000
(18.019168) can0 12B#0000000000016F79
(18.019275) can0 128#1388020000EC7861
(18.029016) can0 12E#0000000000000060
(18.029164) can0 174#FA7F0000176B06AF
(18.029319) can0 178#0B8007213E9606E4
(18.039251) can0 17C#00000000E48606AE
(18.039415) can0 128#1388020000EC7881
(18.039576) can0 12E#0000000000000080
(18.049510) can0 12A#1128012000000000
(18.049616) can0 12C#0000000000000000
(18.049720) can0 174#03800000286B0888
(18.049858) can0 178#BE8000008C9508E2
(18.050027) can0 17C#00000000C286083D
(18.059751) can0 174#FA7F0000596B097D
(18.062639) can0 178#C78001206595094B
(18.062922) can0 17C#000000008B8609C3
(18.063085) can0 174#F57F0000756B0A3C
(18.069988) can0 178#7E8000004C950A07
(18.070155) can0 17C#00000000A4860A52
(18.070319) can0 174#EF7F0000AB6B0B41
(18.080231) can0 178#5C80011253950B39
(18.080394) can0 17C#00000000D0860B01
(18.080566) can0 550#1000000000000050
(18.090482) can0 174#EC7F00009F6B0CDB
(18.090645) can0 178#5A80020F0C960C47
(18.090808) can0 17C#00000000DE860C5B
(18.100717) can0 174#F87F00006A6B0D17
(18.100881) can0 178#51800302CE960DE9
(18.101044) can0 17C#00000000DC860D45
(18.110960) can0 174#FA7F0000756B0E14
(18.111123) can0 178#5F800405E7960E83
(18.111287) can0 17C#00000000C6860E75
(18.121203) can0 120#1F74450000000038
(18.121374) can0 174#FA7F0000686B0F94
(18.121542) can0 178#A28005127C960F32
(18.131451) can0 17C#00000000BD860FA0
(18.131622) can0 174#FD7F0000236B0041
(18.131785) can0 178#EB800614AC950063
(18.141689) can0 17C#00000000D08600CE
(18.141861) can0 300#0F00000000000000
(18.141990) can0 174#FD7F00000A6B01EF
(18.142151) can0 178#FC80072FEB9401CC
(18.151934) can0 17C#00000000D68601D6
(18.152098) can0 174#F57F0000186B0201
(18.152262) can0 178#94800802DE940250
(18.152424) can0 17C#00000000D3860278
(18.162198) can0 174#EF7F0000116B034E
(18.162361) can0 178#E47F090F899503D7
(18.162533) can0 17C#00000000E786034B
(18.172417) can0 174#EF7F0000FF6A04C8
(18.172585) can0 178#397F0A1312960461
(18.172748) can0 17C#00000000F2860489
(18.182660) can0 174#F57F0000F16A050D
(18.182828) can0 178#EB7E0B031D96058F
(18.182991) can0 17C#00000000DF860521
(18.192904) can0 174#F57F0000CC6A0687
(18.193067) can0 178#F97E0C082E960622
(18.193230) can0 17C#00000000E48606AE
(18.203146) can0 174#F57F0000D56A0701
(18.203310) can0 178#D57E0D2F5A960771
(18.203481) can0 17C#00000000EF860733
(18.213389) can0 540#021CED00000000F8
(18.213566) can0 174#008000000A6B085C
(18.213730) can0 178#837E0E07A0960891
(18.223632) can0 17C#00000000F886081A
(18.223796) can0 120#1CA20000000000DE
(18.223959) can0 121#FFEEFFEE000800C2
(18.233877) can0 174#00800000526B0935
(18.234041) can0 178#897E0F0DBE960924
(18.234211) can0 17C#000000001587095E
(18.244118) can0 290#0020000000000000
(18.244283) can0 174#FA7F0000866B0A64
(18.244446) can0 178#FC7E00029A960A1D
(18.254375) can0 17C#0000000021870A57
(18.254546) can0 120#1BE9000000000024
(18.254709) can0 300#0F00000000000000
(18.254834) can0 174#EF7F00005D6B0BCC
(18.254981) can0 178#BD7F010873960B07
(18.266352) can0 12E#0000000000000060
(18.266617) can0 174#EA7F0000276B0DF1
(18.266780) can0 178#9A800128BE950D1A
(18.274849) can0 17C#00000000ED860DE2
(18.275021) can0 290#0010000000000000
(18.275185) can0 12B#0000000000016F7C
(18.285090) can0 174#F57F00001A6B0E9E
(18.285253) can0 178#4E800220B0950EB9
(18.285417) can0 17C#00000000FA860E57
(18.295333) can0 120#1AA6000000000060
(18.295504) can0 121#FFF2FFF000080068
(18.295667) can0 129#0000000000000060
(18.305579) can0 178#F57F032197950FA2
(18.305742) can0 17C#0000000018870F95
(18.305906) can0 290#0010000000000000
(18.306030) can0 17C#0000000029870089
(18.315823) can0 450#0000000000000000
(18.315947) can0 120#1A0200000000009C
(18.316101) can0 540#0219A800000000F9
(18.316270) can0 290#0020000000000000
(18.326062) can0 12B#0000000000016F7D
(18.326226) can0 174#EA7F0000446B0296
(18.326389) can0 178#717F062252960273
(18.336305) can0 17C#000000004E870269
(18.336469) can0 120#195E0000000000B7
(18.336638) can0 121#FFF2FFF0000800A8
(18.346552) can0 129#00000000000000A0
(18.346716) can0 541#0280000000000000
(18.346840) can0 290#0040000000000000
(18.346989) can0 12B#0000000000016F7D
(18.347112) can0 174#F27F0000116B0442
(18.347258) can0 178#617F082318960460
(18.356807) can0 120#18CC0000000000C4
(18.356970) can0 121#FFF2FFF0000800C8
(18.357133) can0 129#00000000000000C0
(18.367034) can0 290#0030000000000000
(18.367198) can0 12B#0000000000016F7D
(18.367321) can0 174#EF7F0000C36B069C
(18.367469) can0 120#1829000000000021
(18.377277) can0 121#FFF2FFF000080028
(18.377439) can0 129#0000000000000020
(18.377619) can0 290#0000000000000000
(18.387521) can0 12B#0000000000016F7C
(18.387691) can0 174#EA7F0000E46B08B4
(18.387863) can0 129#0000000000000040
(18.397763) can0 290#0010000000000000
(18.397936) can0 12B#0000000000016F7C
(18.398065) can0 128#1388030000EC7862
(18.398212) can0 290#0030000000000000
(18.408005) can0 12B#0000000000016F7C
(18.408135) can0 12A#1328012000000000
(18.408283) can0 290#0000000000000000
(18.408447) can0 12B#0000000000016F7C
(18.408575) can0 128#1388030000EC7882
(18.418248) can0 290#0010000000000000
(18.418413) can0 12B#0000000000016F7C
(18.418544) can0 174#E77F0000846B0C76
(18.418692) can0 178#8C800120CC950CBA
(18.428499) can0 290#0020000000000000
(18.428664) can0 12B#0000000000016F7C
(18.428787) can0 128#1388030000EC78A2
(18.428934) can0 290#0010000000000000
(18.438734) can0 12B#0000000000016F7D
(18.438898) can0 174#EA7F0000836B0E20
(18.441654) can0 12C#0000000000000000
(18.441868) can0 5A0#00692000000000C9
(18.448991) can0 550#1000000000000070
(18.449156) can0 12B#0000000000017F7D
(18.449319) can0 174#EA7F0000556B003B
(18.449491) can0 178#DE7F05207C9500AF
(18.459220) can0 128#1388030000EC7822
(18.459390) can0 12E#0000000000000020
(18.459574) can0 174#EF7F0000466B0186
(18.469463) can0 174#F87F0000496B0210
(18.469634) can0 178#32800721639502E0
(18.469798) can0 17C#0000000005870289
(18.479706) can0 174#FA7F00003B6B03FC
(18.479876) can0 178#1C8008206C9503F4
(18.480048) can0 17C#0000000003870391
(18.489949) can0 290#0040000000000000
(18.490114) can0 550#1000000000000090
(18.490279) can0 174#FA7F0000276B04BD
(18.500192) can0 178#1F800925859504EA
(18.500355) can0 174#FA7F0000396B05B1
(18.500527) can0 178#3B800A29AB9505A4
(18.510435) can0 17C#0000000002870550
(18.510607) can0 540#02140100000000F9
(18.510776) can0 174#008000003E6B06D4
(18.520678) can0 178#468000007C9506B7
(18.520844) can0 17C#00000000FD860635
(18.521008) can0 174#00800000236B0754
(18.530921) can0 178#2D8001206C950716
(18.531084) can0 17C#00000000E9860736
(18.531255) can0 174#FA7F0000276B0821
(18.541167) can0 178#03800000489508D5
(18.541337) can0 17C#00000000ED86088B
(18.541508) can0 550#10000000000000B0
(18.541680) can0 300#0F00000000000000
(18.541812) can0 174#EF7F0000356B09AA
(18.551428) can0 174#DC7F00002B6B0AAD
(18.551605) can0 178#BA7F02214D950A94
(18.551776) can0 17C#00000000EF860AB2
(18.561650) can0 174#DC7F0000366B0B2D
(18.561823) can0 178#BA7F032453950B21
(18.561994) can0 17C#000000000A870BFA
(18.571895) can0 174#E47F0000316B0CF0
(18.572058) can0 178#D07F042F7F950CBC
(18.572221) can0 17C#000000000A870CA9
(18.582136) can0 120#12110000000000C3
(18.582299) can0 174#F27F00003C6B0D02
(18.582462) can0 178#F27F05128C950D3A
(18.592379) can0 17C#0000000026870D8E
(18.592550) can0 174#00800000476B0EF7
(18.592714) can0 178#168006245B950EE7
(18.602627) can0 17C#0000000023870E20
(18.602798) can0 450#0000000000000000
(18.602922) can0 174#FA7F00003C6B0FEA
(18.603070) can0 178#1C80072668950F7B
(18.612866) can0 17C#000000000A870F8E
(18.613030) can0 540#02115D00000000FA
(18.613195) can0 174#FA7F0000526B0008
(18.623107) can0 178#198008204C9500D7
(18.623271) can0 17C#0000000016870027
(18.623435) can0 174#FA7F0000656B01B7
(18.633350) can0 178#008009253C95010D
(18.633523) can0 17C#000000001F8701B9
(18.633687) can0 174#FA7F0000606B0219
(18.643607) can0 178#D97F00005A9502BB
(18.646352) can0 17C#000000002C87023A
(18.646621) can0 120#1092000000000062
(18.646784) can0 121#FFFDFFF600080079
(18.653839) can0 300#0F00000000000000
(18.653971) can0 174#FD7F00005F6B0324
(18.654119) can0 178#C07F012544950372
(18.654282) can0 17C#00000000318703BA
(18.664079) can0 174#F87F00005F6B0443
(18.664243) can0 178#C57F023942950459
(18.664406) can0 17C#000000002A870471
(18.674322) can0 120#101F00000000008F
(18.674491) can0 174#F57F0000476B05AC
(18.674654) can0 178#EA7F03215E9505B6
(18.684567) can0 17C#000000003C870571
(18.684731) can0 174#F57F00003E6B0640
(18.684895) can0 178#0E80042044950660
(18.694809) can0 17C#000000004A87061B
(18.694973) can0 120#0F920000000000A1
(18.695136) can0 121#FFFEFFF6000800BA
(18.705051) can0 174#EF7F0000416B0742
(18.705214) can0 178#0B8000004F950736
(18.705378) can0 17C#000000004E870700
(18.715294) can0 174#EF7F0000276B08AC
(18.715457) can0 178#F87F0000719508EB
(18.715626) can0 17C#0000000055870823
(18.725538) can0 450#0000000000000000
(18.725667) can0 178#E77F0122509509AB
(18.725818) can0 17C#000000003D870962
(18.725982) can0 540#020EE700000000FA
(18.735783) can0 17C#0000000029870A5B
(18.735947) can0 120#0E9C00000000002A
(18.736110) can0 121#FFFFFFF50008003A
(18.736271) can0 290#0010000000000000
(18.746039) can0 12B#0000000000017F7F
(18.746203) can0 174#038000003B6B0C68
(18.746366) can0 178#FD7F04204A950CFC
(18.756266) can0 120#0E35000000000043
(18.756429) can0 121#FFFFFFF50008005A
(18.756597) can0 129#0000000000000040
(18.756720) can0 290#0010000000000000
(18.756828) can0 450#0000000000000000
(18.756937) can0 290#0010000000000000
(18.757045) can0 12B#0000000000016F7E
(18.766516) can0 174#08800000306B0EE7
(18.766680) can0 178#EC7F063241950E74
(18.766846) can0 17C#000000004B870E7C
(18.776752) can0 120#0DB200000000007F
(18.776915) can0 121#0000FFF50008007C
(18.777078) can0 129#0000000000000060
(18.786995) can0 290#0010000000000000
(18.787119) can0 12B#0000000000016F7F
(18.787266) can0 128#1388030000EC7882
(18.787429) can0 290#0030000000000000
(18.797238) can0 12B#0000000000017F7E
(18.797401) can0 174#088000000A6B0066
(18.797582) can0 120#0D44000000000091
(18.807489) can0 121#FFFFFFF50008009A
(18.807658) can0 129#0000000000000080
(18.807832) can0 290#0030000000000000
(18.807956) can0 12B#0000000000016F7E
(18.817724) can0 12A#1328012000000000
(18.817855) can0 550#1000000000000090
(18.818004) can0 174#FD7F00001D6B025A
(18.818175) can0 129#00000000000000A0
(18.830632) can0 174#FA7F00001C6B0346
(18.830887) can0 178#EF7F00003995037F
(18.831051) can0 17C#000000002A870322
(18.838223) can0 290#0030000000000000
(18.838351) can0 12B#0000000000016F7E
(18.838458) can0 174#EC7F00002E6B0454
(18.838614) can0 290#0010000000000000
(18.838778) can0 12B#0000000000017F7E
(18.838942) can0 128#1388030000EC7822
(18.848452) can0 290#0010000000000000
(18.848582) can0 12B#0000000000016F7E
(18.848730) can0 174#00800000436B0619
(18.848894) can0 290#0010000000000000
(18.849018) can0 12B#0000000000016F7E
(18.849125) can0 128#1388030000EC7842
(18.858695) can0 290#0000000000000000
(18.858879) can0 12B#0000000000016F7E
(18.859002) can0 174#00800000406B0833
(18.859150) can0 290#0030000000000000
(18.868938) can0 12B#0000000000016F7E
(18.869061) can0 128#1388030000EC7862
(18.869208) can0 174#008000003B6B0AC1
(18.869372) can0 178#DC7F072F5A950A4E
(18.879181) can0 17C#0000000055870A19
(18.879353) can0 128#1388030000EC7882
(18.879532) can0 12E#0000000000000080
(18.889424) can0 174#0B800000366B0B6C
(18.889594) can0 178#FD7F080220950B5F
(18.889757) can0 550#10000000000000D0
(18.899667) can0 174#0B800000436B0CFE
(18.899840) can0 178#0B80090F01950CE5
(18.900004) can0 17C#0000000038870C82
(18.909910) can0 174#00800000406B0D5A
(18.910074) can0 178#06800A1329950D6B
(18.910237) can0 17C#0000000032870D90
(18.920153) can0 174#F57F0000286B0EB5
(18.920316) can0 178#03800B0361950E5B
(18.920488) can0 17C#0000000042870EFF
(18.930399) can0 174#EF7F0000046B0F43
(18.930571) can0 178#F87F0C085A950F56
(18.930734) can0 17C#000000003C870FA3
(18.930897) can0 174#F57F0000F96A0068
(18.940655) can0 178#E47F0D2F2F9500FA
(18.940830) can0 17C#0000000027870080
(18.940994) can0 550#1000000000000030
(18.950884) can0 300#0F00000000000000
(18.951008) can0 174#FA7F00000C6B0164
(18.951164) can0 174#FA7F00001C6B025B
(18.951327) can0 178#D07F0F0D58950204
(18.961125) can0 17C#000000002F8702B6
(18.961289) can0 174#FA7F0000146B034A
(18.961452) can0 178#F87F000266950391
(18.971368) can0 17C#000000002E870324
(18.971548) can0 174#EF7F0000156B041B
(18.971711) can0 178#228001082195045E
(18.981616) can0 17C#000000001F8704D0
(18.981787) can0 174#E47F00002E6B059B
(18.981951) can0 178#2D800000E694058F
(18.991856) can0 17C#00000000238705EF
(18.992020) can0 174#DE7F0000356B069A
(18.992184) can0 178#248001281695065F
(19.002102) can0 17C#0000000018870660
(19.002273) can0 450#0000000000000000
(19.002396) can0 120#090600000000006F
(19.003613) can0 174#F57F00002D6B07C9
(19.012340) can0 178#03800220899507DF
(19.012504) can0 17C#00000000058707E0
(19.012664) can0 174#14800000146B089D
(19.022579) can0 178#EA7F03219B95081E
(19.022738) can0 17C#00000000168708CF
(19.022900) can0 174#1F800000116B093C
(19.032842) can0 178#F27F04232E950925
(19.032997) can0 17C#0000000023870973
(19.033156) can0 174#00800000406B0A09
(19.033312) can0 178#FD7F0523BA940AA6
(19.043068) can0 17C#000000000D870A6D
(19.043224) can0 300#0F00000000000000
(19.043344) can0 174#DC7F0000556B0BF1
(19.043492) can0 178#00800622CF940B1F
(19.053311) can0 17C#00000000E1860BA6
(19.053467) can0 174#C87F00003B6B0C2B
(19.053634) can0 178#EC7F072463950C5B
(19.063556) can0 17C#00000000E4860C7C
(19.063712) can0 120#083B0000000000C3
(19.063871) can0 174#DC7F0000126B0D55
(19.073793) can0 178#E47F0823E9950DD3
(19.073952) can0 17C#0000000035870D1A
(19.074108) can0 174#08800000066B0ECA
(19.084041) can0 178#00800920D0950EFF
(19.084196) can0 17C#000000007D870E51
(19.084356) can0 174#1F800000146B0FFB
(19.094288) can0 178#22800A212C950F96
(19.094447) can0 17C#0000000079870F4A
(19.094608) can0 290#0040000000000000
(19.104528) can0 12B#0000000000016F7C
(19.104683) can0 12A#1328012000000000
(19.104802) can0 174#03800000336B00F8
(19.104949) can0 178#2A800B299B940027
(19.114769) can0 17C#000000003587009B
(19.114925) can0 174#D97F0000496B0105
(19.115085) can0 178#19800000AE940128
(19.125011) can0 17C#00000000DB860153
(19.125171) can0 540#02074C00000000FC
(19.125332) can0 174#CB7F0000356B0263
(19.125498) can0 178#F27F00004F950270
(19.135267) can0 17C#00000000B786022E
(19.135427) can0 174#EA7F0000276B0357
(19.135590) can0 178#DC7F00FFD49503FD
(19.145504) can0 17C#0000000003870391
(19.145660) can0 178#EC7F0000E29504F3
(19.145824) can0 17C#000000006E870417
(19.155737) can0 120#070500000000008C
(19.155897) can0 121#001E001100080097
(19.156052) can0 17C#0000000092870588
(19.165984) can0 450#0000000000000000
(19.166100) can0 290#0040000000000000
(19.166204) can0 12B#0000000000016F7B
(19.166344) can0 174#11800000226B0622
(19.166508) can0 120#06ED0000000000B3
(19.176223) can0 121#001E0012000800B8
(19.176382) can0 129#00000000000000A0
(19.176505) can0 290#0010000000000000
(19.176650) can0 290#0020000000000000
(19.186466) can0 12B#0000000000016F7B
(19.186590) can0 174#B27F0000336B0833
(19.186737) can0 178#0E8004251095086B
(19.186914) can0 120#06D30000000000D9
(19.196709) can0 121#001F0013000800DA
(19.197947) can0 128#1388030000EC7822
(19.198225) can0 12E#0000000000000020
(19.206952) can0 290#0030000000000000
(19.207120) can0 12B#0000000000016F7B
(19.207235) can0 12A#1328012000000000
(19.207338) can0 550#10000000000000D0
(19.207487) can0 120#06BF000000000025
(19.217199) can0 121#002000140008003C
(19.217354) can0 129#0000000000000020
(19.217522) can0 290#0030000000000000
(19.217652) can0 12B#0000000000016F7B
(19.217752) can0 174#43800000116B0C89
(19.227455) can0 129#0000000000000040
(19.227634) can0 541#0280000000000000
(19.227751) can0 290#0010000000000000
(19.227904) can0 290#0040000000000000
(19.228069) can0 12B#0000000000016F7B
(19.228188) can0 174#B77F0000556B0E1C
(19.237681) can0 290#0010000000000000
(19.237853) can0 12B#0000000000016F7B
(19.237968) can0 128#1388030000EC7882
(19.238118) can0 290#0030000000000000
(19.247924) can0 12B#0000000000016F7B
(19.248051) can0 174#C87F00003B6B00B7
(19.248190) can0 290#0030000000000000
(19.248310) can0 12B#0000000000016F7B
(19.248414) can0 128#1388030000EC78A2
(19.248569) can0 290#0000000000000000
(19.258167) can0 12B#0000000000016F7A
(19.258326) can0 174#5A800000276B0234
(19.258487) can0 290#0010000000000000
(19.268413) can0 12B#0000000000016F7B
(19.268585) can0 128#1388030000EC78C2
(19.268744) can0 12E#00000000000000C0
(19.278653) can0 174#57800000286B0349
(19.278812) can0 12A#1328012000000000
(19.278927) can0 550#1000000000000050
(19.279072) can0 174#08800000406B047D
(19.288896) can0 12B#0000000000016F7A
(19.289056) can0 128#1388030000EC7822
(19.289211) can0 12E#0000000000000020
(19.299142) can0 174#827F00005D6B061A
(19.299304) can0 178#278005121A9506D3
(19.299464) can0 17C#00000000868606FD
(19.309385) can0 174#AF7F00003B6B07DB
(19.309549) can0 178#C87F0624EB950734
(19.309708) can0 17C#00000000EF860733
(19.319627) can0 174#0E8000002D6B08E7
(19.319793) can0 178#967F0726259608D9
(19.319949) can0 17C#000000008B870892
(19.320107) can0 5A0#0069200000000069
(19.329885) can0 550#1000000000000070
(19.330046) can0 300#0F00000000000000
(19.330167) can0 174#57800000116B0930
(19.330313) can0 174#5C800000096B0A36
(19.340110) can0 178#16800925E9940AD5
(19.340270) can0 17C#00000000C0870A48
(19.340426) can0 174#11800000146B0B8E
(19.350357) can0 178#6A80000031940B4B
(19.350521) can0 17C#000000002E870BCC
(19.350681) can0 174#B27F0000306B0CCB
(19.360596) can0 178#7680012534940C60
(19.360756) can0 17C#00000000AD860C9F
(19.360912) can0 174#857F0000476B0D4C
(19.371933) can0 178#38800239F1940DC2
(19.372192) can0 17C#000000009C860D25
(19.372356) can0 290#0020000000000000
(19.381086) can0 174#A67F0000496B0EEA
(19.381253) can0 178#D67F0321C2950EC6
(19.381423) can0 17C#0000000003870E10
(19.391329) can0 450#0000000000000000
(19.391461) can0 174#FD7F0000496B0FA5
(19.391614) can0 178#967F04200C960FEE
(19.391778) can0 17C#0000000096870F5C
(19.401578) can0 174#518000003E6B00A0
(19.401742) can0 178#9E7F0000D7950094
(19.401912) can0 17C#00000000DE87008B
(19.411821) can0 174#6A8000001C6B016D
(19.411984) can0 178#E17F00004F950109
(19.412148) can0 17C#00000000C2870184
(19.422077) can0 174#35800000FE6A02AE
(19.422240) can0 178#3580012293940271
(19.422404) can0 17C#000000004A87026F
(19.422576) can0 300#0F00000000000000
(19.422700) can0 174#D97F0000096B035F
(19.432301) can0 178#5F8002205D940385
(19.432464) can0 174#967F0000276B04B7
(19.432635) can0 178#3B800332CF9404BD
(19.442545) can0 17C#00000000AA8604FD
(19.442709) can0 174#9B7F0000406B0596
(19.442873) can0 178#EC7F04207F95054C
(19.452787) can0 17C#00000000E686058A
(19.452951) can0 290#0020000000000000
(19.453075) can0 174#DE7F00003B6B0693
(19.453222) can0 178#B27F0523E9950600
(19.463030) can0 17C#0000000055870685
(19.463194) can0 120#063800000000007E
(19.463357) can0 174#2A800000366B07C2
(19.473273) can0 178#AF7F0632DE9507E6
(19.473436) can0 17C#00000000B187070E
(19.473609) can0 174#578000001A6B08AD
(19.483517) can0 178#E77F072197950847
(19.483681) can0 17C#00000000C0870872
(19.483847) can0 450#0000000000000000
(19.483972) can0 120#064900000000008F
(19.493758) can0 121#0023001800080083
(19.493922) can0 129#0000000000000080
(19.494092) can0 174#46800000076B09C9
(19.504001) can0 178#30800827EB940900
(19.504165) can0 17C#000000007C87098D
(19.504329) can0 174#FA7F00000E6B0AA8
(19.514247) can0 178#6A8000005B940A09
(19.514411) can0 17C#00000000ED860AB1
(19.514583) can0 174#AF7F0000396B0B44
(19.514745) can0 178#6880012058940B02
(19.524511) can0 17C#0000000090860B61
(19.524676) can0 290#0010000000000000
(19.524842) can0 174#907F0000526B0C4D
(19.534730) can0 178#2D800000FA940C68
(19.534894) can0 17C#0000000091860CBD
(19.535058) can0 174#B47F0000446B0D4B
(19.544973) can0 178#D67F0112BE950DA2
(19.545137) can0 17C#00000000E7860DED
(19.545301) can0 450#0000000000000000
(19.545425) can0 178#9E7F020F20960E58
(19.555216) can0 17C#0000000064870ECA
(19.555380) can0 120#0673000000000039
(19.555552) can0 121#0022001600080020
(19.566451) can0 290#0040000000000000
(19.566707) can0 12B#0000000000016F78
(19.566872) can0 174#658000001D6B00A3
(19.575702) can0 120#066800000000004E
(19.575874) can0 121#0022001700080041
(19.576037) can0 129#0000000000000040
(19.585945) can0 290#0010000000000000
(19.586116) can0 12B#0000000000016F78
(19.586240) can0 128#1388030000EC7862
(19.586387) can0 290#0010000000000000
(19.586518) can0 12B#0000000000016F78
(19.586625) can0 12A#1328012000000000
(19.586732) can0 550#1000000000000050
(19.596188) can0 174#C07F0000226B02C4
(19.596352) can0 178#7B8006144E94029E
(19.596523) can0 450#0000000000000000
(19.596648) can0 120#065F000000000065
(19.606431) can0 121#0022001700080061
(19.606602) can0 129#0000000000000060
(19.606766) can0 290#0010000000000000
(19.606890) can0 12B#0000000000016F78
(19.607005) can0 174#967F0000556B04FC
(19.616688) can0 178#088008028D950405
(19.616858) can0 120#065500000000009B
(19.617021) can0 121#0022001700080081
(19.617185) can0 129#0000000000000080
(19.626917) can0 290#0000000000000000
(19.627082) can0 12B#0000000000016F78
(19.627205) can0 174#3B800000596B06ED
(19.627353) can0 129#00000000000000A0
(19.637160) can0 290#0010000000000000
(19.637325) can0 12B#0000000000016F78
(19.637448) can0 290#0000000000000000
(19.637613) can0 12B#0000000000016F77
(19.647403) can0 174#40800000096B080E
(19.647582) can0 290#0030000000000000
(19.647746) can0 12B#0000000000016F77
(19.647878) can0 128#1388030000EC7822
(19.657651) can0 290#0010000000000000
(19.657825) can0 12B#0000000000016F77
(19.657948) can0 174#987F0000336B0A0E
(19.658104) can0 178#3E800E078F940A5B
(19.667891) can0 290#0020000000000000
(19.668063) can0 12B#0000000000016F77
(19.668186) can0 128#1388030000EC7842
(19.668333) can0 290#0000000000000000
(19.678132) can0 12B#0000000000016F77
(19.678255) can0 12A#1328012000000000
(19.678362) can0 550#1000000000000090
(19.678519) can0 290#0020000000000000
(19.678684) can0 12B#0000000000016F77
(19.678807) can0 128#1388030000EC7862
(19.688375) can0 12B#0000000000016F77
(19.688505) can0 174#6D800000226B0E79
(19.688653) can0 178#C07F0000A8950E9A
(19.688817) can0 128#1388030000EC7882
(19.698618) can0 12E#0000000000000080
(19.698782) can0 174#658000001D6B0F18
(19.698945) can0 174#0E800000206B008A
(19.708865) can0 178#388002202F9400D6
(19.709028) can0 17C#0000000016870027
(19.709199) can0 12A#1328012000000000
(19.709322) can0 12C#0000000000000000
(19.709430) can0 5A0#0069200000000029
(19.710582) can0 550#10000000000000B0
(19.719120) can0 174#777F0000436B02E2
(19.719299) can0 178#388004231D950250
(19.719470) can0 17C#000000008D860209
(19.729346) can0 174#B27F0000356B03F9
(19.729518) can0 178#FD7F0523D4950346
(19.729682) can0 17C#00000000E9860342
(19.739589) can0 174#1F8000002B6B049A
(19.739761) can0 178#D07F062209960456
(19.739924) can0 17C#0000000079870485
(19.749834) can0 120#06810000000000C7
(19.749997) can0 174#70800000176B0548
(19.750161) can0 178#D67F0724CA950563
(19.760075) can0 17C#00000000BC8705B1
(19.760239) can0 290#0020000000000000
(19.760363) can0 550#10000000000000D0
(19.760521) can0 174#76800000126B0635
(19.770318) can0 178#0680082307950626
(19.770490) can0 174#24800000176B077C
(19.770654) can0 178#388009204D94071F
(19.780563) can0 17C#000000000D8707EC
(19.780727) can0 174#B77F00003C6B0881
(19.780891) can0 178#3E800A213D94081C
(19.790804) can0 17C#000000009886084A
(19.790975) can0 174#7A7F0000466B0942
(19.791169) can0 178#22800B290195099B
(19.801047) can0 17C#000000008886094F
(19.801211) can0 174#967F0000366B0A86
(19.801383) can0 178#F87F0000E2950A85
(19.811304) can0 17C#00000000E9860AB7
(19.811482) can0 300#0F00000000000000
(19.811614) can0 174#F87F0000366B0B2B
(19.811762) can0 178#D67F000047960B5B
(19.811926) can0 17C#0000000075870B34
(19.821542) can0 174#5A800000366B0C05
(19.821706) can0 178#DC7F00FF01960CA3
(19.821877) can0 17C#00000000BD870CCB
(19.831776) can0 174#7E800000306B0D1B
(19.831939) can0 178#0080000029950D84
(19.832103) can0 17C#00000000A1870DC4
(19.842026) can0 290#0030000000000000
(19.842191) can0 174#438000002A6B0E1B
(19.842355) can0 178#4380012047940EAF
(19.852262) can0 17C#0000000011870E0B
(19.852426) can0 174#D07F00004C6B0FA5
(19.852598) can0 178#6A8002221E940F30
(19.862513) can0 17C#000000008E860F04
(19.862677) can0 174#777F00005C6B0046
(19.862843) can0 178#4E800326DB940080
(19.872748) can0 17C#0000000078860032
(19.872912) can0 174#7F7F0000516B010C
(19.873076) can0 178#08800425C795017F
(19.882991) can0 17C#00000000DF860155
(19.883162) can0 540#02067C00000000FF
(19.883331) can0 290#0010000000000000
(19.893234) can0 174#DE7F00003B6B02E7
(19.893397) can0 178#D37F05203E9602C4
(19.893569) can0 17C#000000007487024E
(19.903487) can0 120#067A000000000020
(19.903651) can0 174#468000002E6B03A8
(19.903823) can0 178#CE7F062115960315
(19.903985) can0 17C#00000000CA8703B2
(19.913736) can0 290#0010000000000000
(19.913860) can0 174#70800000116B0450
(19.915828) can0 17C#00000000BC8704AC
(19.916103) can0 120#067E000000000044
(19.923963) can0 300#0F00000000000000
(19.924095) can0 174#40800000016B0583
(19.924247) can0 178#3E800820829405BA
(19.924410) can0 17C#000000004887053F
(19.934205) can0 450#0000000000000000
(19.934330) can0 174#D37F00001D6B0640
(19.934482) can0 178#658009251E9406A4
(19.934645) can0 17C#00000000B786065A
(19.944448) can0 120#068500000000006B
(19.944620) can0 121#002100160008007F
(19.944783) can0 174#7A7F0000336B0725
(19.954691) can0 178#4C800A29A89407D8
(19.954861) can0 17C#000000006F8607F3
(19.955025) can0 290#0030000000000000
(19.964934) can0 12B#0000000000016F77
(19.965058) can0 174#7F7F0000336B08AA
(19.965205) can0 178#038000009E950868
(19.965369) can0 17C#00000000BA860879
(19.975177) can0 120#068B000000000091
(19.975341) can0 121#002100150008009E
(19.975508) can0 17C#0000000064870999
(19.985420) can0 290#0050000000000000
(19.985593) can0 12B#0000000000016F77
(19.985716) can0 12A#1328012000000000
(19.985824) can0 550#1000000000000090
(19.985973) can0 174#438000002B6B0AE0
(19.995663) can0 450#0000000000000000
(19.995788) can0 120#06890000000000AF
(19.995935) can0 121#00210015000800BE
(19.996098) can0 540#0206850000000100
(20.005920) can0 290#0030000000000000
(20.006083) can0 12B#0000000000016F77
(20.006205) can0 120#06810000000000C7
(20.006351) can0 121#00210016000800DF
(20.006522) can0 129#00000000000000C0
(20.016149) can0 541#0280000000000000
(20.016273) can0 290#0020000000000000
(20.016421) can0 12B#0000000000016F77
(20.016552) can0 174#7D7F00004C6B0E90
(20.016699) can0 120#067800000000003E
(20.026392) can0 121#0022001600080020
(20.026570) can0 129#0000000000000020
(20.026733) can0 290#0010000000000000
(20.036635) can0 12B#0000000000016F77
(20.036758) can0 174#B27F0000596B0084
(20.036905) can0 129#0000000000000040
(20.037068) can0 290#0030000000000000
(20.046880) can0 12B#0000000000016F77
(20.047002) can0 128#1388030000EC7862
(20.047149) can0 290#0010000000000000
(20.047313) can0 12B#0000000000016F77
(20.047436) can0 174#738000002B6B02DE
(20.057121) can0 178#AC7F0820DA95027A
(20.057284) can0 290#0020000000000000
(20.057448) can0 12B#0000000000016F77
(20.057583) can0 128#1388030000EC7882
(20.067364) can0 290#0020000000000000
(20.067496) can0 12B#0000000000016F77
(20.067610) can0 12A#1328012000000000
(20.067717) can0 290#0030000000000000
(20.067874) can0 12B#0000000000016F77
(20.067996) can0 128#1388030000EC78A2
(20.069227) can0 174#637F0000436B0646
(20.077613) can0 178#2D8002390A9506C4
(20.077788) can0 17C#000000008B860678
(20.077952) can0 290#0040000000000000
(20.087857) can0 12B#0000000000016F77
(20.087980) can0 128#1388030000EC78C2
(20.088139) can0 12B#0000000000016F77
(20.088285) can0 174#00800000406B0833
(20.088433) can0 178#A47F042047960831
(20.098101) can0 17C#000000009C870800
(20.098265) can0 128#1388030000EC7822
(20.098427) can0 12E#0000000000000020
(20.098597) can0 12A#1328012000000000
(20.098719) can0 174#68800000176B0A98
(20.108352) can0 178#D07F0000F7940AE5
(20.108523) can0 17C#00000000AF870A9E
(20.108687) can0 174#22800000036B0B2D
(20.118579) can0 178#1680012224940B6E
(20.118742) can0 17C#000000001C870BE7
(20.118906) can0 290#0000000000000000
(20.128823) can0 12B#0000000000016F77
(20.128946) can0 174#B77F0000236B0C6B
(20.129093) can0 178#408002201B940CBE
(20.129256) can0 17C#00000000A2860C19
(20.139065) can0 174#747F00004C6B0D38
(20.139236) can0 178#3E800332E4940DCC
(20.139407) can0 17C#0000000083860DBB
(20.149307) can0 550#1000000000000050
(20.149472) can0 174#8A7F00005D6B0E20
(20.149644) can0 178#11800420CC950EA1
(20.159552) can0 17C#00000000DE860E61
(20.159723) can0 174#EC7F00005C6B0FD0
(20.159887) can0 178#D97F052338960F92
(20.169793) can0 17C#000000006F870F57
(20.169958) can0 174#4E800000476B008E
(20.170121) can0 178#CE7F06320296003F
(20.180036) can0 17C#00000000C7870010
(20.180201) can0 174#73800000206B0179
(20.180364) can0 178#F87F0721459501EC
(20.190279) can0 17C#00000000C4870181
(20.190443) can0 290#0040000000000000
(20.190616) can0 174#3E800000016B02D9
(20.200537) can0 178#358008275B940213
(20.200701) can0 17C#00000000538702F4
(20.200866) can0 300#0F00000000000000
(20.200990) can0 174#CE7F00000E6B03E2
(20.201138) can0 178#5A8000001E9403C3
(20.210765) can0 174#7F7F0000236B042E
(20.210929) can0 178#4E800120C29404D2
(20.211092) can0 17C#000000009E8604D3
(20.221008) can0 120#06580000000000DE
(20.221171) can0 174#8D7F00003B6B0534
(20.221343) can0 178#16800000B79505D7
(20.231251) can0 17C#00000000E4860589
(20.231423) can0 174#E17F0000476B065B
(20.231595) can0 178#D67F01123F9606F6
(20.241500) can0 17C#000000005B87068C
(20.241672) can0 174#3E800000556B07CE
(20.241846) can0 178#BA7F020F0D96071E
(20.251737) can0 17C#000000009C8707BB
(20.251901) can0 290#0000000000000000
(20.252066) can0 174#6D800000406B0864
(20.261985) can0 178#CE7F03027995087B
(20.262156) can0 17C#000000008887081E
(20.263372) can0 174#54800000286B097C
(20.272223) can0 178#0B8004058F94091A
(20.272395) can0 17C#000000002C8709F5
(20.272567) can0 174#F27F0000186B0A67
(20.282466) can0 178#3E80051226940A17
(20.282635) can0 17C#00000000AC860A5E
(20.282799) can0 174#907F0000256B0BDC
(20.292712) can0 178#3880061488940BF7
(20.292876) can0 17C#0000000072860BF2
(20.293040) can0 290#0040000000000000
(20.293203) can0 12B#0000000000016F77
(20.293326) can0 174#6F7F00003B6B0C6B
(20.302968) can0 178#0880072F66950C84
(20.303131) can0 17C#00000000A7860C90
(20.303296) can0 120#065F000000000085
(20.313195) can0 121#0022001700080081
(20.313358) can0 129#0000000000000080
(20.313530) can0 300#0F00000000000000
(20.313654) can0 174#AF7F00003C6B0D83
(20.323438) can0 178#CB7F080210960DE8
(20.323609) can0 17C#0000000024870D8D
(20.323774) can0 450#0000000000000000
(20.323898) can0 174#19800000476B0EC1
(20.333681) can0 178#A97F090F28960EC5
(20.333847) can0 17C#0000000095870ECD
(20.334011) can0 120#066A0000000000B0
(20.343924) can0 174#65800000386B0FA1
(20.344087) can0 178#C07F0A13CA950FE8
(20.344257) can0 17C#00000000A1870FFE
(20.354167) can0 290#0010000000000000
(20.354331) can0 174#6A800000276B00D8
(20.354503) can0 178#03800B03F394006A
(20.364409) can0 17C#00000000638700E6
(20.364581) can0 120#066E0000000000D4
(20.364744) can0 174#1C800000176B0136
(20.374652) can0 178#46800C083294019F
(20.374817) can0 17C#00000000DC8601D9
(20.374981) can0 290#0020000000000000
(20.384897) can0 178#4E800D2F249402A3
(20.385060) can0 17C#0000000088860280
(20.385224) can0 450#0000000000000000
(20.385349) can0 120#0673000000000039
(20.395152) can0 17C#00000000AC8603AB
(20.395316) can0 540#0206760000000101
(20.395491) can0 290#0000000000000000
(20.395656) can0 12B#0000000000016F77
(20.395779) can0 120#067900000000005F
(20.405381) can0 121#0022001600080040
(20.405552) can0 129#0000000000000040
(20.405716) can0 541#0280000000000000
(20.405841) can0 290#0050000000000000
(20.415624) can0 12B#0000000000016F78
(20.415788) can0 290#0010000000000000
(20.415953) can0 12B#0000000000015F77
(20.425869) can0 174#4C800000386B06B4
(20.426040) can0 178#AF7F010802960642
(20.426204) can0 120#067500000000007B
(20.436110) can0 121#0022001600080060
(20.436273) can0 129#0000000000000060
(20.436437) can0 290#0040000000000000
(20.446353) can0 12B#0000000000016F77
(20.446525) can0 174#308000001C6B0897
(20.446689) can0 178#2480012859940853
(20.456596) can0 17C#0000000013870846
(20.457824) can0 120#066900000000008F
(20.458099) can0 121#0022001700080081
(20.466841) can0 129#0000000000000080
(20.467005) can0 290#0000000000000000
(20.467170) can0 290#0020000000000000
(20.477082) can0 12B#0000000000016F77
(20.477205) can0 174#7F7F0000466B0A51
(20.477353) can0 129#00000000000000A0
(20.477525) can0 290#0000000000000000
(20.487328) can0 12B#0000000000016F78
(20.487496) can0 290#0000000000000000
(20.487628) can0 12B#0000000000015F78
(20.487782) can0 12A#1328012000000000
(20.487905) can0 290#0010000000000000
(20.488060) can0 12B#0000000000016F78
(20.497591) can0 128#1388030000EC7822
(20.497713) can0 12E#0000000000000020
(20.497829) can0 290#0030000000000000
(20.497984) can0 12B#0000000000016F78
(20.498116) can0 174#6D800000146B0E54
(20.498264) can0 290#0020000000000000
(20.507823) can0 12B#0000000000016F78
(20.507946) can0 128#1388030000EC7842
(20.508101) can0 290#0030000000000000
(20.508266) can0 12B#0000000000016F78
(20.508389) can0 174#F87F0000356B0068
(20.518061) can0 290#0030000000000000
(20.518185) can0 12B#0000000000016F77
(20.518333) can0 128#1388030000EC7862
(20.518503) can0 290#0020000000000000
(20.528297) can0 12B#0000000000015F79
(20.528461) can0 174#7A7F0000516B021F
(20.528630) can0 178#FD7F0B293E950269
(20.538541) can0 17C#00000000E68602D9
(20.538705) can0 12B#0000000000016F78
(20.538870) can0 128#1388030000EC7882
(20.548783) can0 12E#0000000000000080
(20.548947) can0 174#14800000306B0437
(20.549110) can0 178#A67F0000339604A6
(20.559026) can0 17C#00000000F9870445
(20.559198) can0 174#628000001F6B0547
(20.559369) can0 178#BA7F00FFD09505D7
(20.569269) can0 17C#00000000FC8705D1
(20.569433) can0 550#1000000000000090
(20.569603) can0 174#6D800000176B0630
(20.579519) can0 178#F87F0000DA940671
(20.579691) can0 174#198000001A6B07C9
(20.579859) can0 178#4380012013940724
(20.589768) can0 17C#00000000F1860722
(20.589932) can0 174#AF7F00003C6B08EA
(20.590096) can0 178#6880022221940877
(20.590259) can0 17C#00000000708608D6
(20.599997) can0 174#777F0000526B09BA
(20.600161) can0 178#49800326FC940941
(20.600324) can0 17C#00000000728609C8
(20.610240) can0 174#A17F0000476B0A19
(20.610404) can0 178#F57F0425DA950A6B
(20.610576) can0 17C#00000000FA860A23
(20.620491) can0 550#10000000000000B0
(20.620656) can0 300#0F00000000000000
(20.620781) can0 174#00800000366B0B59
(20.620929) can0 178#A47F052033960B32
(20.630726) can0 174#57800000146B0CD0
(20.630890) can0 178#967F0621F4950CD0
(20.632107) can0 17C#00000000DD870C9B
(20.640969) can0 120#068B000000000051
(20.641136) can0 174#6A800000FF6A0DA1
(20.641300) can0 178#D67F072120950DC7
(20.651218) can0 17C#00000000A6870D4E
(20.651388) can0 290#0020000000000000
(20.651520) can0 174#248000000A6B0E14
(20.651675) can0 178#3580082044940EE5
(20.661461) can0 17C#0000000006870E99
(20.661631) can0 120#068500000000006B
(20.661801) can0 174#BD7F0000436B0F74
(20.671698) can0 178#5C80092520940F29
(20.671865) can0 17C#000000007B860F05
(20.672030) can0 174#7F7F00005C6B0094
(20.681944) can0 178#38800A29D89400A2
(20.682115) can0 17C#0000000054860008
(20.682280) can0 174#987F00004F6B0183
(20.682441) can0 178#EC7F0000C1950126
(20.692200) can0 17C#00000000B186010C
(20.692364) can0 540#0206770000000102
(20.692541) can0 174#F57F0000396B02BE
(20.702427) can0 178#AC7F01203496022A
(20.702605) can0 17C#00000000538702F4
(20.702778) can0 174#4C8000002A6B03C6
(20.712670) can0 178#9E7F0000FF95038F
(20.712834) can0 17C#00000000C08703BD
(20.712998) can0 290#0020000000000000
(20.713122) can0 12B#0000000000016F78
(20.713230) can0 174#6D8000000A6B0497
(20.722913) can0 178#C87F01204D9504A3
(20.723076) can0 17C#00000000BC8704AC
(20.723240) can0 120#066E0000000000D4
(20.733156) can0 300#0F00000000000000
(20.733280) can0 174#3E800000FB6A0541
(20.733428) can0 178#0B8002216B940575
(20.733605) can0 17C#0000000038870577
(20.743399) can0 450#0000000000000000
(20.743531) can0 174#D67F00001D6B0674
(20.743679) can0 178#38800324299406B9
(20.743845) can0 17C#00000000A1860647
(20.753642) can0 120#066600000000002C
(20.753813) can0 121#0023001700080022
(20.753976) can0 174#887F00004A6B07FD
(20.763887) can0 178#3B80042FB99407B6
(20.764050) can0 17C#000000006C86077F
(20.764214) can0 174#8A7F0000636B084F
(20.774128) can0 178#118005129B95083F
(20.774291) can0 17C#00000000C086083E
(20.774455) can0 120#065F000000000045
(20.784384) can0 174#D97F0000556B09FF
(20.784556) can0 178#D67F0624209609DE
(20.784719) can0 17C#000000005E8709BE
(20.784884) can0 290#0020000000000000
(20.785008) can0 12B#0000000000015F79
(20.794614) can0 174#388000004A6B0A02
(20.794777) can0 178#BA7F072606960A8B
(20.794941) can0 17C#00000000D2870A53
(20.804858) can0 450#0000000000000000
(20.804983) can0 174#628000001F6B0BE1
(20.805130) can0 178#CB7F08208F950B41
(20.805294) can0 17C#00000000C2870B56
(20.815099) can0 540#02065B0000000103
(20.815271) can0 290#0010000000000000
(20.815436) can0 12B#0000000000016F79
(20.827168) can0 174#46800000076B0CA0
(20.827451) can0 178#0B800925B6940C3A
(20.827711) can0 17C#000000004A870CC9
(20.835585) can0 541#0280000000000000
(20.835710) can0 17C#00000000A9860D84
(20.835864) can0 290#0010000000000000
(20.835988) can0 12B#0000000000016F78
(20.836136) can0 174#967F0000416B0E30
(20.845830) can0 178#5A80012571940E67
(20.845993) can0 120#065A0000000000A0
(20.846156) can0 121#00230017000800A2
(20.856071) can0 129#00000000000000A0
(20.856194) can0 290#0020000000000000
(20.856343) can0 12B#0000000000015F79
(20.856512) can0 450#0000000000000000
(20.856637) can0 290#0010000000000000
(20.866314) can0 12B#0000000000016F79
(20.866486) can0 120#06580000000000DE
(20.866649) can0 121#00220017000800C1
(20.876561) can0 129#00000000000000C0
(20.876725) can0 290#0020000000000000
(20.876890) can0 12B#0000000000015F79
(20.877053) can0 174#5A800000236B0232
(20.886820) can0 178#C27F0000C195026F
(20.886984) can0 120#065800000000003E
(20.887154) can0 121#0022001700080021
(20.897043) can0 129#0000000000000020
(20.897207) can0 290#0010000000000000
(20.897372) can0 12B#0000000000016F79
(20.907286) can0 12A#1328012000000000
(20.907409) can0 129#0000000000000040
(20.907573) can0 290#0020000000000000
(20.907738) can0 12B#0000000000015F79
(20.917530) can0 290#0040000000000000
(20.917702) can0 12B#0000000000016F79
(20.917874) can0 174#7D7F00004F6B06F4
(20.927772) can0 290#0020000000000000
(20.927943) can0 12B#0000000000015F79
(20.928115) can0 128#1388030000EC7882
(20.928237) can0 290#0020000000000000
(20.928345) can0 12B#0000000000016F79
(20.938022) can0 174#FD7F00004E6B087C
(20.938186) can0 290#0010000000000000
(20.938350) can0 12B#0000000000015F79
(20.948267) can0 128#1388030000EC78A2
(20.948430) can0 12E#00000000000000A0
(20.948598) can0 12A#1328012000000000
(20.948721) can0 290#0040000000000000
(20.958509) can0 12B#0000000000016F79
(20.958673) can0 174#708000000C6B0A6B
(20.958851) can0 290#0030000000000000
(20.968744) can0 12B#0000000000015F79
(20.968908) can0 128#1388030000EC78C2
(20.969077) can0 12B#0000000000016F79
(20.979008) can0 174#DC7F0000116B0CC4
(20.979171) can0 178#838000002B940C90
(20.979343) can0 12B#0000000000015F79
(20.979520) can0 128#1388030000EC7822
(20.989230) can0 12E#0000000000000020
(20.989394) can0 550#10000000000000D0
(20.989567) can0 174#7F7F00004C6B0E2A
(20.999473) can0 178#328000007A950E3B
(20.999650) can0 12E#0000000000000040
(20.999815) can0 174#C87F00003E6B0F85
(21.010718) can0 178#DE7F011218960F6B
(21.010969) can0 174#2D800000416B00DD
(21.011132) can0 178#B27F020F1596008B
(21.019958) can0 17C#00000000B48700D4
(21.020130) can0 174#62800000306B0185
(21.020293) can0 178#C57F0302A2950183
(21.030201) can0 17C#00000000CD870102
(21.030365) can0 174#54800000206B02BF
(21.030537) can0 178#11800405C7940268
(21.040444) can0 17C#00000000778702C2
(21.040616) can0 120#066623000000006F
(21.040779) can0 121#0039003E0008007F
(21.050687) can0 550#1000000000000030
(21.050858) can0 300#0F00000000000000
(21.050982) can0 174#FD7F0000176B0348
(21.051137) can0 174#9E7F00002D6B046A
(21.060931) can0 178#6A8006147D940490
(21.061094) can0 17C#000000005F8604FC
(21.061258) can0 120#066C350000000087
(21.071181) can0 174#7D7F00004C6B055F
(21.071351) can0 178#3580072F48950578
(21.071522) can0 17C#00000000618605C0
(21.071684) can0 290#0000000000000000
(21.081432) can0 174#B27F0000526B064A
(21.081611) can0 178#DE7F0802FE9506E7
(21.081781) can0 17C#00000000C0860698
(21.091659) can0 174#0B800000516B072A
(21.091828) can0 178#9B7F090F3B9607C8
(21.091991) can0 17C#0000000043870785
(21.101903) can0 174#54800000286B0861
(21.102073) can0 178#937F0A1310960858
(21.102236) can0 17C#0000000093870886
(21.112145) can0 174#688000000C6B0927
(21.112309) can0 178#C87F0B033995093F
(21.112472) can0 17C#00000000A18709B0
(21.122388) can0 174#27800000046B0A8E
(21.122560) can0 178#1C800C084A940A1B
(21.122723) can0 17C#0000000037870A4A
(21.132631) can0 174#B77F0000236B0B38
(21.132794) can0 178#46800D2F18940BA6
(21.132958) can0 17C#00000000B5860BD8
(21.142876) can0 290#0020000000000000
(21.143040) can0 174#667F00002D6B0CF9
(21.143211) can0 178#2D800E07D5940C3C
(21.153117) can0 17C#0000000088860C26
(21.153281) can0 120#07295B000000004B
(21.153444) can0 121#00A9009F00080050
(21.163360) can0 300#0F00000000000000
(21.163491) can0 174#747F0000146B0D4C
(21.163638) can0 178#E47F0F0DD0950DCC
(21.163802) can0 17C#00000000DF860DC9
(21.173616) can0 174#DE7F0000126B0EC8
(21.173780) can0 178#987F0002AE960ED9
(21.173943) can0 17C#000000007C870EDE
(21.174108) can0 174#76800000FE6A0F16
(21.183848) can0 178#777F01089D960FFD
(21.184011) can0 17C#00000000FC870F03
(21.184176) can0 174#BB800000F56A00B4
(21.194089) can0 178#A17F0000F3940064
(21.194252) can0 17C#000000000B880019
(21.194417) can0 174#5F8000001C6B018F
(21.204332) can0 178#0080012867930178
(21.204503) can0 17C#00000000598701DC
(21.204667) can0 174#AC7F0000416B0212
(21.215582) can0 17C#0000000094860292
(21.215839) can0 450#0000000000000000
(21.215963) can0 174#3C7F0000386B03DC
(21.216111) can0 178#43800321269503F4
(21.224823) can0 17C#0000000070860319
(21.224995) can0 174#7A7F00001A6B04B1
(21.225165) can0 178#F57F0423D296047C
(21.235060) can0 17C#000000001F8704D0
(21.235225) can0 541#0280000000000000
(21.235349) can0 174#1F8000001A6B0520
(21.235505) can0 178#A67F0523989605E4
(21.245303) can0 17C#00000000EB870543
(21.245467) can0 290#0050000000000000
(21.245640) can0 12B#0000000000016F7A
(21.255548) can0 174#89800000476B0631
(21.255711) can0 178#A17F06220C950664
(21.255875) can0 17C#00000000E3870668
(21.265792) can0 120#0B8A610000000036
(21.265955) can0 121#00C700C00008002F
(21.266118) can0 129#0000000000000020
(21.266280) can0 290#0010000000000000
(21.276048) can0 17C#000000005187079E
(21.276212) can0 450#0000000000000000
(21.276337) can0 290#0020000000000000
(21.276491) can0 12B#0000000000016F7A
(21.276614) can0 174#FD7F00003C6B0837
(21.286275) can0 120#0CC9600000000055
(21.286438) can0 121#00B800AF0008004F
(21.286609) can0 129#0000000000000040
(21.296520) can0 290#0020000000000000
(21.296644) can0 290#0010000000000000
(21.296792) can0 12B#0000000000015F79
(21.296956) can0 174#907F00000E6B0A71
(21.306761) can0 120#0E285B0000000071
(21.306931) can0 121#00AE00A200080078
(21.307123) can0 129#0000000000000060
(21.317004) can0 290#0000000000000000
(21.317169) can0 12B#0000000000015F7A
(21.317333) can0 12A#1128012000000000
(21.327247) can0 120#0F4953000000008B
(21.327410) can0 121#009D008B00080090
(21.327586) can0 129#0000000000000080
(21.337498) can0 290#0020000000000000
(21.337671) can0 12B#0000000000015F7A
(21.337802) can0 174#3B800000736B0E3A
(21.337950) can0 129#00000000000000A0
(21.347733) can0 290#0050000000000000
(21.347906) can0 12B#0000000000015F79
(21.348078) can0 290#0020000000000000
(21.357976) can0 12B#0000000000015F79
(21.358106) can0 174#E47F00003B6B0063
(21.358254) can0 178#2D8001204295007C
(21.358417) can0 290#0000000000000000
(21.368232) can0 12B#0000000000016F79
(21.368403) can0 128#1388020000EC7821
(21.368573) can0 290#0000000000000000
(21.368698) can0 12B#0000000000015F79
(21.368848) can0 174#D97F0000286B02FD
(21.378462) can0 290#0020000000000000
(21.378631) can0 12B#0000000000015F7A
(21.378803) can0 128#1388020000EC7841
(21.388705) can0 12E#0000000000000040
(21.388829) can0 290#0030000000000000
(21.388984) can0 12B#0000000000015F79
(21.390995) can0 174#0B800000396B0451
(21.398948) can0 290#0040000000000000
(21.399120) can0 12B#0000000000016F79
(21.399291) can0 128#1388020000EC7861
(21.409191) can0 12B#0000000000015F7A
(21.409355) can0 12A#1128012000000000
(21.409482) can0 550#1000000000000050
(21.409631) can0 174#F57F0000146B067F
(21.419434) can0 12B#0000000000015F79
(21.419613) can0 128#1388020000EC7881
(21.419776) can0 12E#0000000000000080
(21.429677) can0 174#D67F0000226B087C
(21.429842) can0 178#937F09252F95089A
(21.430005) can0 17C#00000000C686083B
(21.439920) can0 12E#00000000000000A0
(21.440084) can0 174#DC7F0000116B09AD
(21.440247) can0 178#987F0A295E950919
(21.450163) can0 17C#00000000D8860937
(21.450327) can0 174#EA7F0000226B0A2B
(21.450496) can0 178#B77F000071950A53
(21.460408) can0 17C#00000000E4860A32
(21.460581) can0 12C#0000000000000000
(21.460704) can0 5A0#00692000000000C9
(21.460858) can0 550#1000000000000070
(21.461021) can0 174#FD7F00001C6B0C73
(21.470664) can0 178#DC7F000037950CFC
(21.470836) can0 17C#000000002F870C10
(21.471000) can0 120#11F90000000000CA
(21.480894) can0 121#0000FFF6000800DD
(21.481058) can0 174#00800000356B0D9B
(21.481221) can0 178#008001202F950DA1
(21.491141) can0 17C#0000000034870D95
(21.491305) can0 174#00800000316B0EBA
(21.491482) can0 178#198002212E950E1C
(21.501378) can0 17C#0000000053870E68
(21.501558) can0 120#1172000000000023
(21.501721) can0 174#FA7F00003C6B0FEA
(21.511626) can0 178#1F8003241A950F45
(21.511789) can0 17C#000000005C870FF3
(21.511953) can0 290#0030000000000000
(21.521865) can0 550#1000000000000090
(21.522038) can0 174#EF7F0000526B0085
(21.522202) can0 178#1C80042F3F95008D
(21.532106) can0 174#F27F00005C6B01CE
(21.532270) can0 178#1F800512429501F0
(21.532433) can0 17C#00000000758701E6
(21.542349) can0 174#F27F0000626B02C8
(21.542521) can0 178#32800624449502E3
(21.542684) can0 17C#000000007487024E
(21.552592) can0 174#EC7F0000636B03E2
(21.552756) can0 178#4E8007264F950380
(21.552919) can0 17C#000000008A8703D2
(21.562851) can0 290#0010000000000000
(21.563023) can0 12B#0000000000015F79
(21.563146) can0 174#EA7F0000526B04C5
(21.563293) can0 178#73800820299504A3
(21.563457) can0 17C#0000000087870404
(21.573078) can0 300#0F00000000000000
(21.573202) can0 174#EA7F0000466B05C6
(21.573350) can0 178#868009253195058E
(21.573521) can0 17C#00000000538705A7
(21.583321) can0 174#EA7F0000476B066E
(21.583491) can0 178#83800000509506C6
(21.583654) can0 17C#000000003287065F
(21.595391) can0 174#F57F0000466B0719
(21.595657) can0 178#6D800125299507F2
(21.595822) can0 17C#00000000238707D5
(21.603814) can0 174#EF7F00003C6B0834
(21.603986) can0 178#548002392F95085C
(21.604149) can0 17C#00000000328708F9
(21.614050) can0 120#0F000000000000CF
(21.614213) can0 121#0004FFF6000800C1
(21.614377) can0 174#F57F0000316B097D
(21.624293) can0 178#4E8003215E950984
(21.624456) can0 17C#000000006A870990
(21.624627) can0 174#FD7F0000276B0A95
(21.634537) can0 178#4E8004204C950A2E
(21.634700) can0 17C#0000000080870A28
(21.634866) can0 450#0000000000000000
(21.634990) can0 120#0E7B000000000029
(21.644779) can0 174#00800000146B0B6A
(21.644943) can0 178#408000004D950B42
(21.645106) can0 17C#0000000055870B04
(21.655024) can0 174#03800000076B0C4A
(21.655188) can0 178#2780000084950C0D
(21.655352) can0 17C#000000001F870C38
(21.655523) can0 120#0DF6000000000043
(21.665281) can0 174#08800000156B0D79
(21.665444) can0 178#1180012258950DA0
(21.665616) can0 17C#0000000003870D37
(21.675515) can0 174#03800000336B0E5E
(21.675679) can0 178#FA7F0220F7940E08
(21.675845) can0 17C#00000000F1860ED7
(21.685750) can0 174#F57F0000316B0F33
(21.685914) can0 178#DE7F03321A950F22
(21.686078) can0 17C#00000000FA860F4A
(21.695993) can0 450#0000000000000000
(21.696118) can0 174#F87F00001F6B0057
(21.696265) can0 178#D37F042053950095
(21.696429) can0 17C#00000000198700A1
(21.706236) can0 178#D07F052336950166
(21.706400) can0 17C#0000000029870194
(21.706572) can0 290#0030000000000000
(21.716487) can0 12B#0000000000015F7A
(21.716651) can0 174#EC7F00001F6B02BD
(21.716815) can0 17C#000000003287022B
(21.726722) can0 120#0CBD0000000000A9
(21.726892) can0 121#0008FFF5000800A4
(21.727056) can0 290#0040000000000000
(21.736965) can0 12B#0000000000015F7A
(21.737088) can0 12A#1328012000000000
(21.737236) can0 550#1000000000000050
(21.737401) can0 450#0000000000000000
(21.737541) can0 120#0CB90000000000C5
(21.747208) can0 121#0008FFF5000800C4
(21.747371) can0 540#020CAF0000000106
(21.747559) can0 290#0020000000000000
(21.757465) can0 12B#0000000000015F7A
(21.757602) can0 120#0C7B000000000027
(21.757750) can0 121#0008FFF600080025
(21.757920) can0 129#0000000000000020
(21.758091) can0 541#0280000000000000
(21.758216) can0 290#0010000000000000
(21.767694) can0 12B#0000000000015F7A
(21.767826) can0 174#DC7F0000306B080F
(21.767974) can0 129#0000000000000040
(21.768146) can0 290#0010000000000000
(21.768276) can0 12B#0000000000015F7A
(21.771037) can0 290#0030000000000000
(21.777937) can0 12B#0000000000015F7A
(21.778069) can0 174#EA7F0000226B0A2B
(21.778216) can0 290#0010000000000000
(21.778381) can0 12B#0000000000016F7A
(21.788180) can0 128#1388030000EC7882
(21.788349) can0 290#0040000000000000
(21.788523) can0 12B#0000000000015F7A
(21.798423) can0 174#14800000016B0C78
(21.798594) can0 290#0010000000000000
(21.798759) can0 12B#0000000000015F79
(21.808666) can0 128#1388030000EC78A2
(21.808839) can0 290#0000000000000000
(21.809004) can0 12B#0000000000015F7A
(21.818909) can0 12A#1328012000000000
(21.819038) can0 550#1000000000000090
(21.819194) can0 290#0030000000000000
(21.819359) can0 12B#0000000000016F7A
(21.829152) can0 128#1388030000EC78C2
(21.829315) can0 12B#0000000000015F7A
(21.829486) can0 174#D97F0000256B0042
(21.839395) can0 178#DC7F090F53950043
(21.839573) can0 17C#00000000118700AD
(21.839737) can0 12B#0000000000015F7A
(21.839860) can0 128#1388030000EC7822
(21.849641) can0 12E#0000000000000020
(21.849805) can0 174#008000003C6B02A3
(21.849969) can0 178#CE7F0B03429502EB
(21.850131) can0 17C#000000006C87025A
(21.859898) can0 12E#0000000000000040
(21.860063) can0 12A#1328012000000000
(21.860185) can0 12C#0000000000000000
(21.860293) can0 174#08800000336B04B9
(21.860448) can0 178#FA7F0D2F4C9504EA
(21.870124) can0 17C#00000000A08704BE
(21.870288) can0 174#08800000236B05BC
(21.870451) can0 178#0B800E0712950513
(21.880367) can0 17C#0000000042870530
(21.880539) can0 174#F57F0000406B0601
(21.880702) can0 178#08800F0DE09406C5
(21.890610) can0 17C#00000000E7860622
(21.890774) can0 174#DE7F00005C6B0754
(21.890937) can0 178#FD7F0002FD9407C5
(21.900855) can0 17C#00000000D1860712
(21.901019) can0 550#10000000000000D0
(21.901184) can0 174#D97F0000466B0876
(21.911095) can0 178#EF7F01084F95080B
(21.911259) can0 174#F27F0000016B09DB
(21.911430) can0 178#EA7F0000699509E1
(21.921344) can0 17C#000000004E8709A6
(21.921520) can0 540#020A120000000107
(21.921689) can0 174#08800000F66A0A7A
(21.931581) can0 178#F87F012834950A84
(21.931745) can0 17C#000000007A870AAF
(21.931909) can0 541#0280000000000000
(21.932034) can0 174#00800000146B0B6A
(21.941831) can0 178#0B80022005950B5B
(21.941995) can0 17C#0000000077870B37
(21.942166) can0 174#EF7F0000276B0CD8
(21.952081) can0 178#1180032128950C9B
(21.952251) can0 17C#0000000058870CD2
(21.952427) can0 300#0F00000000000000
(21.952558) can0 174#EA7F0000236B0DF7
(21.952706) can0 178#1C80042358950D04
(21.962388) can0 174#F57F0000256B0E30
(21.962579) can0 178#3880052331950E9C
(21.962743) can0 17C#000000003F870E32
(21.972554) can0 120#099300000000003C
(21.972718) can0 174#F57F00004C6B0FFE
(21.972882) can0 178#3B800622DA940F19
(21.982796) can0 17C#000000002C870FBB
(21.982960) can0 174#E77F0000636B00F0
(21.983124) can0 178#22800724CF940006
(21.993039) can0 17C#000000000B8700BA
(21.993203) can0 120#096A000000000053
(21.993367) can0 174#E17F0000526B0199
(22.003282) can0 178#FA7F0823349501CA
(22.003444) can0 17C#0000000000870127
(22.003611) can0 174#EF7F00002D6B0271
(22.013526) can0 178#EA7F09209A95027D
(22.013689) can0 17C#000000002A87023F
(22.013858) can0 174#088000000F6B03C8
(22.023768) can0 178#FD7F0A218A95036C
(22.023931) can0 17C#00000000538703E9
(22.024094) can0 540#0209270000000107
(22.034011) can0 174#06800000236B04A0
(22.034174) can0 178#19800B2920950446
(22.034337) can0 17C#00000000538704BA
(22.044257) can0 541#0280000000000000
(22.044381) can0 120#0918000000000081
(22.044536) can0 174#EF7F00003C6B05B5
(22.044706) can0 178#27800000E49405E4
(22.044868) can0 17C#0000000026870566
(22.054521) can0 174#D97F0000436B0659
(22.054684) can0 178#2280000028950611
(22.054849) can0 17C#00000000058706FD
(22.064740) can0 120#08F10000000000B9
(22.064903) can0 300#0F00000000000000
(22.065027) can0 174#E77F0000406B071F
(22.065174) can0 178#168000FF9795077B
(22.074983) can0 174#03800000386B0890
(22.075146) can0 178#0B80000089950828
(22.075309) can0 17C#00000000568708AF
(22.085226) can0 174#11800000556B095B
(22.085389) can0 178#06800120F4940972
(22.085560) can0 17C#000000005587093E
(22.095469) can0 174#FD7F0000596B0AD4
(22.095639) can0 178#068002229E940A93
(22.095802) can0 17C#0000000026870ADD
(22.105712) can0 120#08B200000000003A
(22.105875) can0 178#08800326FA940BFD
(22.106039) can0 17C#0000000005870B7C
(22.115954) can0 290#0010000000000000
(22.116119) can0 17C#0000000023870C1A
(22.116283) can0 450#0000000000000000
(22.116408) can0 120#088C000000000054
(22.126197) can0 121#001C00060008004A
(22.126361) can0 540#02087E0000000107
(22.126541) can0 290#0030000000000000
(22.136440) can0 12B#0000000000015F79
(22.136612) can0 174#1C800000176B0E8D
(22.136776) can0 178#0B80062170950EDB
(22.146697) can0 541#0280000000000000
(22.146821) can0 120#0860000000000068
(22.146969) can0 121#001D00070008006C
(22.147132) can0 290#0040000000000000
(22.147297) can0 12B#0000000000015F79
(22.147420) can0 174#EA7F0000636B0016
(22.157964) can0 178#278008209E9400F7
(22.158241) can0 120#0830000000000098
(22.158389) can0 121#001E00080008008E
(22.167169) can0 129#0000000000000080
(22.167317) can0 290#0020000000000000
(22.167482) can0 12B#0000000000015F79
(22.167612) can0 174#E17F0000146B02DB
(22.177404) can0 178#E77F0A29BB95029B
(22.177576) can0 129#00000000000000A0
(22.177724) can0 290#0010000000000000
(22.187655) can0 12B#0000000000016F79
(22.187815) can0 290#0020000000000000
(22.187971) can0 12B#0000000000015F79
(22.197899) can0 174#1F800000116B04BD
(22.198055) can0 290#0010000000000000
(22.198211) can0 12B#0000000000015F79
(22.198319) can0 128#1388030000EC7822
(22.198422) can0 290#0010000000000000
(22.198527) can0 12B#0000000000015F79
(22.198626) can0 12A#1328012000000000
(22.198717) can0 290#0040000000000000
(22.208141) can0 12B#0000000000015F79
(22.208248) can0 128#1388030000EC7842
(22.208387) can0 12E#0000000000000040
(22.208503) can0 174#D37F0000176B0752
(22.208643) can0 290#0030000000000000
(22.218376) can0 12B#0000000000015F79
(22.218499) can0 174#EC7F0000F16A08BA
(22.218631) can0 290#0040000000000000
(22.218788) can0 12B#0000000000015F79
(22.218895) can0 128#1388030000EC7862
(22.228627) can0 12B#0000000000015F79
(22.228734) can0 174#308000001A6B0AA8
(22.228874) can0 178#E17F051207950A77
(22.229022) can0 12B#0000000000015F79
(22.229137) can0 128#1388030000EC7882
(22.238867) can0 12E#0000000000000080
(22.239030) can0 174#CE7F00005D6B0CAD
(22.239202) can0 178#11800726A1940CD5
(22.239348) can0 17C#00000000E7860CF0
(22.249138) can0 12E#00000000000000A0
(22.249287) can0 174#BA7F0000436B0DC0
(22.249442) can0 178#0680082066950D8C
(22.259348) can0 174#E47F0000236B0ED1
(22.259527) can0 178#E17F09251A960E13
(22.259701) can0 17C#000000004B870E7C
(22.269599) can0 174#30800000176B0F44
(22.269746) can0 178#D67F000014960FDB
(22.269902) can0 17C#00000000B4870F6F
(22.279838) can0 550#1000000000000050
(22.279995) can0 174#51800000206B00B1
(22.280142) can0 178#F27F01252F9500E9
(22.290085) can0 174#24800000596B015B
(22.290232) can0 178#148002394A9401E2
(22.290388) can0 17C#00000000758701E6
(22.300320) can0 540#0207480000000108
(22.300489) can0 290#0040000000000000
(22.300597) can0 174#CE7F00006D6B0223
(22.300737) can0 178#2D8003214B9402C0
(22.310564) can0 17C#00000000FD860241
(22.310720) can0 541#0280000000000000
(22.310829) can0 174#967F0000436B03B2
(22.310969) can0 178#1C8004200D9503E9
(22.320807) can0 17C#00000000C88603FD
(22.322957) can0 174#B27F0000176B0499
(22.323236) can0 178#E77F0000F1950452
(22.331056) can0 17C#000000000687044B
(22.331237) can0 300#0F00000000000000
(22.331369) can0 174#03800000E66A05EC
(22.331525) can0 178#BA7F000058960569
(22.341320) can0 174#54800000F56A06B6
(22.341491) can0 178#CB7F0122AB9506CC
(22.341661) can0 17C#00000000F987067F
(22.341840) can0 174#548000002E6B07DF
(22.351544) can0 178#0680022096940739
(22.351716) can0 17C#00000000B5870708
(22.351880) can0 174#03800000626B08E7
(22.361791) can0 178#3B8003320D940882
(22.361963) can0 17C#0000000013870846
(22.362127) can0 120#06E1000000000087
(22.372028) can0 174#A97F00006A6B0959
(22.372192) can0 178#3B800420889409DF
(22.372355) can0 17C#000000008D8609C6
(22.382271) can0 174#967F0000406B0ACB
(22.382435) can0 178#088005237F950A57
(22.382606) can0 17C#0000000094860A7A
(22.392516) can0 450#0000000000000000
(22.392640) can0 174#D37F00002E6B0B65
(22.392788) can0 178#D07F063233960BEF
(22.392951) can0 17C#0000000027870B4F
(22.402765) can0 174#35800000116B0C52
(22.402928) can0 178#C07F072142960C37
(22.403091) can0 17C#00000000C2870C05
(22.413000) can0 174#73800000076B0D5F
(22.413164) can0 178#EC7F082742950D3F
(22.413327) can0 17C#00000000FF870DB5
(22.423243) can0 174#498000002D6B0EF9
(22.423407) can0 178#3280000027940E8A
(22.423578) can0 17C#0000000082870E5F
(22.433497) can0 120#06D900000000003F
(22.433660) can0 300#0F00000000000000
(22.433789) can0 174#D97F00004F6B0FA6
(22.433940) can0 178#4E800120E9930F54
(22.434101) can0 174#887F0000526B00BA
(22.443745) can0 178#2D800000AE94008A
(22.443909) can0 17C#000000005686000B
(22.444073) can0 174#8A7F0000396B01CD
(22.453972) can0 178#EC7F0112CF950147
(22.454135) can0 17C#000000009386013F
(22.454299) can0 174#E77F0000366B023B
(22.464215) can0 178#BD7F020F739602B8
(22.464379) can0 17C#00000000538702F4
(22.464550) can0 120#06F400000000007A
(22.474458) can0 121#0026001200080060
(22.474626) can0 174#548000001F6B030C
(22.474789) can0 178#BD7F03023C960366
(22.484701) can0 17C#00000000E3870301
(22.484866) can0 174#7E8000000A6B04C9
(22.485030) can0 178#F87F0405089504DA
(22.494944) can0 17C#00000000E1870451
(22.495108) can0 450#0000000000000000
(22.495232) can0 120#06F400000000009A
(22.495380) can0 121#0026001200080080
(22.505187) can0 178#4680051202940540
(22.505350) can0 17C#000000003D8705FE
(22.505523) can0 540#0206F40000000109
(22.515430) can0 290#0010000000000000
(22.515599) can0 12B#0000000000015F77
(22.516776) can0 174#B77F00002D6B06B0
(22.525673) can0 17C#00000000888606F4
(22.525847) can0 541#0280000000000000
(22.525971) can0 120#06F40000000000BA
(22.526119) can0 121#00260012000800A0
(22.535929) can0 290#0020000000000000
(22.536094) can0 12B#0000000000015F77
(22.536217) can0 174#937F00001A6B08B2
(22.536365) can0 120#06F50000000000DB
(22.536536) can0 121#00260012000800C0
(22.546159) can0 129#00000000000000C0
(22.546322) can0 450#0000000000000000
(22.546447) can0 290#0010000000000000
(22.546604) can0 12B#0000000000015F77
(22.546727) can0 120#06FC000000000022
(22.556401) can0 121#002500120008003F
(22.556573) can0 129#0000000000000020
(22.556736) can0 290#0020000000000000
(22.566644) can0 290#0010000000000000
(22.566809) can0 12B#0000000000015F78
(22.566973) can0 174#19800000496B0CF2
(22.576890) can0 129#0000000000000040
(22.577054) can0 290#0030000000000000
(22.577219) can0 12B#0000000000015F77
(22.587130) can0 128#1388030000EC7862
(22.587293) can0 290#0010000000000000
(22.587458) can0 12B#0000000000015F77
(22.587598) can0 12A#1328012000000000
(22.587708) can0 550#1000000000000050
(22.587824) can0 290#0000000000000000
(22.597373) can0 12B#0000000000015F77
(22.597501) can0 128#1388030000EC7882
(22.597656) can0 12E#0000000000000080
(22.597828) can0 174#AF7F0000276B0F21
(22.607622) can0 290#0040000000000000
(22.607793) can0 12B#0000000000015F77
(22.607916) can0 174#1F800000286B0062
(22.608071) can0 290#0020000000000000
(22.617864) can0 12B#0000000000015F77
(22.617987) can0 128#1388030000EC78A2
(22.618143) can0 290#0000000000000000
(22.618308) can0 12B#0000000000015F77
(22.618431) can0 174#68800000306B02CA
(22.628110) can0 290#0010000000000000
(22.628275) can0 12B#0000000000015F78
(22.628439) can0 128#1388030000EC78C2
(22.628608) can0 290#0020000000000000
(22.638361) can0 12B#0000000000015F77
(22.638533) can0 174#907F00002E6B04E7
(22.638697) can0 12B#0000000000015F77
(22.638820) can0 128#1388030000EC7822
(22.648588) can0 12E#0000000000000020
(22.648753) can0 174#C27F0000206B0609
(22.648917) can0 178#BD7F0423689606AD
(22.658839) can0 17C#0000000064870622
(22.659003) can0 120#06BB000000000021
(22.659174) can0 12E#0000000000000040
(22.669074) can0 174#3B800000356B07AA
(22.669237) can0 178#B47F05236D9607DC
(22.669401) can0 550#1000000000000090
(22.679322) can0 174#89800000466B0818
(22.679491) can0 178#DC7F0622559508D7
(22.679661) can0 17C#00000000F98708D9
(22.689561) can0 450#0000000000000000
(22.690680) can0 174#68800000496B09CE
(22.690916) can0 178#168007241894097E
(22.691079) can0 17C#000000005C8709BD
(22.699803) can0 174#F27F0000406B0A13
(22.699966) can0 178#3B800823C5930A9C
(22.700130) can0 17C#0000000098860A70
(22.710046) can0 174#887F0000276B0BB4
(22.710209) can0 178#2D800920A0940B1B
(22.710373) can0 17C#0000000043860B55
(22.720289) can0 174#7F7F0000036B0CF6
(22.720452) can0 178#F27F0A21D4950CFA
(22.720622) can0 17C#00000000AD860C9F
(22.730547) can0 550#10000000000000B0
(22.730712) can0 300#0F00000000000000
(22.730836) can0 174#D67F0000126B0D3D
(22.730984) can0 174#498000001C6B0E5E
(22.731156) can0 178#C87F00003F960ECE
(22.740775) can0 17C#000000001B880EA7
(22.740939) can0 174#81800000396B0F57
(22.741102) can0 178#0B800000FA940FF3
(22.751018) can0 17C#000000000D880FA7
(22.751190) can0 174#468000005F6B0048
(22.751362) can0 178#578000FFDB930074
(22.761260) can0 17C#000000005887004E
(22.761433) can0 174#CB7F00005A6B0192
(22.761604) can0 178#68800000CE9301D4
(22.771511) can0 17C#00000000988601BF
(22.771676) can0 290#0020000000000000
(22.771800) can0 12B#0000000000015F77
(22.771907) can0 174#747F0000356B0248
(22.772055) can0 178#35800120D09402BA
(22.781746) can0 17C#0000000054860232
(22.781917) can0 174#857F0000116B0397
(22.782089) can0 178#D67F02220196036F
(22.791989) can0 17C#00000000CA8603FE
(22.792154) can0 540#0206B6000000010A
(22.792323) can0 174#EC7F00001F6B04F3
(22.802232) can0 178#967F03268A960486
(22.802404) can0 17C#00000000A987043D
(22.802584) can0 174#5A800000286B05E1
(22.812482) can0 178#A97F042544960509
(22.812645) can0 17C#00000000248805C6
(22.812810) can0 174#83800000316B0614
(22.822721) can0 178#F87F052007950695
(22.822892) can0 17C#00000000EC8706EE
(22.823056) can0 300#0F00000000000000
(22.823181) can0 174#3B8000004A6B0764
(22.823327) can0 178#3E800621F7930733
(22.832977) can0 174#BD7F0000496B0828
(22.833141) can0 178#4C800721F7930850
(22.833304) can0 17C#000000006986084D
(22.843204) can0 120#06D0000000000096
(22.843367) can0 174#747F0000306B090E
(22.843540) can0 178#22800820E6940972
(22.853447) can0 17C#00000000508609FB
(22.853616) can0 174#937F0000186B0A8B
(22.853787) can0 178#E17F092506960A75
(22.863690) can0 17C#00000000E7860ABE
(22.863859) can0 174#03800000236B0B2F
(22.864022) can0 178#B27F0A298A960B4E
(22.873933) can0 17C#00000000CE870B5C
(22.874097) can0 290#0020000000000000
(22.874221) can0 12B#0000000000015F78
(22.874369) can0 12A#1328012000000000
(22.875495) can0 17C#000000004A880C6A
(22.884176) can0 450#0000000000000000
(22.884308) can0 120#06D60000000000DC
(22.884456) can0 174#7E800000206B0D03
(22.884626) can0 178#19800120EC940DF7
(22.894419) can0 17C#0000000002880D1B
(22.894590) can0 540#0206D5000000010A
(22.894765) can0 174#2A800000386B0E3E
(22.904662) can0 178#6A800000F7930E7E
(22.904831) can0 17C#0000000021870E23
(22.904995) can0 178#7E80012026940F5D
(22.914905) can0 17C#000000005C860FBF
(22.915069) can0 290#0020000000000000
(22.915193) can0 17C#000000003D8600DB
(22.915341) can0 120#06D0000000000056
(22.925161) can0 121#0026001300080041
(22.925325) can0 129#0000000000000040
(22.925448) can0 290#0040000000000000
(22.925605) can0 12B#0000000000015F77
(22.925769) can0 128#1388030000EC7862
(22.935391) can0 12E#0000000000000060
(22.935563) can0 450#0000000000000000
(22.935687) can0 290#0030000000000000
(22.935838) can0 12B#0000000000015F78
(22.945634) can0 174#198000001C6B02A5
(22.945797) can0 178#907F042F7C96029C
(22.945961) can0 120#06D2000000000078
(22.955878) can0 121#0026001300080061
(22.956041) can0 129#0000000000000060
(22.956205) can0 290#0020000000000000
(22.966120) can0 12B#0000000000015F77
(22.966283) can0 290#0020000000000000
(22.966407) can0 12B#0000000000015F77
(22.966523) can0 174#768000002D6B04A1
(22.966677) can0 178#06800624A3940444
(22.976362) can0 17C#00000000C7870464
(22.976535) can0 120#06DB000000000081
(22.976698) can0 121#0026001300080081
(22.986605) can0 129#0000000000000080
(22.986769) can0 290#0000000000000000
(22.986934) can0 290#0010000000000000
(22.996850) can0 12B#0000000000015F77
(22.996973) can0 12A#1328012000000000
(22.997080) can0 129#00000000000000A0
(22.997228) can0 290#0010000000000000
(22.997352) can0 12B#0000000000015F78
(22.997508) can0 290#0030000000000000
(23.007091) can0 12B#0000000000015F77
(23.007254) can0 174#B27F0000226B08A4
(23.007416) can0 290#0010000000000000
(23.017337) can0 12B#0000000000015F77
(23.017460) can0 128#1388030000EC7822
(23.017621) can0 290#0020000000000000
(23.017791) can0 12B#0000000000015F78
(23.017953) can0 174#7E8000001C6B0A72
(23.027600) can0 290#0030000000000000
(23.027772) can0 12B#0000000000015F77
(23.027936) can0 128#1388030000EC7842
(23.037827) can0 12E#0000000000000040
(23.037990) can0 290#0000000000000000
(23.038162) can0 12B#0000000000015F77
(23.038284) can0 174#F87F0000516B0CA2
(23.048069) can0 178#70800420CE930CC1
(23.048232) can0 290#0020000000000000
(23.049408) can0 174#827F0000576B0DDA
(23.058306) can0 178#7080000056940D0E
(23.058482) can0 290#0010000000000000
(23.058646) can0 12B#0000000000015F78
(23.068551) can0 174#6C7F0000306B0E36
(23.068714) can0 178#228000007C950E87
(23.068877) can0 12B#0000000000015F77
(23.078798) can0 128#1388030000EC7882
(23.078961) can0 12E#0000000000000080
(23.079133) can0 174#BA7F0000236B0FAA
(23.089035) can0 12A#1328012000000000
(23.089157) can0 550#10000000000000D0
(23.089306) can0 174#32800000126B00CC
(23.089469) can0 128#1388030000EC78A2
(23.099278) can0 12E#00000000000000A0
(23.099450) can0 174#83800000186B01F4
(23.099621) can0 174#5C8000002A6B0262
(23.109522) can0 178#278004203F940270
(23.109686) can0 17C#000000009E8702D1
(23.109853) can0 174#E77F0000396B03A0
(23.119777) can0 178#68800523CE9303C1
(23.119941) can0 17C#00000000C386037D
(23.120105) can0 174#7F7F0000366B04BF
(23.120268) can0 178#5C800632889404B7
(23.130007) can0 17C#000000003B8604AA
(23.130178) can0 120#06EF0000000000D5
(23.130341) can0 550#1000000000000030
(23.140250) can0 300#0F00000000000000
(23.140374) can0 174#747F0000186B05AE
(23.140530) can0 174#D07F0000256B0683
(23.140693) can0 178#B47F0827669606A7
(23.150500) can0 17C#000000004D870691
(23.150664) can0 174#4C800000236B0731
(23.150831) can0 178#A97F000052960702
(23.160736) can0 17C#00000000F28707E2
(23.160900) can0 174#89800000286B0841
(23.161063) can0 178#E47F0120239508B2
(23.170979) can0 17C#000000000B8808F1
(23.171151) can0 120#06E400000000004A
(23.171314) can0 121#0026001300080041
(23.181222) can0 174#4E800000436B097D
(23.181392) can0 178#32800000F7930998
(23.181571) can0 17C#000000006A870990
(23.191465) can0 174#CB7F0000476B0AC0
(23.191635) can0 178#5C800112D8930AD1
(23.191798) can0 17C#00000000A6860A51
(23.201708) can0 174#6F7F0000366B0BBD
(23.201880) can0 178#4380020FCD940B95
(23.202051) can0 17C#0000000062860BEA
(23.211953) can0 174#7A7F0000206B0C7E
(23.212117) can0 178#F57F0302FC950CA5
(23.212280) can0 17C#00000000C6860C4F
(23.212449) can0 174#E17F0000316B0DD9
(23.222209) can0 178#B27F04058A960D8E
(23.222373) can0 17C#0000000087870DF1
(23.222542) can0 174#51800000316B0E80
(23.232436) can0 178#C07F05122D960EDA
(23.232608) can0 17C#0000000002880E3C
(23.232772) can0 120#06CF0000000000B5
(23.242679) can0 300#0F00000000000000
(23.242804) can0 174#78800000276B0F60
(23.242951) can0 178#16800614DE940F90
(23.243115) can0 174#35800000336B00FD
(23.252922) can0 178#7380072FD99300FE
(23.254128) can0 17C#000000002687000F
(23.254388) can0 174#BA7F0000396B011B
(23.263165) can0 178#8C800802F7930156
(23.263333) can0 17C#0000000072860120
(23.263505) can0 290#0020000000000000
(23.273408) can0 174#6F7F0000316B02C2
(23.273578) can0 178#5180090FF4940201
(23.273742) can0 17C#00000000598602B7
(23.283651) can0 120#06C800000000002E
(23.283815) can0 121#0025001400080021
(23.283978) can0 174#887F0000276B035C
(23.293897) can0 178#EC7F0A13109603C3
(23.294060) can0 17C#00000000E48603C7
(23.294224) can0 290#0020000000000000
(23.294348) can0 12B#0000000000015F79
(23.304137) can0 174#EF7F0000366B04A7
(23.304300) can0 178#B47F0B0387960438
(23.304464) can0 17C#00000000BF870420
(23.314394) can0 174#5C800000316B05A9
(23.314565) can0 178#C07F0C08179605B1
(23.314729) can0 17C#000000003988055B
(23.314893) can0 174#788000001F6B06B1
(23.324623) can0 178#00800D2FCB94061E
(23.324787) can0 17C#00000000F28706FF
(23.324951) can0 174#22800000276B0787
(23.334868) can0 178#40800E07E09307FC
(23.335032) can0 17C#0000000016870774
(23.335196) can0 290#0010000000000000
(23.345109) can0 12B#0000000000015F79
(23.345232) can0 174#A67F0000206B0877
(23.345379) can0 178#57800F0D1E9408D9
(23.345551) can0 17C#00000000628608CD
(23.355352) can0 120#06BF000000000085
(23.355523) can0 121#0026001400080082
(23.355686) can0 178#358000022C9509BC
(23.365595) can0 17C#000000005F86097D
(23.365759) can0 450#0000000000000000
(23.365883) can0 290#0000000000000000
(23.366032) can0 17C#0000000000870AE8
(23.375841) can0 120#06BA0000000000A0
(23.376004) can0 121#00260014000800A2
(23.376167) can0 129#00000000000000A0
(23.376295) can0 290#0020000000000000
(23.386081) can0 290#0010000000000000
(23.386245) can0 12B#0000000000015F78
(23.386409) can0 174#6A800000316B0C59
(23.396324) can0 178#C57F0128F1950CD3
(23.396491) can0 120#06AE0000000000D4
(23.396654) can0 121#00270015000800C4
(23.406571) can0 129#00000000000000C0
(23.406735) can0 290#0030000000000000
(23.406907) can0 290#0030000000000000
(23.407031) can0 12B#0000000000015F79
(23.407177) can0 12A#1328012000000000
(23.407300) can0 120#069A000000000020
(23.416826) can0 121#0027001500080024
(23.416989) can0 129#0000000000000020
(23.417153) can0 290#0020000000000000
(23.427052) can0 12B#0000000000015F79
(23.427176) can0 174#6F7F0000186B004B
(23.427323) can0 129#0000000000000040
(23.427495) can0 290#0020000000000000
(23.427625) can0 12B#0000000000015F79
(23.427732) can0 290#0030000000000000
(23.438416) can0 12B#0000000000015F78
(23.438678) can0 174#16800000416B0204
(23.438878) can0 178#967F072486960250
(23.447546) can0 290#0010000000000000
(23.447710) can0 12B#0000000000015F79
(23.447883) can0 128#1388030000EC7882
(23.457789) can0 290#0010000000000000
(23.457913) can0 12B#0000000000015F79
(23.458028) can0 174#7B800000306B04DA
(23.458175) can0 290#0030000000000000
(23.458340) can0 12B#0000000000015F78
(23.468030) can0 128#1388030000EC78A2
(23.468193) can0 290#0030000000000000
(23.468323) can0 12B#0000000000015F78
(23.468431) can0 174#9B7F0000226B06E2
(23.468585) can0 178#30800B290E9406E9
(23.478267) can0 17C#000000004D8606DD
(23.478431) can0 290#0040000000000000
(23.478604) can0 12B#0000000000015F79
(23.488518) can0 128#1388030000EC78C2
(23.488680) can0 290#0010000000000000
(23.488848) can0 12B#0000000000015F78
(23.498761) can0 12A#1328012000000000
(23.498884) can0 290#0020000000000000
(23.499041) can0 12B#0000000000015F78
(23.499164) can0 128#1388030000EC7822
(23.499319) can0 174#70800000186B0A75
(23.509010) can0 178#AF7F0000F9950AF4
(23.509173) can0 17C#00000000F2870A63
(23.509338) can0 541#0280000000000000
(23.509462) can0 120#06C600000000002C
(23.509614) can0 128#1388030000EC7842
(23.519239) can0 12E#0000000000000040
(23.519419) can0 174#768000001A6B0BB8
(23.519590) can0 174#19800000356B0CB0
(23.529490) can0 178#65800222DC930C11
(23.529653) can0 17C#00000000F1860CED
(23.529818) can0 12A#1328012000000000
(23.529941) can0 12C#0000000000000000
(23.530049) can0 5A0#0069200000000069
(23.539725) can0 174#777F0000306B0EBA
(23.539889) can0 178#1980042531950EAD
(23.540052) can0 17C#0000000075860E11
(23.549968) can0 174#AC7F0000236B0FC0
(23.550131) can0 178#C27F052029960F33
(23.550295) can0 17C#0000000011870F16
(23.560211) can0 290#0020000000000000
(23.560335) can0 12B#0000000000015F78
(23.560442) can0 174#16800000386B00F5
(23.560598) can0 178#A47F06216B9600AA
(23.560761) can0 17C#00000000C7870010
(23.570454) can0 174#6D800000336B0155
(23.570622) can0 178#C87F0721E99501C0
(23.570785) can0 17C#0000000015880115
(23.580697) can0 550#1000000000000090
(23.580865) can0 174#73800000276B02D4
(23.581029) can0 178#14800820B194024A
(23.590940) can0 174#1C8000002D6B032B
(23.591111) can0 178#51800925E693030F
(23.591274) can0 17C#00000000EC8603CB
(23.601186) can0 174#A67F0000356B047A
(23.601357) can0 178#51800A2926940469
(23.601537) can0 17C#00000000538604F6
(23.601699) can0 120#06AA0000000000D0
(23.612461) can0 121#00270015000800C4
(23.612722) can0 174#6F7F0000336B0592
(23.612886) can0 178#1C80000025950564
(23.621669) can0 17C#000000006686054A
(23.621853) can0 290#0000000000000000
(23.622025) can0 174#A17F00002E6B0656
(23.631912) can0 178#DE7F01201F96065C
(23.632075) can0 17C#0000000008870678
(23.632239) can0 300#0F00000000000000
(23.632364) can0 174#14800000436B07D4
(23.642163) can0 178#C27F00006E9607A4
(23.642327) can0 174#73800000396B0817
(23.642496) can0 178#DC7F0120FF950804
(23.652397) can0 17C#00000000EF8708C4
(23.652570) can0 120#06A800000000004E
(23.652733) can0 174#768000002D6B0920
(23.662640) can0 178#22800221CA940976
(23.662804) can0 17C#000000008B87098F
(23.662968) can0 290#0030000000000000
(23.672885) can0 12B#0000000000015F79
(23.673049) can0 174#198000002B6B0AEF
(23.673213) can0 178#5F800324F4930ADE
(23.683126) can0 17C#00000000CA860A0B
(23.683297) can0 120#069F000000000065
(23.683500) can0 174#A67F0000276B0BDA
(23.693369) can0 178#6280042F2E940B90
(23.693541) can0 17C#000000003B860B11
(23.693705) can0 174#747F00001D6B0CD2
(23.703626) can0 178#278005123C950C34
(23.703789) can0 17C#0000000049860C09
(23.703961) can0 174#A17F00000F6B0D26
(23.704125) can0 178#DC7F062439960D59
(23.713857) can0 17C#00000000F2860D7C
(23.714021) can0 540#020698000000010E
(23.714190) can0 290#0020000000000000
(23.724098) can0 174#08800000236B0E73
(23.724262) can0 178#AF7F072681960E38
(23.724425) can0 17C#00000000C8870E30
(23.734341) can0 174#6A800000176B0F4B
(23.734512) can0 178#C57F08200A960FA9
(23.734676) can0 17C#000000001E880F33
(23.744584) can0 174#768000000F6B00E6
(23.744748) can0 178#14800925CD94008B
(23.744911) can0 17C#00000000D587000B
(23.754828) can0 120#06A50000000000CB
(23.754991) can0 121#00270015000800C4
(23.755114) can0 129#00000000000000C0
(23.755262) can0 174#1F800000236B01FF
(23.765070) can0 178#5F800000EA9301BA
(23.765234) can0 17C#000000000D8701A2
(23.765398) can0 174#A17F0000396B02B0
(23.775313) can0 178#5F80012510940210
(23.775493) can0 17C#0000000067860296
(23.775657) can0 120#06B600000000003C
(23.785557) can0 121#0027001400080023
(23.785720) can0 178#148002390A9503F4
(23.785884) can0 17C#00000000598603AA
(23.795802) can0 290#0000000000000000
(23.795967) can0 17C#00000000F1860405
(23.796131) can0 120#06C0000000000046
(23.796293) can0 121#0026001400080042
(23.806058) can0 129#0000000000000040
(23.806222) can0 290#0020000000000000
(23.806386) can0 12B#0000000000015F79
(23.808525) can0 12A#1328012000000000
(23.808719) can0 450#0000000000000000
(23.808872) can0 120#06BC000000000062
(23.816285) can0 121#0026001400080062
(23.816448) can0 290#0020000000000000
(23.816576) can0 12B#0000000000015F79
(23.816684) can0 174#278000002A6B088D
(23.816832) can0 120#06B600000000009C
(23.826529) can0 121#0027001400080083
(23.826692) can0 129#0000000000000080
(23.826861) can0 290#0020000000000000
(23.826985) can0 12B#0000000000014F79
(23.836771) can0 174#6F7F0000336B0A29
(23.836935) can0 178#1980033208950AA8
(23.837098) can0 129#00000000000000A0
(23.847014) can0 290#0040000000000000
(23.847178) can0 12B#0000000000015F79
(23.847342) can0 290#0020000000000000
(23.857257) can0 12B#0000000000015F79
(23.857380) can0 174#08800000446B0C93
(23.857542) can0 290#0010000000000000
(23.857707) can0 12B#0000000000015F79
(23.857838) can0 128#1388030000EC7822
(23.867504) can0 12E#0000000000000020
(23.867675) can0 290#0020000000000000
(23.867853) can0 12B#0000000000015F79
(23.867976) can0 174#7E800000206B0E24
(23.877742) can0 290#0030000000000000
(23.877915) can0 12B#0000000000015F79
(23.878046) can0 128#1388030000EC7842
(23.878193) can0 12E#0000000000000040
(23.887985) can0 290#0020000000000000
(23.888157) can0 12B#0000000000015F79
(23.888280) can0 12A#1328012000000000
(23.888387) can0 290#0030000000000000
(23.888542) can0 12B#0000000000015F79
(23.888665) can0 128#1388030000EC7862
(23.898242) can0 290#0040000000000000
(23.898407) can0 12B#0000000000015F79
(23.898537) can0 174#987F0000356B02E3
(23.898685) can0 290#0010000000000000
(23.898863) can0 12B#0000000000015F79
(23.898999) can0 128#1388030000EC7882
(23.908471) can0 174#6A800000356B04B7
(23.908639) can0 178#BA7F020F0996043F
(23.908810) can0 17C#000000000F88046B
(23.918721) can0 128#1388030000EC78A2
(23.918884) can0 12E#00000000000000A0
(23.919056) can0 12A#1328012000000000
(23.919179) can0 174#328000002A6B06A6
(23.928957) can0 178#3E800405EF9306EA
(23.929121) can0 17C#000000001087066C
(23.929285) can0 120#06AC0000000000B2
(23.939208) can0 174#B77F0000366B0735
(23.939371) can0 178#5A800512159407EA
(23.939542) can0 17C#00000000828607E6
(23.949443) can0 174#747F00003C6B0819
(23.949612) can0 178#358006140A9508B9
(23.949776) can0 17C#000000007B860856
(23.959686) can0 174#937F0000316B091F
(23.959852) can0 178#EF7F072FFC9509AD
(23.960016) can0 17C#00000000FD86098E
(23.969929) can0 290#0050000000000000
(23.970094) can0 550#10000000000000D0
(23.971337) can0 174#00800000406B0A09
(23.980172) can0 178#B47F080247960A1D
(23.980336) can0 174#65800000306B0BD9
(23.980507) can0 178#A67F090FE3950B04
(23.990418) can0 17C#00000000FF870BFB
(23.990597) can0 174#7E8000002A6B0C11
(23.990768) can0 178#DE7F0A13B9940CFF
(23.990934) can0 17C#00000000C7870C8C
(24.000674) can0 174#2A800000316B0D9A
(24.000836) can0 178#2D800B03DE930DC9
(24.000998) can0 17C#000000000A870DB4
(24.010901) can0 174#AF7F0000336B0E22
(24.011064) can0 178#5A800C080D940E88
(24.011228) can0 17C#0000000067860E0A
(24.021144) can0 120#06BA000000000060
(24.021315) can0 300#0F00000000000000
(24.021438) can0 174#6F7F00002E6B0FDD
(24.021601) can0 178#43800D2F1E950FAF
(24.031392) can0 174#967F00002B6B00C9
(24.031563) can0 178#00800E07369600AD
(24.031726) can0 17C#00000000E68600E3
(24.041630) can0 120#06C2000000000088
(24.041801) can0 174#0B8000004E6B01FA
(24.041972) can0 178#CB7F0F0D949601D1
(24.051875) can0 17C#00000000A48701D1
(24.052038) can0 174#78800000436B02B7
(24.052201) can0 178#CE7F00021A96021F
(24.062116) can0 17C#00000000FA870287
(24.062287) can0 174#8F800000206B0351
(24.062450) can0 178#00800108C8940387
(24.072359) can0 17C#00000000B28703F6
(24.072530) can0 290#0010000000000000
(24.072695) can0 174#388000001F6B0455
(24.082601) can0 178#3E800000CE930409
(24.082765) can0 17C#00000000EC860498
(24.082935) can0 174#B27F0000206B0526
(24.092860) can0 178#4E800128FF930507
(24.093023) can0 17C#0000000056860562
(24.093187) can0 540#0206D9000000010F
(24.093356) can0 174#6C7F0000256B064F
(24.103087) can0 178#2280022015950622
(24.103251) can0 17C#0000000050860640
(24.103415) can0 120#06DE000000000024
(24.113330) can0 174#967F0000226B0719
(24.113502) can0 178#E17F0321419607F3
(24.113665) can0 17C#00000000D986071E
(24.123573) can0 174#0E800000396B08F9
(24.123737) can0 178#B47F0423AE960821
(24.123900) can0 17C#000000008E87081B
(24.133820) can0 300#0F00000000000000
(24.133944) can0 174#788000003C6B09B6
(24.134092) can0 178#C57F05231D960967
(24.134255) can0 17C#00000000DD8709F2
(24.144059) can0 450#0000000000000000
(24.144184) can0 290#0030000000000000
(24.144332) can0 174#83800000316B0A88
(24.144504) can0 178#11800622BA940A27
(24.154302) can0 17C#0000000090870A30
(24.154466) can0 174#22800000356B0B00
(24.154635) can0 178#65800724D0930BFE
(24.164547) can0 17C#00000000DC860B0B
(24.164711) can0 290#0030000000000000
(24.164840) can0 12B#0000000000014F79
(24.164990) can0 174#9E7F0000276B0C8D
(24.175797) can0 120#06AB000000000091
(24.176051) can0 121#0026001500080083
(24.176214) can0 129#0000000000000080
(24.185034) can0 178#4380092036950D74
(24.185205) can0 17C#0000000080860D37
(24.185369) can0 290#0040000000000000
(24.185540) can0 17C#0000000018870E88
(24.195290) can0 120#06980000000000BE
(24.195453) can0 121#00270015000800A4
(24.195621) can0 129#00000000000000A0
(24.205518) can0 450#0000000000000000
(24.205643) can0 540#0206980000000110
(24.205796) can0 290#0020000000000000
(24.205960) can0 12B#0000000000015F7A
(24.215760) can0 174#78800000386B0045
(24.215923) can0 178#A97F0000FB9500F6
(24.216087) can0 541#0280000000000000
(24.216211) can0 120#06980000000000DE
(24.226003) can0 121#00270016000800C5
(24.226166) can0 290#0000000000000000
(24.226331) can0 12B#0000000000015F79
(24.236246) can0 174#198000003C6B0295
(24.236409) can0 120#069700000000003D
(24.236580) can0 121#0027001600080025
(24.246497) can0 129#0000000000000020
(24.246667) can0 290#0040000000000000
(24.246833) can0 12B#0000000000015F7A
(24.256732) can0 290#0030000000000000
(24.256897) can0 12B#0000000000014F79
(24.257060) can0 174#587F00001C6B0461
(24.266975) can0 178#F27F012048950494
(24.267138) can0 17C#0000000089860441
(24.267302) can0 129#0000000000000040
(24.277218) can0 290#0010000000000000
(24.277382) can0 12B#0000000000015F7A
(24.277560) can0 290#0040000000000000
(24.287482) can0 12B#0000000000015F79
(24.287654) can0 174#03800000236B06AE
(24.287826) can0 178#967F0326A6960686
(24.287990) can0 17C#000000001B88064F
(24.297703) can0 290#0000000000000000
(24.297875) can0 12B#0000000000014F7A
(24.298047) can0 128#1388030000EC7882
(24.307946) can0 290#0020000000000000
(24.308118) can0 12B#0000000000015F79
(24.308281) can0 12A#1328012000000000
(24.308404) can0 290#0030000000000000
(24.318189) can0 12B#0000000000015F79
(24.318312) can0 128#1388030000EC78A2
(24.318459) can0 12E#00000000000000A0
(24.318590) can0 174#24800000446B092E
(24.318746) can0 290#0020000000000000
(24.328432) can0 12B#0000000000015F7A
(24.328604) can0 174#AC7F0000446B0A73
(24.328768) can0 290#0040000000000000
(24.338681) can0 12B#0000000000015F79
(24.338848) can0 128#1388030000EC78C2
(24.339018) can0 290#0010000000000000
(24.348918) can0 12B#0000000000015F79
(24.349041) can0 174#A17F00001C6B0CAF
(24.349189) can0 290#0010000000000000
(24.349312) can0 12B#0000000000014F79
(24.349460) can0 128#1388030000EC7822
(24.359169) can0 12E#0000000000000020
(24.360344) can0 174#738000002D6B0E47
(24.360607) can0 178#B27F0000FC950E56
(24.369404) can0 17C#0000000064880E69
(24.369582) can0 128#1388030000EC7842
(24.369745) can0 12E#0000000000000040
(24.379650) can0 174#838000002D6B0FF3
(24.379814) can0 174#32800000256B006E
(24.379977) can0 178#51800000F793003B
(24.380139) can0 17C#00000000478700D0
(24.389908) can0 120#066B000000000051
(24.390071) can0 174#BA7F0000366B019D
(24.390235) can0 178#5A800120E193012E
(24.400133) can0 17C#00000000908601B3
(24.400297) can0 550#1000000000000050
(24.400462) can0 174#6C7F0000366B02AF
(24.410376) can0 178#16800221BD9402C4
(24.410547) can0 174#857F0000206B0330
(24.410710) can0 178#BA7F0324D4950383
(24.420619) can0 17C#00000000F5860350
(24.420783) can0 174#EA7F0000186B04AA
(24.420946) can0 178#8D7F042F6A960490
(24.430864) can0 17C#00000000C28704ED
(24.431028) can0 174#518000001A6B05FF
(24.431198) can0 178#A97F05123B960536
(24.441105) can0 17C#000000003D88055D
(24.441269) can0 174#7B8000001A6B06DF
(24.441439) can0 178#FD7F062457950629
(24.451354) can0 17C#00000000268806E2
(24.451526) can0 550#1000000000000070
(24.451699) can0 300#0F00000000000000
(24.451823) can0 174#43800000156B0740
(24.461591) can0 178#5A80072647940764
(24.461762) can0 174#D37F0000396B08D0
(24.461933) can0 178#86800820F493082A
(24.471836) can0 17C#000000009C86084C
(24.472000) can0 174#7F7F0000516B09E4
(24.472163) can0 178#658009259E9409DF
(24.482096) can0 17C#0000000035860922
(24.482260) can0 174#887F00004F6B0AF5
(24.482423) can0 178#038000009B950ADB
(24.482595) can0 17C#000000007D860A69
(24.492320) can0 174#E17F00003C6B0B12
(24.492498) can0 178#A97F012544960B70
(24.492662) can0 17C#000000003F870B5B
(24.502569) can0 174#46800000316B0C8D
(24.502740) can0 178#907F023934960C7B
(24.502904) can0 17C#00000000EB870CB6
(24.512806) can0 120#069800000000005E
(24.512969) can0 174#768000001D6B0D7C
(24.513132) can0 178#D67F032176950D0F
(24.523048) can0 17C#0000000013880D8C
(24.523212) can0 174#49800000176B0EDE
(24.523376) can0 178#4E80042058940E08
(24.533291) can0 17C#0000000088870E50
(24.533456) can0 174#DC7F00003C6B0F56
(24.533626) can0 178#9F800000E1930FE3
(24.543536) can0 17C#00000000B2860F26
(24.543700) can0 174#7A7F0000556B0023
(24.543865) can0 178#91800000769400F2
(24.553777) can0 17C#00000000278600CC
(24.553948) can0 120#06A3000000000089
(24.554111) can0 300#0F00000000000000
(24.554236) can0 174#717F0000546B0184
(24.564020) can0 178#3280012289950183
(24.565185) can0 450#0000000000000000
(24.565369) can0 290#0010000000000000
(24.565482) can0 12B#0000000000015F79
(24.565657) can0 174#C57F0000416B022C
(24.574266) can0 178#C87F022055960293
(24.574444) can0 17C#00000000FC8602CE
(24.574613) can0 120#06A80000000000AE
(24.574774) can0 121#00270015000800A4
(24.584524) can0 174#358000003C6B035C
(24.584687) can0 178#9E7F03325A9603D4
(24.584853) can0 17C#00000000AC8703E7
(24.594749) can0 290#0010000000000000
(24.594874) can0 174#78800000256B04AC
(24.595021) can0 178#C87F0420A295046A
(24.595184) can0 17C#00000000E987045D
(24.604992) can0 174#5A8000000C6B05D7
(24.605156) can0 178#248005237F940574
(24.605319) can0 17C#0000000077870591
(24.615235) can0 174#EA7F0000276B063E
(24.615398) can0 178#76800632FD9306B2
(24.615570) can0 17C#00000000A7860642
(24.625486) can0 120#069F000000000025
(24.625649) can0 121#0027001500080024
(24.625813) can0 174#7F7F0000466B07D0
(24.635721) can0 178#7B8007218494078E
(24.635885) can0 17C#000000000C86072F
(24.636049) can0 540#02069D0000000111
(24.645964) can0 178#2D8008277E95085F
(24.646127) can0 17C#000000002C8608A4
(24.646291) can0 120#069B000000000041
(24.656207) can0 121#0027001500080044
(24.656370) can0 17C#00000000E6860916
(24.656547) can0 290#0030000000000000
(24.666450) can0 12B#0000000000014F79
(24.666622) can0 174#32800000436B0AE9
(24.666785) can0 178#9E7F012041960A6F
(24.676706) can0 17C#00000000B7870A8A
(24.676871) can0 120#069B000000000061
(24.677034) can0 121#0027001500080064
(24.677197) can0 129#0000000000000060
(24.686936) can0 290#0020000000000000
(24.687100) can0 12B#0000000000015F79
(24.687264) can0 128#1388030000EC7882
(24.697179) can0 450#0000000000000000
(24.697303) can0 290#0040000000000000
(24.697452) can0 12B#0000000000015F79
(24.697589) can0 120#06A1000000000087
(24.697736) can0 121#0027001500080084
(24.707422) can0 129#0000000000000080
(24.707601) can0 290#0030000000000000
(24.707774) can0 290#0010000000000000
(24.717665) can0 12B#0000000000014F79
(24.717839) can0 174#827F0000236B0EB3
(24.718009) can0 290#0020000000000000
(24.727908) can0 12B#0000000000015F79
(24.728079) can0 128#1388030000EC78C2
(24.728242) can0 290#0020000000000000
(24.728366) can0 12B#0000000000014F79
(24.738159) can0 12A#1328012000000000
(24.738287) can0 290#0040000000000000
(24.738447) can0 12B#0000000000015F79
(24.738639) can0 128#1388030000EC7822
(24.748393) can0 290#0030000000000000
(24.748566) can0 12B#0000000000015F79
(24.749690) can0 174#788000001C6B0249
(24.749929) can0 290#0030000000000000
(24.750053) can0 12B#0000000000015F79
(24.750160) can0 128#1388030000EC7842
(24.758642) can0 290#0020000000000000
(24.758815) can0 12B#0000000000014F79
(24.758987) can0 174#00800000126B04D4
(24.768884) can0 178#4E80090FE19304C2
(24.769047) can0 290#0010000000000000
(24.769212) can0 12B#0000000000015F79
(24.769374) can0 128#1388030000EC7862
(24.779144) can0 290#0000000000000000
(24.779309) can0 12B#0000000000015F79
(24.779439) can0 174#697F0000276B0678
(24.779595) can0 290#0020000000000000
(24.789365) can0 12B#0000000000014F79
(24.789537) can0 128#1388030000EC7882
(24.789700) can0 12E#0000000000000080
(24.799608) can0 174#30800000446B08E3
(24.799771) can0 178#937F0D2F749608B8
(24.799935) can0 17C#00000000D58708E3
(24.809854) can0 128#1388030000EC78A2
(24.810017) can0 12E#00000000000000A0
(24.810181) can0 174#86800000396B0997
(24.820094) can0 550#1000000000000090
(24.820265) can0 174#78800000276B0A09
(24.820429) can0 178#03800F0D9E940A2D
(24.830337) can0 12E#00000000000000C0
(24.830508) can0 174#088000002B6B0B16
(24.830672) can0 178#51800002DE930B60
(24.840580) can0 174#8A7F0000276B0C5D
(24.840743) can0 178#6280010844940CFD
(24.840907) can0 17C#0000000062860CB9
(24.850824) can0 174#637F0000256B0DDC
(24.850987) can0 178#2780000050950DAE
(24.851159) can0 17C#000000005B860D0F
(24.861066) can0 174#AC7F0000306B0E49
(24.861229) can0 178#C87F01283C960EFE
(24.861393) can0 17C#00000000E7860ECA
(24.871322) can0 120#06C800000000002E
(24.871496) can0 550#10000000000000B0
(24.871661) can0 300#0F00000000000000
(24.871786) can0 174#2A8000004C6B0F6D
(24.871933) can0 174#818000003E6B0066
(24.881561) can0 178#9E7F0321BE95002E
(24.881724) can0 17C#00000000F7870038
(24.881896) can0 174#6D800000206B01C1
(24.891795) can0 178#FA7F042376940127
(24.891958) can0 17C#00000000B48701C9
(24.892122) can0 174#FD7F00001D6B025A
(24.902043) can0 178#5A800523C5930230
(24.902206) can0 17C#0000000010870218
(24.902384) can0 120#06A1000000000067
(24.912281) can0 174#857F0000146B031E
(24.912444) can0 178#788006224494036D
(24.912616) can0 17C#0000000080860391
(24.922525) can0 290#0010000000000000
(24.922690) can0 174#637F00000E6B0499
(24.922858) can0 178#4380072469950427
(24.932767) can0 17C#000000006F8604D4
(24.932931) can0 174#AC7F00001A6B05B9
(24.933094) can0 178#E17F08234C9605A2
(24.943010) can0 17C#00000000F886059B
(24.943174) can0 540#0206840000000112
(24.943414) can0 174#27800000496B06F7
(24.953252) can0 178#A47F09205F96062B
(24.953416) can0 17C#00000000BF87061A
(24.953585) can0 174#7E800000576B0713
(24.963504) can0 178#BA7F0A21BE950766
(24.963667) can0 17C#00000000208807FA
(24.963832) can0 290#0020000000000000
(24.963995) can0 174#738000004A6B08D3
(24.973754) can0 178#14800B298F940806
(24.973918) can0 17C#00000000DB8708EA
(24.974082) can0 300#0F00000000000000
(24.974206) can0 174#0B8000002D6B09CE
(24.983981) can0 178#68800000F493091B
(24.984145) can0 17C#000000001C8709DD
(24.984309) can0 174#9B7F0000156B0ADC
(24.994224) can0 178#708000005E940A51
(24.994388) can0 17C#000000007B860A6C
(24.994560) can0 120#066A000000000030
(25.004467) can0 174#747F0000146B0B02
(25.004638) can0 178#2D8000FF69950B85
(25.004800) can0 17C#000000006C860BE3
(25.014710) can0 174#AF7F00001F6B0C22
(25.014874) can0 178#D07F000039960C9A
(25.015037) can0 17C#00000000F7860CE8
(25.024953) can0 174#19800000446B0D6A
(25.025116) can0 178#A67F012052960DAC
(25.025279) can0 17C#00000000B2870D50
(25.035196) can0 174#688000004C6B0E14
(25.035359) can0 178#CE7F0222DB950EE6
(25.035530) can0 17C#000000000D880EBA
(25.045439) can0 174#6A800000496B0F3A
(25.045610) can0 178#27800326D0940F85
(25.045773) can0 17C#00000000E0870F11
(25.055682) can0 174#11800000316B00F8
(25.055848) can0 178#7E800425029400DC
(25.056011) can0 17C#000000001E87002B
(25.065939) can0 174#A47F0000286B0134
(25.066102) can0 178#83800520159401A5
(25.066265) can0 17C#000000005386019F
(25.066428) can0 290#0020000000000000
(25.066558) can0 178#2A8006210495023B
(25.076168) can0 17C#0000000016860251
(25.076338) can0 120#068E0000000000B4
(25.076522) can0 17C#00000000A28603A2
(25.086411) can0 450#0000000000000000
(25.086539) can0 290#0050000000000000
(25.086687) can0 12B#0000000000014F79
(25.086810) can0 120#069F0000000000C5
(25.086957) can0 121#00270015000800C4
(25.096654) can0 129#00000000000000C0
(25.096818) can0 290#0030000000000000
(25.096982) can0 12B#0000000000015F79
(25.106905) can0 290#0020000000000000
(25.107069) can0 12B#0000000000015F79
(25.107192) can0 174#78800000306B0607
(25.107340) can0 121#0027001500080024
(25.117140) can0 129#0000000000000020
(25.117303) can0 290#0040000000000000
(25.117468) can0 290#0030000000000000
(25.127383) can0 12B#0000000000014F79
(25.127562) can0 12A#1328012000000000
(25.127685) can0 550#1000000000000090
(25.127844) can0 174#B47F0000146B085A
(25.137626) can0 450#0000000000000000
(25.138815) can0 290#0020000000000000
(25.139091) can0 12B#0000000000015F79
(25.139247) can0 290#0010000000000000
(25.147863) can0 12B#0000000000014F79
(25.148026) can0 174#8A7F0000116B0A3E
(25.148174) can0 290#0040000000000000
(25.158114) can0 12B#0000000000015F79
(25.158269) can0 128#1388030000EC7882
(25.158424) can0 12E#0000000000000080
(25.158587) can0 290#0030000000000000
(25.168371) can0 12B#0000000000014F79
(25.168526) can0 174#5A8000004E6B0C41
(25.168682) can0 290#0020000000000000
(25.178597) can0 12B#0000000000015F79
(25.178752) can0 128#1388030000EC78A2
(25.178923) can0 290#0050000000000000
(25.188837) can0 12B#0000000000015F79
(25.188952) can0 174#3E800000516B0E3D
(25.189084) can0 290#0010000000000000
(25.189241) can0 12B#0000000000014F79
(25.199082) can0 128#1388030000EC78C2
(25.199237) can0 290#0020000000000000
(25.199386) can0 12B#0000000000015F79
(25.209326) can0 174#7A7F0000446B00B4
(25.209481) can0 290#0000000000000000
(25.209638) can0 12B#0000000000014F79
(25.219563) can0 128#1388030000EC7822
(25.219717) can0 12B#0000000000015F79
(25.219866) can0 12A#1328012000000000
(25.219980) can0 550#10000000000000D0
(25.229807) can0 174#CB7F0000236B027E
(25.229962) can0 12B#0000000000014F79
(25.230110) can0 128#1388030000EC7842
(25.240055) can0 12E#0000000000000040
(25.240211) can0 174#6D800000146B0486
(25.240366) can0 178#E47F01257695040C
(25.250290) can0 17C#000000003D880440
(25.250446) can0 174#51800000036B0564
(25.250600) can0 178#3280023964940513
(25.260556) can0 17C#0000000098870587
(25.260704) can0 290#0020000000000000
(25.260862) can0 174#EF7F00001D6B062D
(25.261009) can0 178#65800321FD9306AC
(25.270784) can0 17C#00000000B5860659
(25.270932) can0 5A0#0069200000000049
(25.271089) can0 550#1000000000000030
(25.281027) can0 300#0F00000000000000
(25.281135) can0 174#7F7F0000256B08B7
(25.281283) can0 178#068000007C9508CF
(25.281431) can0 17C#00000000858608D7
(25.291270) can0 174#C57F0000176B099E
(25.291440) can0 178#B47F00001A960997
(25.291596) can0 17C#0000000043870923
(25.301514) can0 174#2A800000126B0A75
(25.301686) can0 178#9E7F012218960AB3
(25.301847) can0 17C#00000000DE870A59
(25.311756) can0 174#6A800000096B0B2E
(25.311904) can0 178#D07F02207E950B69
(25.312059) can0 17C#00000000EC870B6F
(25.321991) can0 550#1000000000000050
(25.322155) can0 174#51800000046B0C1B
(25.322310) can0 178#3280033284940C3A
(25.332242) can0 17C#0000000067870C7C
(25.332390) can0 174#EC7F0000276B0D22
(25.332643) can0 178#7680042012940D44
(25.342493) can0 17C#00000000C0860D57
(25.342661) can0 540#02068E0000000113
(25.342831) can0 290#0030000000000000
(25.352730) can0 174#8D7F0000406B0E33
(25.352894) can0 178#6D80052388940EE8
(25.353057) can0 17C#000000006F860E06
(25.353220) can0 120#068800000000002E
(25.362987) can0 174#7A7F0000516B0F9E
(25.363150) can0 178#248006326E950F7B
(25.363313) can0 17C#00000000B4860F23
(25.373214) can0 174#C07F0000576B003F
(25.373377) can0 178#C87F07211D960087
(25.373548) can0 17C#00000000538700CE
(25.383457) can0 120#0671000000000057
(25.383626) can0 300#0F00000000000000
(25.383750) can0 174#248000005F6B015E
(25.383897) can0 178#9B7F08271496018C
(25.393699) can0 174#5C800000496B02BE
(25.393865) can0 178#B47F00008495025D
(25.394029) can0 17C#00000000DB870238
(25.403942) can0 174#408000001C6B0350
(25.404106) can0 178#FD7F0120CD94039E
(25.404269) can0 17C#0000000066870348
(25.414186) can0 174#EC7F00000F6B04EB
(25.414349) can0 178#3B800000779404AF
(25.414521) can0 17C#00000000D1860435
(25.424428) can0 174#A17F0000226B057B
(25.424598) can0 178#43800112DA940575
(25.424761) can0 17C#000000008E8605D6
(25.434671) can0 174#A17F0000516B0698
(25.434835) can0 178#1180020F6395067C
(25.434999) can0 17C#00000000C686069D
(25.444914) can0 174#D37F0000606B0790
(25.445078) can0 178#CE7F0302B9950760
(25.445241) can0 17C#000000003C87074B
(25.455171) can0 174#19800000396B08CE
(25.455334) can0 178#A47F0405D095082E
(25.455506) can0 17C#00000000B78708B0
(25.455670) can0 120#05370000000000DC
(25.465400) can0 174#438000002D6B09C2
(25.465572) can0 178#C07F051250950990
(25.465735) can0 17C#00000000CD8709EA
(25.475643) can0 174#2D8000002D6B0A55
(25.475807) can0 178#06800614E4940A67
(25.475970) can0 17C#0000000075870A29
(25.485889) can0 120#04B900000000003D
(25.486052) can0 121#0028001B18080023
(25.486215) can0 174#FA7F00001D6B0B21
(25.496129) can0 178#4080072FF6940B4F
(25.496292) can0 17C#00000000FD860BB4
(25.496463) can0 178#4E8008021B950C3D
(25.506372) can0 17C#00000000B7860C88
(25.506542) can0 120#0482000000000046
(25.506705) can0 17C#00000000C6860D52
(25.516615) can0 290#0010000000000000
(25.516780) can0 12B#0000000000014F79
(25.516903) can0 174#FD7F0000276B0EE1
(25.517050) can0 120#0444000000000068
(25.526860) can0 121#0027001B18080062
(25.527023) can0 129#0000000000000060
(25.527186) can0 290#0010000000000000
(25.527310) can0 290#0030000000000000
(25.537101) can0 12B#0000000000014F78
(25.539336) can0 12A#1328012000000000
(25.539558) can0 550#10000000000000D0
(25.539734) can0 174#068000002E6B0051
(25.547346) can0 178#AF7F0C08CF940019
(25.547531) can0 121#0026001B18080081
(25.547693) can0 129#0000000000000080
(25.547864) can0 450#0000000000000000
(25.547996) can0 290#0020000000000000
(25.557608) can0 12B#0000000000014F79
(25.557780) can0 174#E17F0000DC6A023B
(25.557943) can0 178#EC7F0E076095029C
(25.567837) can0 541#0280000000000000
(25.567962) can0 290#0020000000000000
(25.568078) can0 12B#0000000000015F78
(25.568226) can0 128#1388030000EC78C2
(25.568401) can0 290#0010000000000000
(25.578078) can0 12B#0000000000014F79
(25.578242) can0 174#DE7F0000366B042C
(25.578405) can0 290#0010000000000000
(25.578543) can0 12B#0000000000014F78
(25.588316) can0 128#1388030000EC7822
(25.588486) can0 290#0020000000000000
(25.588651) can0 12B#0000000000015F78
(25.598565) can0 174#228000004E6B0649
(25.598729) can0 290#0030000000000000
(25.598901) can0 12B#0000000000014F79
(25.608802) can0 128#1388030000EC7842
(25.608971) can0 290#0000000000000000
(25.609136) can0 12B#0000000000015F78
(25.619050) can0 174#11800000656B086E
(25.619213) can0 290#0000000000000000
(25.619337) can0 12B#0000000000014F78
(25.619491) can0 128#1388030000EC7862
(25.629287) can0 290#0030000000000000
(25.629452) can0 12B#0000000000015F79
(25.629620) can0 12A#1328012000000000
(25.629743) can0 290#0040000000000000
(25.639532) can0 12B#0000000000014F78
(25.639696) can0 128#1388030000EC7882
(25.639863) can0 12B#0000000000014F78
(25.639986) can0 174#F27F0000F16A0C76
(25.649787) can0 178#2780062257960CE1
(25.649957) can0 17C#00000000D2870C1D
(25.650121) can0 120#033800000000009B
(25.650284) can0 12B#0000000000015F78
(25.660016) can0 128#1388030000EC78A2
(25.660179) can0 12E#00000000000000A0
(25.660343) can0 174#518000005D6B0EDA
(25.670259) can0 178#30800823C8940EA1
(25.670422) can0 17C#0000000027870E26
(25.670595) can0 12A#1328012000000000
(25.670717) can0 12C#0000000000000000
(25.670825) can0 5A0#00692000000000C9
(25.680510) can0 174#D97F0000636B0027
(25.680673) can0 178#F27F0A213F94003A
(25.680838) can0 17C#0000000066860023
(25.690745) can0 174#A97F00003E6B01CF
(25.690909) can0 178#C07F0B2904950159
(25.691072) can0 17C#00000000B4860185
(25.700988) can0 174#BD7F00001C6B020B
(25.701152) can0 178#A97F0000D79502F6
(25.701324) can0 17C#0000000058870274
(25.711231) can0 174#FD7F0000146B03C4
(25.711402) can0 178#C07F000018960327
(25.712591) can0 17C#00000000E6870388
(25.721482) can0 550#0000000000000080
(25.721667) can0 174#32800000236B041F
(25.721841) can0 178#FD7F00FFB9950449
(25.731717) can0 174#38800000386B05F2
(25.731888) can0 178#46800000209505E2
(25.732051) can0 17C#000000008387051F
(25.741963) can0 540#02018B0000000114
(25.742138) can0 174#14800000406B0645
(25.742302) can0 178#6D800120BC940621
(25.742464) can0 17C#00000000D0860680
(25.752219) can0 120#018B00000000006C
(25.752382) can0 174#E47F0000396B0733
(25.752554) can0 178#57800222BC94071B
(25.762446) can0 17C#000000005B8607DD
(25.762616) can0 174#C87F0000306B08DF
(25.762780) can0 178#0E8003260D950847
(25.772689) can0 17C#000000006C8608C4
(25.772858) can0 300#0F00000000000000
(25.772982) can0 174#D97F0000236B09B2
(25.773130) can0 178#C27F0425609509F3
(25.782932) can0 174#F57F0000146B0AE3
(25.783095) can0 178#AF7F05207E950A2B
(25.783258) can0 17C#0000000075870A29
(25.793175) can0 174#06800000036B0B2B
(25.793339) can0 178#D97F062168950BD3
(25.793508) can0 17C#00000000AB870B85
(25.803418) can0 174#08800000FB6A0CB1
(25.803586) can0 178#1680072141950C73
(25.803749) can0 17C#000000007F870C68
(25.813661) can0 174#FA7F0000066B0DF7
(25.813828) can0 178#3E80082028950DE1
(25.813998) can0 17C#000000002A870D84
(25.823904) can0 174#F57F0000226B0EBA
(25.824067) can0 178#3E8009251D950EDE
(25.824230) can0 17C#00000000F2860E5B
(25.834146) can0 174#F27F0000406B0F7A
(25.834310) can0 178#22800A2916950F2D
(25.834481) can0 17C#00000000F2860F46
(25.844403) can0 540#02018B0000000115
(25.844576) can0 290#0030000000000000
(25.844740) can0 174#FA7F0000526B0008
(25.844904) can0 178#0080000013950022
(25.854632) can0 17C#00000000138700AE
(25.854797) can0 174#008000004F6B0140
(25.854960) can0 178#E17F01201D950152
(25.864877) can0 17C#0000000035870186
(25.865041) can0 290#0020000000000000
(25.865206) can0 12B#0000000000014F78
(25.875118) can0 174#FA7F0000356B02E8
(25.875282) can0 178#DE7F0000399502E9
(25.875445) can0 17C#000000004A87026F
(25.885361) can0 174#EC7F00000F6B03B8
(25.885533) can0 178#F57F01205E950354
(25.885697) can0 17C#00000000458703F4
(25.895604) can0 450#0000000000000000
(25.895729) can0 174#E77F0000FC6A0496
(25.895876) can0 178#0E8002217C950482
(25.896040) can0 17C#00000000458704A7
(25.905849) can0 174#EA7F00000F6B0525
(25.906019) can0 178#278003247A9505C3
(25.906183) can0 17C#00000000518705A4
(25.916090) can0 290#0040000000000000
(25.916255) can0 178#3280042F579506F1
(25.917431) can0 121#002A001B180C00A9
(25.926333) can0 129#00000000000000A0
(25.926505) can0 290#0040000000000000
(25.926629) can0 17C#000000003F8707C7
(25.926777) can0 290#0020000000000000
(25.936582) can0 12B#0000000000014F78
(25.936705) can0 120#00000000000000C0
(25.936859) can0 121#002A001B080000CD
(25.937022) can0 129#00000000000000C0
(25.937184) can0 450#0000000000000000
(25.937308) can0 290#0040000000000000
(25.946837) can0 12B#0000000000015F79
(25.947001) can0 174#EF7F0000336B0A88
(25.947164) can0 121#002A001B0800002D
(25.957062) can0 129#0000000000000020
(25.957226) can0 541#0280000000000000
(25.957350) can0 290#0010000000000000
(25.957514) can0 12B#0000000000014F79
(25.967305) can0 174#EA7F00000F6B0CD0
(25.967468) can0 178#EC7F000076950CC5
(25.967646) can0 290#0010000000000000
(25.967777) can0 12B#0000000000015F78
(25.977555) can0 128#1388030000EC7862
(25.977724) can0 290#0020000000000000
(25.977898) can0 12B#0000000000014F79
(25.987798) can0 174#F57F0000406B0EE9
(25.987961) can0 290#0020000000000000
(25.988093) can0 12B#0000000000015F78
(25.988241) can0 128#1388030000EC7882
(25.998039) can0 12E#0000000000000080
(25.998203) can0 290#0030000000000000
(25.998368) can0 12B#0000000000014F79
(26.008277) can0 174#F27F00004A6B00CE
(26.008439) can0 290#0030000000000000
(26.008569) can0 12B#0000000000014F78
(26.008716) can0 128#1388030000EC78A2
(26.018526) can0 290#0040000000000000
(26.018690) can0 12B#0000000000015F79
(26.018865) can0 12A#1228012000000000
(26.028763) can0 290#0030000000000000
(26.028927) can0 12B#0000000000014F79
(26.029090) can0 128#1388030000EC78C2
(26.039024) can0 12E#00000000000000C0
(26.039188) can0 290#0030000000000000
(26.039312) can0 12B#0000000000014F78
(26.039459) can0 174#00800000146B04D1
(26.039630) can0 290#0010000000000000
(26.049248) can0 12B#0000000000015F79
(26.049412) can0 128#1388030000EC7822
(26.049582) can0 12E#0000000000000020
(26.059499) can0 12B#0000000000014F78
(26.059663) can0 174#F57F0000286B065D
(26.059831) can0 178#1980042033950695
(26.069734) can0 12B#0000000000015F79
(26.069898) can0 128#1388030000EC7842
(26.070060) can0 12E#0000000000000040
(26.079977) can0 174#EF7F0000576B08E4
(26.080140) can0 178#0B8006320A95084D
(26.080304) can0 17C#00000000F786089C
(26.090220) can0 12E#0000000000000060
(26.090384) can0 174#EF7F00004F6B09ED
(26.090555) can0 178#F87F07211D950970
(26.100463) can0 174#F27F0000316B0AD4
(26.100634) can0 178#EA7F08273A950AFB
(26.101795) can0 17C#0000000045870A01
(26.110706) can0 174#FA7F0000176B0B2E
(26.110870) can0 178#E77F00004D950B0B
(26.111034) can0 17C#000000005E870B84
(26.120949) can0 550#00000000000000C0
(26.121114) can0 174#FD7F0000116B0CF6
(26.121284) can0 178#FA7F012055950C33
(26.131195) can0 17C#0000000061870C79
(26.131367) can0 174#FD7F00001F6B0DE2
(26.131538) can0 178#1180000047950D39
(26.131700) can0 17C#000000004B870D5B
(26.141451) can0 174#F57F0000356B0E28
(26.141629) can0 178#1F8001122E950EA4
(26.141809) can0 17C#0000000023870E20
(26.151683) can0 174#EF7F00003B6B0FED
(26.151849) can0 178#2480020F15950F26
(26.152013) can0 17C#00000000FA860F4A
(26.161928) can0 290#0010000000000000
(26.162052) can0 174#EA7F00002B6B007A
(26.162207) can0 178#1F800302129500D1
(26.162371) can0 17C#00000000EC8600EC
(26.172164) can0 300#0F00000000000000
(26.172288) can0 174#EA7F0000146B01C9
(26.172435) can0 178#0B80040521950147
(26.172607) can0 174#EA7F0000096B0273
(26.182407) can0 178#FD7F0512379502B5
(26.182579) can0 17C#000000003F8702AE
(26.182743) can0 174#EF7F0000126B03C2
(26.192650) can0 178#FD7F0614489503B1
(26.192814) can0 17C#0000000066870348
(26.192978) can0 174#F87F0000206B048D
(26.202896) can0 178#0080072F50950493
(26.203060) can0 17C#000000006A870411
(26.203224) can0 174#FA7F00002A6B0525
(26.213136) can0 178#0B80080247950550
(26.213300) can0 17C#00000000558705A2
(26.213464) can0 174#FA7F0000366B0610
(26.223379) can0 178#0E80090F33950628
(26.223550) can0 17C#000000003287065F
(26.223714) can0 120#0000000000000060
(26.233635) can0 174#FA7F0000406B0740
(26.233806) can0 178#11800A131E95072C
(26.233969) can0 17C#00000000138707FD
(26.234133) can0 174#FA7F00003E6B08BA
(26.243867) can0 178#0B800B031895080C
(26.244031) can0 17C#00000000068708D7
(26.244195) can0 174#FD7F0000356B09A9
(26.254107) can0 178#03800C081E9509EB
(26.254271) can0 17C#000000000E8709C6
(26.254436) can0 174#FD7F00002A6B0A10
(26.264350) can0 178#00800D2F33950A4A
(26.264522) can0 17C#0000000029870A5B
(26.264686) can0 300#0F00000000000000
(26.264811) can0 174#F57F00001D6B0B7D
(26.274593) can0 178#0E800E0744950BFC
(26.274757) can0 174#F27F0000186B0C29
(26.274921) can0 178#1F800F0D47950C16
(26.284839) can0 17C#000000005B870C5E
(26.285003) can0 120#00000000000000C0
(26.285166) can0 174#F27F0000206B0D10
(26.295079) can0 178#1F8000023F950D5B
(26.295243) can0 17C#0000000047870D51
(26.295407) can0 290#0010000000000000
(26.295538) can0 174#F57F0000316B0E2E
(26.305402) can0 290#0020000000000000
(26.305586) can0 12B#0000000000015F79
(26.305709) can0 128#1388030000EC7842
(26.305815) can0 174#F57F0000436B0F78
(26.305969) can0 178#068000002B950F6E
(26.315567) can0 17C#000000000E870F88
(26.315735) can0 290#0050000000000000
(26.315900) can0 12B#0000000000014F79
(26.325812) can0 178#F57F0128289500A2
(26.325975) can0 17C#00000000158700AB
(26.326139) can0 120#0000000000000040
(26.326301) can0 17C#0000000031870180
(26.336067) can0 540#0200000000000116
(26.336236) can0 290#0010000000000000
(26.336401) can0 12B#0000000000015F79
(26.346294) can0 174#EF7F00002D6B0271
(26.346457) can0 120#0000000000000060
(26.346626) can0 121#002A001B0800006D
(26.356538) can0 129#0000000000000060
(26.356702) can0 541#0280000000000000
(26.356827) can0 290#0030000000000000
(26.356976) can0 12B#0000000000015F78
(26.366780) can0 174#008000002D6B047A
(26.366944) can0 121#002A001B0800008D
(26.367107) can0 129#0000000000000080
(26.377023) can0 290#0020000000000000
(26.377188) can0 450#0000000000000000
(26.377312) can0 290#0020000000000000
(26.377420) can0 12B#0000000000014F79
(26.377584) can0 290#0020000000000000
(26.377708) can0 12B#0000000000014F79
(26.377828) can0 128#1388030000EC78C2
(26.387266) can0 12E#00000000000000C0
(26.387430) can0 290#0030000000000000
(26.387607) can0 12B#0000000000015F79
(26.397524) can0 174#EF7F0000336B08B2
(26.397688) can0 178#F57F09201A95088A
(26.397861) can0 290#0030000000000000
(26.397985) can0 12B#0000000000014F79
(26.407759) can0 128#1388030000EC7822
(26.407922) can0 12E#0000000000000020
(26.408094) can0 290#0020000000000000
(26.418002) can0 12B#0000000000014F79
(26.418125) can0 12A#1228012000000000
(26.418232) can0 550#00000000000000C0
(26.418340) can0 290#0040000000000000
(26.418504) can0 12B#0000000000014F79
(26.418627) can0 128#1388030000EC7842
(26.418781) can0 290#0000000000000000
(26.428251) can0 12B#0000000000015F78
(26.428415) can0 174#EC7F0000146B0C9B
(26.428585) can0 178#F87F000041950CB7
(26.428749) can0 17C#0000000059870C5D
(26.438494) can0 290#0030000000000000
(26.438659) can0 12B#0000000000014F79
(26.438831) can0 128#1388030000EC7862
(26.448724) can0 290#0030000000000000
(26.448848) can0 12B#0000000000014F79
(26.448959) can0 174#F87F00002D6B0EDA
(26.449115) can0 290#0040000000000000
(26.449292) can0 12B#0000000000014F79
(26.449415) can0 128#1388030000EC7882
(26.458972) can0 290#0030000000000000
(26.459136) can0 12B#0000000000015F79
(26.459353) can0 174#FA7F00003C6B0051
(26.469210) can0 12B#0000000000014F79
(26.469377) can0 128#1388030000EC78A2
(26.469548) can0 12E#00000000000000A0
(26.479453) can0 174#EF7F00002D6B0271
(26.479621) can0 178#F57F04252B950284
(26.479785) can0 17C#000000003A870227
(26.489695) can0 12E#00000000000000C0
(26.489863) can0 174#F57F00001C6B031A
(26.490026) can0 178#FD7F05203695036F
(26.499938) can0 17C#0000000038870339
(26.500102) can0 550#0000000000000040
(26.500268) can0 174#FA7F0000176B0495
(26.510181) can0 178#0E80062136950458
(26.510345) can0 174#FA7F00001F6B0584
(26.510516) can0 178#198007212C95050F
(26.520427) can0 17C#00000000138705C7
(26.520598) can0 174#F57F0000306B0649
(26.520762) can0 178#1F8008202895061C
(26.520923) can0 17C#00000000138706E0
(26.530683) can0 120#0000000000000020
(26.530849) can0 174#F57F0000416B0793
(26.531013) can0 178#228009252C95078E
(26.540910) can0 17C#00000000238707D5
(26.541074) can0 174#F57F0000466B08A2
(26.541245) can0 178#1C800A2936950899
(26.551159) can0 17C#000000002E8708EB
(26.551331) can0 550#0000000000000060
(26.551503) can0 300#0F00000000000000
(26.551634) can0 174#F57F00003C6B09F8
(26.561396) can0 174#F57F00002E6B0AC4
(26.561574) can0 178#F87F012042950A55
(26.561746) can0 17C#0000000038870ACC
(26.571639) can0 174#F57F00001A6B0BF7
(26.571803) can0 178#EA7F000048950B64
(26.571966) can0 17C#0000000048870B99
(26.581884) can0 174#F57F0000146B0CAD
(26.582055) can0 178#EC7F01204A950CC7
(26.582219) can0 17C#0000000050870CDE
(26.592125) can0 174#F57F00001D6B0D33
(26.592288) can0 178#F87F022144950D20
(26.592452) can0 17C#0000000048870DD7
(26.602368) can0 290#0010000000000000
(26.602548) can0 174#F87F00002B6B0EDF
(26.602712) can0 178#0680032439950ED2
(26.612611) can0 17C#000000003F870E32
(26.612775) can0 174#F87F0000316B0FD5
(26.612938) can0 178#0B80042F2F950F19
(26.622870) can0 17C#0000000042870FE2
(26.623034) can0 174#EF7F00002B6B004E
(26.623197) can0 178#0B800512339500FA
(26.623361) can0 17C#000000004A870055
(26.633097) can0 174#EC7F0000236B01B8
(26.633267) can0 178#008006243C9501EC
(26.633431) can0 17C#00000000478701CD
(26.643340) can0 174#EC7F0000206B0213
(26.643508) can0 178#FA7F07263F9502C2
(26.643671) can0 17C#00000000378702A2
(26.653583) can0 120#0000000000000020
(26.653705) can0 300#0F00000000000000
(26.653814) can0 174#EF7F00001F6B0347
(26.653970) can0 178#FD7F08203C9503C8
(26.654134) can0 174#F57F00001F6B04C5
(26.663826) can0 178#0B800925339504D7
(26.664026) can0 17C#000000002A870471
(26.664202) can0 174#F57F00001A6B0551
(26.674069) can0 178#0E80000031950579
(26.674236) can0 17C#00000000298705E0
(26.674400) can0 290#0000000000000000
(26.684312) can0 174#F27F00001A6B06F8
(26.684482) can0 178#0B80012534950610
(26.684645) can0 17C#000000001E870665
(26.694556) can0 120#0000000000000060
(26.694719) can0 121#002A001B0800006D
(26.694883) can0 129#0000000000000060
(26.704797) can0 174#EF7F0000286B0791
(26.704961) can0 178#0880023933950729
(26.705125) can0 17C#000000000D8707EC
(26.715043) can0 174#EA7F0000356B0883
(26.715206) can0 178#1480032133950843
(26.715377) can0 17C#00000000088708DE
(26.715547) can0 120#0000000000000080
(26.725299) can0 174#EF7F0000356B09AA
(26.725463) can0 178#1980042039950921
(26.725630) can0 17C#00000000188709DB
(26.735528) can0 540#0200000000000117
(26.735693) can0 178#1480000044950AD2
(26.735861) can0 17C#0000000037870A4A
(26.745769) can0 120#00000000000000A0
(26.745933) can0 17C#0000000051870B02
(26.746097) can0 290#0020000000000000
(26.756012) can0 12B#0000000000015F79
(26.756176) can0 174#00800000286B0C1B
(26.756340) can0 120#00000000000000C0
(26.766255) can0 121#002A001B080000CD
(26.766418) can0 129#00000000000000C0
(26.766590) can0 450#0000000000000000
(26.766714) can0 290#0020000000000000
(26.766823) can0 12B#0000000000014F79
(26.776504) can0 174#FA7F0000316B0E72
(26.776667) can0 121#002A001B0800002D
(26.776831) can0 129#0000000000000020
(26.786741) can0 290#0020000000000000
(26.786865) can0 290#0010000000000000
(26.787014) can0 12B#0000000000015F79
(26.787178) can0 174#FA7F0000336B00D7
(26.796984) can0 290#0020000000000000
(26.797155) can0 12B#0000000000014F79
(26.797319) can0 128#1388030000EC7862
(26.807227) can0 12E#0000000000000060
(26.807391) can0 174#FA7F0000256B01D7
(26.807569) can0 290#0010000000000000
(26.817492) can0 12B#0000000000014F79
(26.817622) can0 12A#1228012000000000
(26.817729) can0 290#0010000000000000
(26.817844) can0 12B#0000000000014F79
(26.817951) can0 128#1388030000EC7882
(26.818106) can0 290#0030000000000000
(26.818270) can0 12B#0000000000015F79
(26.818442) can0 174#FA7F00001D6B049A
(26.827713) can0 290#0000000000000000
(26.827885) can0 12B#0000000000014F78
(26.828055) can0 128#1388030000EC78A2
(26.837956) can0 290#0030000000000000
(26.838129) can0 12B#0000000000014F79
(26.838292) can0 174#FA7F00002E6B0604
(26.848199) can0 290#0010000000000000
(26.848363) can0 12B#0000000000014F79
(26.848528) can0 12E#00000000000000C0
(26.848688) can0 290#0020000000000000
(26.858447) can0 12B#0000000000014F79
(26.858581) can0 174#008000003B6B08FB
(26.858736) can0 290#0020000000000000
(26.858860) can0 12B#0000000000014F79
(26.858978) can0 128#1388030000EC7822
(26.859141) can0 12B#0000000000015F79
(26.868685) can0 174#008000002E6B0A50
(26.868851) can0 178#E47F040541950A9D
(26.869014) can0 17C#0000000029870A5B
(26.878933) can0 12B#0000000000014F79
(26.879097) can0 128#1388030000EC7842
(26.879267) can0 12E#0000000000000040
(26.889171) can0 550#0000000000000080
(26.889336) can0 174#008000002E6B0C1E
(26.889508) can0 178#EF7F06144C950C0F
(26.899414) can0 12E#0000000000000060
(26.899586) can0 174#00800000356B0D9B
(26.899749) can0 178#F87F072F47950D86
(26.909659) can0 17C#000000003F870D15
(26.909828) can0 174#00800000386B0E39
(26.909992) can0 178#FD7F080237950EA4
(26.910153) can0 17C#0000000050870EE4
(26.919917) can0 120#0000000000000060
(26.920080) can0 174#008000002D6B0FB5
(26.920244) can0 178#FA7F090F2B950F00
(26.930142) can0 17C#0000000055870F70
(26.930307) can0 174#FD7F00001D6B0060
(26.930470) can0 178#FA7F0A132895007E
(26.940385) can0 17C#000000004A870055
(26.940557) can0 550#00000000000000A0
(26.940723) can0 300#0F00000000000000
(26.940847) can0 174#F87F00001A6B01C3
(26.950628) can0 174#F57F0000226B0226
(26.950799) can0 178#F57F0C083A950261
(26.950962) can0 17C#000000003287022B
(26.960873) can0 174#F57F00002D6B03BD
(26.961037) can0 178#FD7F0D2F4495033B
(26.961200) can0 17C#00000000278703A7
(26.971122) can0 174#FA7F0000336B04A3
(26.971285) can0 178#00800E074A95044F
(26.971456) can0 17C#00000000238704F2
(26.981363) can0 120#00000000000000C0
(26.981542) can0 174#FA7F0000366B0537
(26.981705) can0 178#FD7F0F0D4D95054F
(26.991600) can0 17C#00000000298705E0
(26.991764) can0 174#FA7F0000386B0619
(26.991928) can0 178#FA7F00024A950678
(27.001850) can0 17C#000000002F8706C2
(27.002019) can0 174#FA7F0000386B0704
(27.002182) can0 178#FD7F01083F9507FB
(27.012100) can0 17C#0000000032870742
(27.012263) can0 540#0200000000000118
(27.012428) can0 174#FD7F0000336B08B1
(27.012597) can0 178#FD7F000034950836
(27.022329) can0 17C#0000000035870873
(27.022496) can0 174#FD7F0000306B0920
(27.022659) can0 178#008001282995094C
(27.032573) can0 17C#000000003C8709ED
(27.032736) can0 174#F57F00002A6B0AC2
(27.032900) can0 178#FD7F022029950A0F
(27.042821) can0 17C#000000003D870A45
(27.042984) can0 120#0000000000000060
(27.043183) can0 300#0F00000000000000
(27.043315) can0 174#F27F0000236B0BD2
(27.053058) can0 178#038003212F950B41
(27.053225) can0 17C#0000000040870B95
(27.053389) can0 450#0000000000000000
(27.053520) can0 174#EF7F00001D6B0CFF
(27.063301) can0 178#0E80042336950C43
(27.063464) can0 17C#000000004D870C43
(27.063635) can0 174#F57F00001F6B0D30
(27.073545) can0 178#1180052339950D57
(27.073708) can0 17C#000000004B870D5B
(27.073872) can0 290#0020000000000000
(27.073996) can0 174#FD7F00001F6B0EC5
(27.083787) can0 178#068006223C950EED
(27.083950) can0 17C#000000002A870EA3
(27.084114) can0 174#FA7F00001A6B0FDF
(27.094030) can0 178#F87F07243C950F52
(27.094193) can0 17C#000000000D870F04
(27.094357) can0 174#F27F00001A6B00B6
(27.104275) can0 178#F87F08233E950062
(27.104439) can0 17C#000000000A870035
(27.104611) can0 120#00000000000000C0
(27.104773) can0 174#EF7F00001D6B017E
(27.114533) can0 178#008009203E9501DD
(27.114697) can0 17C#00000000158701B6
(27.114868) can0 174#F27F0000206B02AB
(27.124759) can0 178#0E800A213C9502DB
(27.124922) can0 17C#0000000026870235
(27.125086) can0 120#0000000000000020
(27.135002) can0 121#002A001B0800002D
(27.135124) can0 129#0000000000000020
(27.135231) can0 541#0280000000000000
(27.135339) can0 174#FA7F0000256B03ED
(27.135491) can0 178#11800B29369503DA
(27.135654) can0 17C#000000003C87033F
(27.145244) can0 174#FA7F0000276B04BD
(27.145408) can0 178#068000002B9504A1
(27.145580) can0 17C#00000000478704A4
(27.155495) can0 120#0000000000000040
(27.155658) can0 178#F87F000028950591
(27.155823) can0 17C#0000000032870578
(27.165730) can0 450#0000000000000000
(27.165855) can0 120#0000000000000060
(27.166002) can0 121#002A001B0800006D
(27.166166) can0 129#0000000000000060
(27.175973) can0 290#0040000000000000
(27.176138) can0 12B#0000000000014F78
(27.176302) can0 128#1388030000EC7882
(27.186216) can0 12E#0000000000000080
(27.186380) can0 290#0030000000000000
(27.186553) can0 12B#0000000000014F79
(27.196459) can0 174#EF7F00003C6B0834
(27.196637) can0 178#FD7F012036950815
(27.196815) can0 121#002A001B0800008D
(27.206716) can0 129#0000000000000080
(27.206887) can0 290#0020000000000000
(27.207052) can0 290#0010000000000000
(27.207216) can0 12B#0000000000014F79
(27.207339) can0 12A#1228012000000000
(27.207446) can0 550#0000000000000080
(27.216945) can0 174#EA7F00002D6B0AAD
(27.217108) can0 178#0E8003263E950AD9
(27.217272) can0 450#0000000000000000
(27.217396) can0 290#0010000000000000
(27.217559) can0 12B#0000000000014F78
(27.227188) can0 290#0020000000000000
(27.227353) can0 12B#0000000000014F79
(27.227533) can0 174#F87F0000256B0CEC
(27.237431) can0 290#0020000000000000
(27.237569) can0 12B#0000000000014F79
(27.237676) can0 128#1388030000EC7822
(27.237833) can0 290#0040000000000000
(27.238006) can0 12B#0000000000014F79
(27.238129) can0 174#F57F0000206B0EB9
(27.247674) can0 290#0020000000000000
(27.247849) can0 12B#0000000000014F79
(27.247980) can0 128#1388030000EC7842
(27.248126) can0 290#0020000000000000
(27.248250) can0 12B#0000000000014F79
(27.248357) can0 174#F57F00001D6B00B2
(27.257917) can0 290#0010000000000000
(27.258096) can0 12B#0000000000014F79
(27.258219) can0 128#1388030000EC7862
(27.258373) can0 12E#0000000000000060
(27.268160) can0 290#0030000000000000
(27.268332) can0 12B#0000000000014F78
(27.268504) can0 174#FA7F0000206B0279
(27.278408) can0 290#0000000000000000
(27.278581) can0 12B#0000000000014F79
(27.278751) can0 128#1388030000EC7882
(27.288646) can0 12B#0000000000014F79
(27.288769) can0 12A#1228012000000000
(27.288876) can0 550#00000000000000C0
(27.289025) can0 174#FA7F0000286B043B
(27.289188) can0 290#0010000000000000
(27.298900) can0 12B#0000000000014F79
(27.299023) can0 128#1388030000EC78A2
(27.299169) can0 174#FA7F0000316B069A
(27.299333) can0 178#EF7F02212695068B
(27.299502) can0 17C#00000000218706CB
(27.309148) can0 12E#00000000000000C0
(27.309312) can0 174#F57F0000306B0754
(27.309482) can0 178#E17F03242695072E
(27.319375) can0 174#F87F0000306B0809
(27.319542) can0 178#E17F042F2995083E
(27.319705) can0 17C#00000000168708CF
(27.329618) can0 12C#0000000000000000
(27.329741) can0 5A0#00692000000000A9
(27.329897) can0 550#0000000000000020
(27.330062) can0 174#FD7F0000236B0A93
(27.339862) can0 178#068006242F950A64
(27.340026) can0 17C#0000000037870A4A
(27.340190) can0 174#FD7F0000236B0B8E
(27.350104) can0 178#1180072636950B98
(27.350267) can0 17C#0000000047870B1F
(27.350431) can0 290#0020000000000000
(27.360346) can0 174#F87F00002B6B0CE5
(27.360518) can0 178#0E80082037950CB4
(27.360681) can0 17C#0000000043870C4A
(27.370589) can0 174#F27F00002B6B0D90
(27.370753) can0 178#0B80092534950DA8
(27.370916) can0 17C#0000000035870D1A
(27.380834) can0 550#0000000000000040
(27.381007) can0 174#EF7F0000286B0E64
(27.381170) can0 178#068000002E950EFA
(27.391075) can0 17C#000000002C870EA6
(27.391248) can0 120#0000000000000060
(27.391378) can0 174#F57F00002A6B0FAB
(27.391569) can0 178#FD7F01252F950F0E
(27.401338) can0 17C#0000000029870F32
(27.401520) can0 174#F57F00002E6B0016
(27.401683) can0 178#F87F023936950053
(27.401859) can0 17C#000000002C870000
(27.411570) can0 174#F57F00002E6B010B
(27.411734) can0 178#F87F03213C950192
(27.411904) can0 17C#000000003287010C
(27.421810) can0 174#F57F0000306B023D
(27.421974) can0 178#008004204195029C
(27.422137) can0 17C#000000003287022B
(27.432047) can0 300#0F00000000000000
(27.432171) can0 174#F87F0000366B03C3
(27.432319) can0 178#118000003F9503DB
(27.432490) can0 174#FA7F00003C6B0425
(27.442290) can0 178#1680000039950403
(27.442454) can0 17C#000000002687047B
(27.442622) can0 120#00000000000000C0
(27.452534) can0 174#F57F00003E6B0567
(27.452698) can0 178#0E8001222C9505E3
(27.452865) can0 17C#0000000024870565
(27.462776) can0 174#F57F0000406B0601
(27.462940) can0 178#FD7F02202395069C
(27.463103) can0 17C#0000000024870642
(27.473019) can0 174#F57F00003E6B075D
(27.473182) can0 178#EC7F033226950784
(27.473346) can0 17C#00000000218707D6
(27.483271) can0 174#F57F0000396B086C
(27.483434) can0 178#DE7F04202F9508D9
(27.483606) can0 17C#0000000019870849
(27.493515) can0 174#F57F0000306B09F2
(27.493678) can0 178#DE7F052333950906
(27.493844) can0 17C#00000000108709D7
(27.494007) can0 540#0200000000000119
(27.503764) can0 290#0010000000000000
(27.503937) can0 174#F57F0000276B0A47
(27.504100) can0 178#E47F063231950A9A
(27.513991) can0 17C#000000000D870A6D
(27.514155) can0 174#F57F0000256B0B59
(27.514318) can0 178#EC7F07212F950BB1
(27.524234) can0 17C#000000001F870B6B
(27.524398) can0 290#0030000000000000
(27.524570) can0 174#F57F00002D6B0C06
(27.534482) can0 178#F87F082733950C35
(27.534645) can0 17C#000000003F870C08
(27.534810) can0 174#FA7F0000396B0D59
(27.544720) can0 178#F87F000036950D68
(27.544883) can0 17C#000000004B870D5B
(27.545047) can0 174#FA7F00003C6B0EF7
(27.554963) can0 178#FD7F012036950E5B
(27.555126) can0 17C#000000003A870EBB
(27.555290) can0 120#00000000000000A0
(27.565206) can0 121#002A001B080000AD
(27.565369) can0 129#00000000000000A0
(27.565541) can0 290#0010000000000000
(27.575448) can0 12B#0000000000014F78
(27.575620) can0 178#008000003C950F2F
(27.575784) can0 17C#0000000029870F32
(27.585691) can0 290#0010000000000000
(27.585816) can0 17C#0000000029870089
(27.585964) can0 120#00000000000000C0
(27.586134) can0 121#002A001B080000CD
(27.595951) can0 290#0010000000000000
(27.596076) can0 12B#0000000000014F79
(27.597280) can0 12A#1228012000000000
(27.597491) can0 550#00000000000000C0
(27.597781) can0 121#002A001B0800002D
(27.597949) can0 129#0000000000000020
(27.606177) can0 450#0000000000000000
(27.606302) can0 290#0000000000000000
(27.606451) can0 12B#0000000000014F78
(27.606620) can0 128#1388030000EC7842
(27.616420) can0 290#0010000000000000
(27.616590) can0 12B#0000000000014F79
(27.616754) can0 174#F27F00003C6B04F7
(27.626663) can0 541#0280000000000000
(27.626788) can0 290#0040000000000000
(27.626936) can0 12B#0000000000014F78
(27.627100) can0 290#0010000000000000
(27.636906) can0 12B#0000000000014F79
(27.637070) can0 174#E77F0000396B06C9
(27.637233) can0 290#0020000000000000
(27.647149) can0 12B#0000000000014F78
(27.647313) can0 128#1388030000EC7882
(27.647482) can0 290#0030000000000000
(27.657392) can0 12B#0000000000014F79
(27.657572) can0 174#EA7F00002A6B081D
(27.657743) can0 178#2780090F429508A9
(27.667635) can0 290#0020000000000000
(27.667808) can0 12B#0000000000014F79
(27.667931) can0 128#1388030000EC78A2
(27.668084) can0 290#0000000000000000
(27.677880) can0 12B#0000000000014F78
(27.678051) can0 174#F57F0000336B0A59
(27.678214) can0 290#0030000000000000
(27.688124) can0 12B#0000000000014F79
(27.688288) can0 128#1388030000EC78C2
(27.688450) can0 12E#00000000000000C0
(27.688580) can0 290#0030000000000000
(27.688688) can0 12B#0000000000014F79
(27.688795) can0 12A#1228012000000000
(27.688902) can0 290#0010000000000000
(27.689049) can0 12B#0000000000014F78
(27.698380) can0 128#1388030000EC7822
(27.698551) can0 12B#0000000000014F79
(27.698715) can0 174#F57F0000366B0EA4
(27.708607) can0 178#19800F0D42950E76
(27.708770) can0 12B#0000000000014F79
(27.708901) can0 128#1388030000EC7842
(27.709048) can0 12E#0000000000000040
(27.718852) can0 174#F57F00002E6B0016
(27.719015) can0 178#0E8001083695006C
(27.719179) can0 17C#0000000023870086
(27.729093) can0 12E#0000000000000060
(27.729257) can0 12A#1228012000000000
(27.729380) can0 12C#0000000000000000
(27.729496) can0 174#F57F0000336B02B1
(27.729643) can0 178#0680012837950241
(27.739336) can0 17C#000000003D8702AD
(27.739508) can0 120#0000000000000060
(27.739672) can0 174#F57F0000366B0325
(27.749579) can0 178#068002203795037E
(27.749749) can0 17C#000000004287037E
(27.749914) can0 174#F57F0000396B04F0
(27.759822) can0 178#008003213395040F
(27.759986) can0 17C#000000002C870474
(27.760150) can0 174#F57F0000366B056B
(27.770065) can0 178#06800423339505ED
(27.770304) can0 17C#000000000D8705D6
(27.770491) can0 290#0040000000000000
(27.780308) can0 550#0000000000000080
(27.780473) can0 174#F57F00002D6B06D4
(27.780644) can0 178#1180052339950698
(27.790566) can0 17C#0000000000870674
(27.790730) can0 174#F57F0000236B07C0
(27.790894) can0 178#198006223C9507FD
(27.791057) can0 17C#000000000687076C
(27.800793) can0 174#F57F0000206B08F7
(27.800957) can0 178#228007243A9508A3
(27.801127) can0 17C#000000000B870852
(27.811036) can0 120#00000000000000C0
(27.811200) can0 174#F57F0000206B09EA
(27.811370) can0 178#248008233A9509E5
(27.821287) can0 17C#00000000108709D7
(27.821452) can0 174#F57F0000286B0AC1
(27.821627) can0 178#1C8009203C950A13
(27.831524) can0 17C#0000000016870AF5
(27.831688) can0 300#0F00000000000000
(27.831812) can0 174#F57F00002D6B0B55
(27.831967) can0 178#19800A213E950B1A
(27.841771) can0 17C#0000000018870BE1
(27.841935) can0 174#F87F00002E6B0C6C
(27.842098) can0 178#11800B2939950CE7
(27.852008) can0 17C#0000000018870CB2
(27.852172) can0 174#FD7F0000306B0D54
(27.852336) can0 178#0880000034950DCB
(27.862251) can0 17C#000000001E870DAA
(27.862415) can0 174#FA7F0000316B0E72
(27.862584) can0 178#FD7F000036950E7B
(27.872500) can0 17C#0000000027870E26
(27.872664) can0 120#0000000000000060
(27.872831) can0 121#002A001B0800006D
(27.882740) can0 129#0000000000000060
(27.882904) can0 174#F57F00002B6B0F24
(27.883067) can0 178#FA7F00FF42950F00
(27.883229) can0 17C#000000002E870FB8
(27.892996) can0 174#EF7F0000226B00CD
(27.893159) can0 178#008000004F950050
(27.893323) can0 17C#000000003187009D
(27.903223) can0 174#EF7F00001D6B017E
(27.903386) can0 178#0680012052950123
(27.903558) can0 17C#0000000035870186
(27.913466) can0 540#0200000000000119
(27.913599) can0 174#EF7F00001D6B0259
(27.913747) can0 178#0B8002224D9502E5
(27.913911) can0 17C#000000003F8702AE
(27.923709) can0 174#F57F0000276B03B2
(27.923873) can0 178#0E8003263F9503A3
(27.924037) can0 17C#000000004B8703FD
(27.933952) can0 174#F87F00002D6B0408
(27.934116) can0 178#0380042534950427
(27.934279) can0 17C#000000004E870427
(27.944195) can0 300#0F00000000000000
(27.944319) can0 174#FA7F00002D6B05AF
(27.944467) can0 178#FD7F0520319505AB
(27.944634) can0 17C#00000000458705BA
(27.954438) can0 450#0000000000000000
(27.954570) can0 290#0030000000000000
(27.954719) can0 174#FA7F0000286B0601
(27.954883) can0 178#FD7F0621339506AC
(27.964681) can0 17C#000000003287065F
(27.964847) can0 120#0000000000000020
(27.965047) can0 121#002A001B0800002D
(27.974924) can0 174#F57F0000256B07C5
(27.975087) can0 178#0080072134950717
(27.975251) can0 17C#00000000298707DA
(27.985180) can0 174#F57F0000236B087B
(27.985344) can0 178#0B800820379508F4
(27.985512) can0 17C#000000002187086D
(27.985676) can0 120#0000000000000040
(27.995410) can0 121#002A001B0800004D
(27.995577) can0 129#0000000000000040
(27.995741) can0 178#0E8009253A9509E1
(28.005653) can0 17C#000000001587095E
(28.005816) can0 290#0010000000000000
(28.005979) can0 12B#0000000000014F79
(28.006101) can0 12A#1228012000000000
(28.006207) can0 550#0000000000000040
(28.015897) can0 17C#000000000D870A6D
(28.016061) can0 120#0000000000000060
(28.016224) can0 121#002A001B0800006D
(28.026138) can0 129#0000000000000060
(28.026302) can0 540#0200000000000119
(28.026425) can0 290#0020000000000000
(28.026579) can0 12B#0000000000014F79
(28.026701) can0 121#002A001B0800008D
(28.036381) can0 129#0000000000000080
(28.036553) can0 541#0280000000000000
(28.036676) can0 290#0020000000000000
(28.036784) can0 12B#0000000000014F79
(28.036891) can0 174#EF7F00001D6B0EC5
(28.037038) can0 178#1180012036950EF9
(28.046624) can0 17C#0000000032870EB7
(28.046788) can0 290#0030000000000000
(28.046952) can0 12B#0000000000014F79
(28.047075) can0 128#1388030000EC78C2
(28.056870) can0 12E#00000000000000C0
(28.057033) can0 12A#1228012000000000
(28.057156) can0 290#0000000000000000
(28.057304) can0 12B#0000000000014F79
(28.057431) can0 174#EF7F00002D6B004B
(28.067110) can0 290#0010000000000000
(28.067274) can0 12B#0000000000014F79
(28.067397) can0 128#1388030000EC7822
(28.067558) can0 290#0030000000000000
(28.077356) can0 12B#0000000000014F79
(28.077487) can0 174#F87F0000396B0258
(28.077640) can0 178#F87F05123A950204
(28.077813) can0 290#0040000000000000
(28.077982) can0 12B#0000000000014F79
(28.078104) can0 128#1388030000EC7842
(28.087612) can0 290#0030000000000000
(28.087785) can0 12B#0000000000014F79
(28.087907) can0 12A#1228012000000000
(28.088022) can0 290#0020000000000000
(28.088170) can0 12B#0000000000014F79
(28.088293) can0 128#1388030000EC7862
(28.097841) can0 290#0010000000000000
(28.098012) can0 12B#0000000000014F79
(28.098135) can0 174#FD7F0000186B06A7
(28.098282) can0 290#0030000000000000
(28.108082) can0 12B#0000000000014F79
(28.108205) can0 128#1388030000EC7882
(28.108352) can0 290#0030000000000000
(28.108482) can0 12B#0000000000014F79
(28.108589) can0 174#038000002A6B088B
(28.108772) can0 178#EF7F01252E9508D1
(28.118325) can0 128#1388030000EC78A2
(28.118496) can0 12E#00000000000000A0
(28.118660) can0 12A#1228012000000000
(28.118783) can0 12C#0000000000000000
(28.118890) can0 174#FA7F0000286B0A9D
(28.128569) can0 178#FA7F032131950A62
(28.128732) can0 17C#000000002A870AD7
(28.128897) can0 174#F57F0000286B0BDC
(28.138812) can0 178#008004202F950B30
(28.138976) can0 17C#000000003F870B5B
(28.139140) can0 174#EF7F00002D6B0CD7
(28.149054) can0 178#0E8000002E950C12
(28.149218) can0 17C#0000000051870C51
(28.149382) can0 290#0010000000000000
(28.159297) can0 174#F57F00002B6B0D1E
(28.159460) can0 178#148000002F950D51
(28.159630) can0 17C#0000000051870D4C
(28.169541) can0 550#00000000000000C0
(28.169706) can0 174#FD7F0000226B0E68
(28.169870) can0 178#0E80012234950E38
(28.179796) can0 174#FA7F0000206B0FF8
(28.179960) can0 178#0380022039950FDF
(28.180123) can0 17C#0000000031870F26
(28.180287) can0 174#F87F0000276B0073
(28.190026) can0 178#FD7F0332379500A4
(28.190189) can0 17C#000000001B8700A2
(28.190353) can0 174#F57F00002E6B010B
(28.200269) can0 178#0380042037950111
(28.200432) can0 17C#000000000A870128
(28.200602) can0 174#F57F0000366B0238
(28.210519) can0 178#118005233695026A
(28.210682) can0 17C#00000000FC8602CE
(28.210849) can0 290#0020000000000000
(28.220755) can0 550#0000000000000020
(28.220920) can0 300#0F00000000000000
(28.221052) can0 174#EF7F0000406B03B9
(28.221199) can0 174#EF7F0000466B04EF
(28.230997) can0 178#22800721349504E5
(28.231169) can0 17C#000000001887045A
(28.231340) can0 174#EF7F0000476B057D
(28.241240) can0 178#2280082731950564
(28.241412) can0 17C#0000000032870578
(28.241592) can0 174#F57F00003E6B0640
(28.251492) can0 178#228000002C950617
(28.251663) can0 17C#0000000038870650
(28.251831) can0 174#F87F0000336B073E
(28.261732) can0 178#1F8001202C95071A
(28.261896) can0 17C#0000000032870742
(28.262066) can0 174#F57F00002A6B08F8
(28.271972) can0 178#1680000031950893
(28.272135) can0 17C#00000000328708F9
(28.272299) can0 174#F57F0000276B0960
(28.272461) can0 178#14800112349509D5
(28.282228) can0 17C#000000003C8709ED
(28.282399) can0 174#F57F0000256B0A44
(28.282570) can0 178#0E80020F31950A7E
(28.292455) can0 17C#0000000042870A8B
(28.292627) can0 174#F57F00002B6B0B50
(28.292790) can0 178#0B8003022F950B63
(28.302698) can0 17C#0000000035870B54
(28.302865) can0 290#0020000000000000
(28.302989) can0 174#FA7F00002E6B0CD6
(28.303136) can0 178#0B8004052E950C40
(28.312977) can0 17C#0000000026870C93
(28.313157) can0 290#0040000000000000
(28.313322) can0 12B#0000000000014F7A
(28.323184) can0 128#1388030000EC7862
(28.323347) can0 300#0F00000000000000
(28.323471) can0 174#FA7F0000306B0DDA
(28.323623) can0 178#FA7F05122E950D1B
(28.333427) can0 17C#000000001E870DAA
(28.333598) can0 174#F57F0000306B0EA1
(28.333761) can0 178#EA7F061433950ECF
(28.343670) can0 17C#0000000021870E23
(28.343835) can0 174#EC7F00002E6B0F9B
(28.343998) can0 178#E17F072F39950FCB
(28.353918) can0 17C#0000000029870F32
(28.354082) can0 290#0040000000000000
(28.354206) can0 174#E77F00002B6B009C
(28.354354) can0 178#E77F08023695005C
(28.364156) can0 17C#000000002C870000
(28.364327) can0 174#E77F00002A6B010E
(28.364496) can0 178#FA7F090F3695013B
(28.374412) can0 17C#000000002E87011E
(28.374584) can0 174#EF7F0000256B027D
(28.374748) can0 178#0E800A1337950213
(28.374911) can0 17C#000000003287022B
(28.384642) can0 178#11800B03399503AD
(28.384805) can0 17C#00000000378703BF
(28.384970) can0 290#0010000000000000
(28.394887) can0 12B#0000000000014F79
(28.395051) can0 17C#00000000318704E9
(28.395215) can0 290#0010000000000000
(28.395339) can0 12B#0000000000014F7A
(28.405128) can0 290#0050000000000000
(28.405292) can0 12B#0000000000014F79
(28.405456) can0 174#FA7F0000206B060D
(28.415371) can0 178#06800E07369506E4
(28.415542) can0 17C#00000000358706D5
(28.415706) can0 290#0010000000000000
(28.425614) can0 12B#0000000000014F7A
(28.425777) can0 128#1388030000EC7842
(28.425940) can0 12E#0000000000000040
(28.435858) can0 12A#1228012000000000
(28.435981) can0 12C#0000000000000000
(28.436089) can0 450#0000000000000000
(28.436197) can0 290#0020000000000000
(28.436346) can0 12B#0000000000014F79
(28.436527) can0 174#F87F00002D6B0894
(28.446100) can0 290#0020000000000000
(28.446223) can0 12B#0000000000014F7A
(28.446371) can0 128#1388030000EC7862
(28.446542) can0 290#0020000000000000
(28.446666) can0 12B#0000000000014F79
(28.456342) can0 174#F57F00002D6B0A48
(28.456512) can0 178#0B80000029950AE2
(28.456676) can0 17C#0000000035870A49
(28.466588) can0 290#0010000000000000
(28.466753) can0 12B#0000000000014F7A
(28.466917) can0 128#1388030000EC7882
(28.467078) can0 290#0030000000000000
(28.476847) can0 12B#0000000000014F79
(28.477011) can0 12A#1228012000000000
(28.477134) can0 290#0020000000000000
(28.477282) can0 12B#0000000000014F7A
(28.487071) can0 128#1388030000EC78A2
(28.487234) can0 290#0030000000000000
(28.487434) can0 12B#0000000000014F7A
(28.487591) can0 174#EF7F00001F6B0EC6
(28.497314) can0 290#0030000000000000
(28.497438) can0 12B#0000000000014F79
(28.497600) can0 128#1388030000EC78C2
(28.497771) can0 290#0000000000000000
(28.507564) can0 12B#0000000000014F7A
(28.507728) can0 174#F87F00002A6B00F6
(28.507906) can0 178#F57F062234950000
(28.517806) can0 290#0020000000000000
(28.517977) can0 12B#0000000000014F79
(28.518141) can0 128#1388030000EC7822
(28.528048) can0 290#0040000000000000
(28.528213) can0 12B#0000000000014F7A
(28.528377) can0 174#088000001D6B02CE
(28.538286) can0 12B#0000000000014F79
(28.538450) can0 128#1388030000EC7842
(28.538619) can0 12E#0000000000000040
(28.538742) can0 174#068000001D6B0481
(28.548530) can0 178#00800A213995041D
(28.548694) can0 17C#000000002F8704F8
(28.548864) can0 290#0010000000000000
(28.558772) can0 174#FD7F00001F6B050A
(28.558944) can0 178#FD7F0B293A95053C
(28.559107) can0 17C#000000003C870571
(28.569029) can0 550#0000000000000040
(28.569194) can0 174#F57F0000206B0651
(28.569357) can0 178#FA7F00003695061D
(28.569529) can0 174#EC7F0000276B07F0
(28.579258) can0 178#FA7F000033950789
(28.579422) can0 17C#0000000040870709
(28.579590) can0 174#EA7F00002E6B081B
(28.589509) can0 178#FD7F00FF36950893
(28.589672) can0 17C#0000000037870870
(28.589837) can0 174#EA7F0000366B0912
(28.599744) can0 178#008000003695096E
(28.599914) can0 17C#00000000348709E1
(28.600104) can0 290#0020000000000000
(28.609987) can0 174#EF7F00003C6B0A0E
(28.610150) can0 178#0080012037950AE6
(28.610314) can0 17C#000000003A870ACF
(28.620230) can0 550#0000000000000060
(28.620395) can0 300#0F00000000000000
(28.620527) can0 174#F57F00003E6B0BC1
(28.620675) can0 174#F57F00003E6B0C92
(28.630473) can0 178#F57F03262F950C95
(28.630643) can0 17C#000000003C870C84
(28.630808) can0 290#0010000000000000
(28.640716) can0 174#FA7F0000366B0DDF
(28.640879) can0 178#F87F04252C950D53
(28.641050) can0 17C#000000003A870D9C
(28.650959) can0 174#FA7F00002B6B0E65
(28.651130) can0 178#0080052031950E22
(28.651293) can0 17C#0000000032870EB7
(28.661204) can0 174#FA7F0000276B0F72
(28.661376) can0 178#1180062131950FF8
(28.661554) can0 17C#0000000031870F26
(28.661723) can0 290#0040000000000000
(28.671463) can0 174#FA7F0000276B00C9
(28.671634) can0 178#1C8007212F9500DE
(28.671798) can0 17C#000000003D870097
(28.681687) can0 450#0000000000000000
(28.681820) can0 174#FA7F0000276B01D4
(28.681968) can0 178#1C8008202F950122
(28.682177) can0 17C#000000003C870105
(28.691930) can0 174#FA7F0000276B02F3
(28.692094) can0 178#168009253495024C
(28.692257) can0 17C#000000002F8702B6
(28.702173) can0 174#FA7F0000286B0368
(28.702344) can0 178#11800A29349503B3
(28.702522) can0 17C#000000002C870327
(28.712416) can0 290#0000000000000000
(28.712586) can0 174#FA7F00002A6B0438
(28.712749) can0 178#118000003695040B
(28.722659) can0 17C#000000002E870477
(28.722828) can0 300#0F00000000000000
(28.722952) can0 174#FD7F00002D6B0521
(28.723100) can0 178#1C8001203C9505DF
(28.732903) can0 17C#00000000298705E0
(28.733067) can0 450#0000000000000000
(28.733191) can0 174#008000002A6B06CA
(28.733339) can0 178#1C8000003E9506DB
(28.743145) can0 17C#0000000026870641
(28.743309) can0 174#FA7F0000206B0710
(28.743473) can0 178#1180012037950783
(28.753388) can0 17C#000000002687075C
(28.753560) can0 290#0020000000000000
(28.753725) can0 12B#0000000000014F7A
(28.763645) can0 174#FA7F00001D6B0806
(28.763808) can0 178#038002212F95080C
(28.763972) can0 17C#000000001F87084C
(28.764136) can0 290#0010000000000000
(28.773876) can0 12B#0000000000014F79
(28.774039) can0 128#1388030000EC7822
(28.774202) can0 174#FA7F0000256B093F
(28.784117) can0 178#F87F03242C9509B1
(28.784280) can0 17C#000000001C8709DD
(28.784444) can0 290#0040000000000000
(28.794360) can0 174#F57F00002D6B0A48
(28.794532) can0 178#EC7F042F2F950AE7
(28.794695) can0 17C#000000001E870AF9
(28.804603) can0 450#0000000000000000
(28.804727) can0 290#0000000000000000
(28.804876) can0 174#F57F0000286B0BDC
(28.805040) can0 178#EF7F051233950B45
(28.814848) can0 17C#000000001F870B6B
(28.815012) can0 290#0000000000000000
(28.815136) can0 174#FA7F00001F6B0C71
(28.815283) can0 178#FD7F06242F950CBF
(28.825089) can0 17C#0000000027870C1C
(28.825253) can0 290#0010000000000000
(28.825417) can0 12B#0000000000014F79
(28.825549) can0 128#1388030000EC7862
(28.835332) can0 178#008007262C950D25
(28.835503) can0 17C#0000000034870D95
(28.835667) can0 290#0040000000000000
(28.845579) can0 12B#0000000000014F79
(28.845702) can0 174#FD7F00001A6B0E4C
(28.845852) can0 178#0680082029950E4D
(28.846022) can0 17C#000000003F870E32
(28.855822) can0 290#0000000000000000
(28.855987) can0 12B#0000000000014F79
(28.856110) can0 128#1388030000EC7882
(28.856257) can0 450#0000000000000000
(28.856382) can0 290#0020000000000000
(28.856537) can0 12B#0000000000014F7A
(28.866077) can0 174#FA7F00002D6B00C6
(28.866240) can0 178#0B80000029950030
(28.866439) can0 17C#000000003D870097
(28.876304) can0 290#0030000000000000
(28.876468) can0 12B#0000000000014F79
(28.876639) can0 128#1388030000EC78A2
(28.886548) can0 12E#00000000000000A0
(28.886712) can0 174#F87F0000316B0173
(28.886876) can0 290#0030000000000000
(28.887000) can0 12B#0000000000014F79
(28.887107) can0 174#F57F0000336B02B1
(28.896789) can0 290#0010000000000000
(28.896954) can0 12B#0000000000014F79
(28.897077) can0 128#1388030000EC78C2
(28.897224) can0 290#0000000000000000
(28.907032) can0 12B#0000000000014F79
(28.907155) can0 12A#1228012000000000
(28.907262) can0 290#0000000000000000
(28.907371) can0 12B#0000000000014F79
(28.907482) can0 128#1388030000EC7822
(28.907642) can0 290#0010000000000000
(28.907848) can0 12B#0000000000014F79
(28.907983) can0 174#F57F0000336B06C5
(28.917275) can0 290#0020000000000000
(28.917440) can0 12B#0000000000014F79
(28.917577) can0 128#1388030000EC7842
(28.917731) can0 12E#0000000000000040
(28.927527) can0 290#0020000000000000
(28.927651) can0 12B#0000000000014F79
(28.927766) can0 174#F27F0000276B08F3
(28.927914) can0 290#0000000000000000
(28.928087) can0 12B#0000000000014F79
(28.928210) can0 128#1388030000EC7862
(28.937769) can0 290#0010000000000000
(28.937934) can0 12B#0000000000014F79
(28.938063) can0 174#FD7F0000286B0A13
(28.938211) can0 290#0000000000000000
(28.948011) can0 12B#0000000000014F79
(28.948134) can0 128#1388030000EC7882
(28.948281) can0 12E#0000000000000080
(28.948445) can0 290#0030000000000000
(28.958261) can0 12B#0000000000014F79
(28.958384) can0 174#EF7F0000306B0C4A
(28.958540) can0 12B#0000000000014F79
(28.958663) can0 128#1388030000EC78A2
(28.958810) can0 12E#00000000000000A0
(28.958981) can0 12A#1228012000000000
(28.959104) can0 550#0000000000000080
(28.968498) can0 174#EC7F00002E6B0E86
(28.968661) can0 12E#00000000000000C0
(28.968833) can0 174#EF7F00002D6B0FF0
(28.978733) can0 178#F87F00002F950FC9
(28.978897) can0 174#F57F0000276B0095
(28.979061) can0 178#038001202F9500C7
(28.988976) can0 17C#00000000458700D3
(28.989140) can0 290#0000000000000000
(28.989305) can0 174#F57F0000236B018E
(28.999219) can0 178#0B800000349501B0
(28.999383) can0 17C#000000004E87014E
(28.999554) can0 174#F87F0000206B02C3
(29.009462) can0 178#0B8001123E9502F0
(29.009629) can0 17C#000000004E870269
(29.009792) can0 550#00000000000000A0
(29.019705) can0 300#0F00000000000000
(29.019829) can0 174#F87F0000206B03DE
(29.019976) can0 178#0B80020F4295037B
(29.020175) can0 174#F27F00001D6B0448
(29.029948) can0 178#118003023F950411
(29.030111) can0 17C#000000003F8704E0
(29.030274) can0 174#EF7F00001D6B050A
(29.040191) can0 178#1C80040539950510
(29.040354) can0 17C#0000000032870578
(29.040526) can0 290#0010000000000000
(29.050436) can0 174#F27F00001C6B06FD
(29.050608) can0 178#248005122E95061A
(29.050771) can0 17C#0000000024870642
(29.050933) can0 174#FA7F00001D6B07BD
(29.060693) can0 178#3280061429950730
(29.060861) can0 17C#00000000218707D6
(29.061024) can0 174#FD7F00001A6B0802
(29.070920) can0 178#2D80072F2995084D
(29.071091) can0 17C#00000000268708E7
(29.071254) can0 450#0000000000000000
(29.071385) can0 174#008000001D6B09D3
(29.081163) can0 178#1180080233950953
(29.081332) can0 17C#000000002A8709F0
(29.081510) can0 174#00800000276B0AD3
(29.091411) can0 178#F87F090F3C950A41
(29.091578) can0 17C#0000000027870A52
(29.091742) can0 290#0030000000000000
(29.101649) can0 174#00800000306B0B5C
(29.101823) can0 178#EC7F0A133A950BC0
(29.101994) can0 17C#0000000026870BC0
(29.111896) can0 174#00800000396B0C8C
(29.112060) can0 178#F87F0B0334950C05
(29.112223) can0 17C#0000000027870C1C
(29.122134) can0 290#0040000000000000
(29.122299) can0 300#0F00000000000000
(29.122423) can0 174#FD7F00003C6B0D5E
(29.122578) can0 178#0B800C0834950D72
(29.132377) can0 174#FA7F0000336B0E71
(29.132548) can0 178#19800D2F36950E81
(29.132712) can0 17C#0000000027870E26
(29.142620) can0 174#FA7F0000256B0F71
(29.142791) can0 178#1F800E0734950F24
(29.142954) can0 17C#0000000032870FAA
(29.152879) can0 174#FA7F0000236B00CF
(29.153042) can0 178#19800F0D33950017
(29.153205) can0 17C#000000003887001E
(29.153369) can0 290#0050000000000000
(29.163106) can0 12B#0000000000014F79
(29.163229) can0 128#1388030000EC7862
(29.163376) can0 174#F27F00002A6B0183
(29.163547) can0 178#0B8000022F95010F
(29.173349) can0 17C#000000003D87018A
(29.173521) can0 290#0050000000000000
(29.173645) can0 12B#0000000000014F79
(29.173752) can0 174#EF7F0000336B0260
(29.173900) can0 178#FD7F010833950298
(29.183592) can0 17C#00000000458702E9
(29.183756) can0 174#EF7F00003C6B03FB
(29.183919) can0 178#F87F00003F95034D
(29.193837) can0 17C#0000000048870371
(29.194001) can0 290#0010000000000000
(29.194166) can0 174#F57F0000406B043B
(29.204078) can0 178#EC7F012847950436
(29.204241) can0 17C#000000004A870421
(29.204405) can0 290#0030000000000000
(29.214321) can0 174#F87F0000396B050B
(29.214491) can0 178#F27F022048950537
(29.217789) can0 17C#000000004E87053A
(29.224573) can0 290#0020000000000000
(29.224738) can0 174#FA7F00002D6B0688
(29.224901) can0 178#FD7F03214A9506B8
(29.234807) can0 17C#000000004587069D
(29.234971) can0 290#0020000000000000
(29.235095) can0 178#0880042347950798
(29.235243) can0 17C#00000000318707CE
(29.245053) can0 450#0000000000000000
(29.245177) can0 17C#00000000268708E7
(29.245325) can0 290#0020000000000000
(29.245449) can0 12B#0000000000014F79
(29.245564) can0 290#0030000000000000
(29.245713) can0 12B#0000000000014F79
(29.245836) can0 174#F87F0000276B0AA1
(29.245982) can0 290#0000000000000000
(29.255309) can0 12B#0000000000014F79
(29.255432) can0 128#1388030000EC7842
(29.255584) can0 12E#0000000000000040
(29.255748) can0 290#0020000000000000
(29.265537) can0 12B#0000000000014F79
(29.265660) can0 12A#1228012000000000
(29.265767) can0 450#0000000000000000
(29.265875) can0 290#0020000000000000
(29.265983) can0 12B#0000000000014F79
(29.266090) can0 290#0010000000000000
(29.266239) can0 12B#0000000000014F79
(29.266362) can0 174#00800000316B0EBA
(29.266527) can0 178#06800B293F950EEF
(29.275779) can0 290#0020000000000000
(29.275943) can0 12B#0000000000014F79
(29.276066) can0 128#1388030000EC7882
(29.276213) can0 290#0030000000000000
(29.286022) can0 12B#0000000000014F79
(29.286145) can0 174#008000002E6B0082
(29.286292) can0 290#0010000000000000
(29.286457) can0 12B#0000000000014F79
(29.286585) can0 128#1388030000EC78A2
(29.296265) can0 290#0040000000000000
(29.296429) can0 12B#0000000000014F79
(29.296557) can0 174#F27F00003E6B02BA
(29.296705) can0 290#0000000000000000
(29.306515) can0 12B#0000000000014F79
(29.306638) can0 128#1388030000EC78C2
(29.306792) can0 12E#00000000000000C0
(29.306956) can0 290#0010000000000000
(29.316751) can0 12B#0000000000014F79
(29.316874) can0 174#EF7F0000446B04EC
(29.317021) can0 290#0030000000000000
(29.317186) can0 12B#0000000000014F79
(29.317309) can0 128#1388030000EC7822
(29.326993) can0 290#0020000000000000
(29.327158) can0 12B#0000000000014F79
(29.327281) can0 12A#1228012000000000
(29.327388) can0 290#0050000000000000
(29.327562) can0 12B#0000000000014F79
(29.327685) can0 128#1388030000EC7842
(29.337236) can0 12E#0000000000000040
(29.337401) can0 174#EF7F0000366B083B
(29.337579) can0 178#FA7F06213A950807
(29.347508) can0 17C#00000000348708FC
(29.347672) can0 12E#0000000000000060
(29.347846) can0 174#F27F0000366B0979
(29.348017) can0 178#08800721399509E6
(29.357820) can0 17C#000000003C8709ED
(29.358016) can0 174#FA7F0000366B0A8C
(29.358183) can0 178#1480082037950A2B
(29.367973) can0 17C#0000000042870A8B
(29.368137) can0 12C#0000000000000000
(29.368261) can0 5A0#0069200000000049
(29.368410) can0 550#0000000000000020
(29.378209) can0 174#008000002D6B0C92
(29.378372) can0 178#1C800A2931950C67
(29.378542) can0 17C#0000000047870C4C
(29.388451) can0 174#FA7F0000276B0D48
(29.388620) can0 178#1C8000002C950D0F
(29.388783) can0 17C#0000000034870D95
(29.398694) can0 290#0020000000000000
(29.398863) can0 174#FA7F0000256B0E6C
(29.399026) can0 178#1680012026950E6F
(29.408942) can0 17C#000000001B870E04
(29.409107) can0 290#0020000000000000
(29.409235) can0 174#F57F0000276B0F2E
(29.409385) can0 178#0B80000026950F0D
(29.419180) can0 17C#0000000013870F15
(29.419344) can0 550#0000000000000040
(29.419518) can0 174#F27F00002B6B0011
(29.429423) can0 178#0680012028950079
(29.429595) can0 174#F27F00002D6B0109
(29.429759) can0 178#008002212C950192
(29.439669) can0 17C#000000003287010C
(29.439834) can0 290#0050000000000000
(29.439999) can0 174#F87F00002A6B02CC
(29.440160) can0 178#FD7F0324319502D7
(29.449925) can0 17C#000000003C870222
(29.450089) can0 174#FA7F00002A6B036B
(29.450253) can0 178#0680042F2F950363
(29.460152) can0 17C#00000000478703F7
(29.460316) can0 174#FA7F00002E6B043E
(29.460487) can0 178#0B8005122C950410
(29.470395) can0 17C#000000004A870421
(29.470567) can0 300#0F00000000000000
(29.470691) can0 174#FA7F0000356B05BB
(29.470840) can0 178#0E8006242B95050B
(29.480638) can0 17C#0000000040870533
(29.480802) can0 174#FA7F0000356B069C
(29.480966) can0 178#0B8007262B950655
(29.490882) can0 17C#000000002A87064B
(29.491046) can0 290#0030000000000000
(29.491224) can0 174#F57F0000336B07D8
(29.501124) can0 178#118008202C950706
(29.501294) can0 17C#00000000158707F8
(29.501458) can0 290#0030000000000000
(29.501594) can0 174#F57F0000316B0860
(29.511372) can0 178#088009252E950831
(29.511542) can0 17C#0000000011870845
(29.511713) can0 174#F57F0000306B09F2
(29.521610) can0 178#FA7F00002E9509B2
(29.521782) can0 17C#000000001F870951
(29.521946) can0 290#0030000000000000
(29.522070) can0 174#F57F0000306B0AD5
(29.531855) can0 178#EC7F012534950A1B
(29.532018) can0 17C#0000000032870AC3
(29.532182) can0 450#0000000000000000
(29.532307) can0 290#0020000000000000
(29.542109) can0 12B#0000000000014F79
(29.542232) can0 174#F57F0000316B0B47
(29.542380) can0 178#E77F02393A950B73
(29.542587) can0 17C#000000003F870B5B
(29.542763) can0 174#FA7F0000316B0C48
(29.552338) can0 178#E17F032137950CA5
(29.552512) can0 17C#0000000042870CC5
(29.552676) can0 174#FA7F00002B6B0D42
(29.562581) can0 178#D67F042031950D73
(29.562745) can0 17C#0000000048870DD7
(29.562909) can0 290#0040000000000000
(29.572825) can0 12B#0000000000014F78
(29.572996) can0 174#F87F0000226B0E5C
(29.573160) can0 178#D67F00002F950EBA
(29.583067) can0 17C#000000004D870E79
(29.583231) can0 290#0050000000000000
(29.583396) can0 174#F57F00001D6B0F09
(29.593310) can0 178#DE7F000033950F67
(29.593481) can0 17C#000000004E870FE8
(29.593646) can0 450#0000000000000000
(29.593770) can0 290#0000000000000000
(29.603555) can0 12B#0000000000014F78
(29.603678) can0 174#EC7F00001D6B0084
(29.603831) can0 178#EC7F01223695003E
(29.604002) can0 17C#00000000538700CE
(29.613796) can0 290#0010000000000000
(29.613961) can0 12B#0000000000014F78
(29.614084) can0 128#1388030000EC7862
(29.614231) can0 178#FD7F02203C950151
(29.624039) can0 17C#000000004E87014E
(29.624203) can0 290#0020000000000000
(29.624368) can0 12B#0000000000014F79
(29.634285) can0 174#EC7F0000226B0210
(29.634448) can0 178#0680033241950246
(29.634620) can0 17C#0000000040870260
(29.634782) can0 290#0010000000000000
(29.644542) can0 12B#0000000000014F78
(29.644706) can0 128#1388030000EC7882
(29.644870) can0 290#0040000000000000
(29.654773) can0 12B#0000000000014F78
(29.654911) can0 12A#1228012000000000
(29.655018) can0 550#00000000000000C0
(29.655167) can0 450#0000000000000000
(29.655291) can0 290#0000000000000000
(29.655440) can0 12B#0000000000014F78
(29.655572) can0 128#1388030000EC78A2
(29.665011) can0 12E#00000000000000A0
(29.665175) can0 174#F57F00003C6B0564
(29.665339) can0 178#F87F0632369505A9
(29.675254) can0 290#0030000000000000
(29.675419) can0 12B#0000000000014F78
(29.675549) can0 174#EF7F00003E6B0691
(29.675696) can0 290#0010000000000000
(29.685504) can0 12B#0000000000014F77
(29.685668) can0 128#1388030000EC78C2
(29.685831) can0 290#0040000000000000
(29.695740) can0 12B#0000000000014F78
(29.695904) can0 174#F57F00003E6B08E6
(29.696067) can0 290#0020000000000000
(29.705983) can0 12B#0000000000014F78
(29.706106) can0 128#1388030000EC7822
(29.706253) can0 290#0000000000000000
(29.706418) can0 12B#0000000000014F78
(29.706549) can0 174#FA7F00002E6B0A98
(29.716226) can0 290#0000000000000000
(29.716350) can0 12B#0000000000014F77
(29.716514) can0 128#1388030000EC7842
(29.716723) can0 12E#0000000000000040
(29.726469) can0 290#0020000000000000
(29.726644) can0 12B#0000000000014F78
(29.726808) can0 174#FD7F0000256B0CD8
(29.736725) can0 290#0030000000000000
(29.736890) can0 12B#0000000000014F78
(29.737014) can0 128#1388030000EC7862
(29.737160) can0 290#0020000000000000
(29.737325) can0 12B#0000000000014F77
(29.746955) can0 12A#1228012000000000
(29.747077) can0 550#0000000000000040
(29.747227) can0 290#0020000000000000
(29.747351) can0 12B#0000000000014F78
(29.747514) can0 128#1388030000EC7882
(29.757198) can0 290#0000000000000000
(29.757362) can0 12B#0000000000014F78
(29.757499) can0 174#F27F0000276B001B
(29.757646) can0 178#0E80061436950090
(29.767441) can0 12B#0000000000014F77
(29.767620) can0 128#1388030000EC78A2
(29.767791) can0 12E#00000000000000A0
(29.777683) can0 174#F87F0000226B02C0
(29.777861) can0 178#F87F080236950283
(29.778031) can0 17C#00000000458702E9
(29.787926) can0 12E#00000000000000C0
(29.788098) can0 12A#1228012000000000
(29.788225) can0 12C#0000000000000000
(29.788335) can0 174#FA7F0000226B0434
(29.788491) can0 178#11800A132B9504AA
(29.798169) can0 17C#000000005E87043F
(29.798334) can0 174#FA7F0000206B052A
(29.798505) can0 178#16800B032C9505FC
(29.808412) can0 17C#00000000538705A7
(29.808584) can0 290#0030000000000000
(29.808749) can0 174#FA7F0000256B0684
(29.818655) can0 178#1C800C0831950603
(29.818820) can0 17C#000000003487065A
(29.818984) can0 174#FA7F00002B6B0790
(29.828902) can0 178#1C800D2F36950740
(29.829065) can0 17C#000000001C87077B
(29.829230) can0 550#0000000000000080
(29.829393) can0 174#038000002E6B088D
(29.839157) can0 178#1F800E07399508F2
(29.839321) can0 17C#00000000188708C6
(29.839491) can0 174#03800000306B0981
(29.849384) can0 178#22800F0D3A950982
(29.849556) can0 17C#0000000019870954
(29.849720) can0 290#0020000000000000
(29.859627) can0 174#008000002D6B0ADC
(29.859791) can0 178#1C8000023E950A60
(29.859955) can0 17C#0000000016870AF5
(29.869872) can0 290#0040000000000000
(29.870037) can0 12B#0000000000014F77
(29.870165) can0 174#F57F00002A6B0BDF
(29.870314) can0 178#1180010841950B84
(29.880113) can0 17C#000000000B870B75
(29.880277) can0 174#EA7F0000276B0CEC
(29.880441) can0 178#0E8000003A950C0C
(29.890356) can0 17C#0000000006870CA3
(29.890529) can0 300#0F00000000000000
(29.890653) can0 174#EA7F0000276B0DF1
(29.890801) can0 178#0880012833950DFD
(29.900599) can0 174#F57F00002D6B0E3C
(29.900762) can0 178#0880022034950E72
(29.900962) can0 17C#000000001C870E8E
(29.910845) can0 174#FD7F0000366B0F6B
(29.911009) can0 178#0E80032139950FCE
(29.911172) can0 17C#0000000023870F3D
(29.921090) can0 174#03800000366B0071
(29.921262) can0 178#118004233E950036
(29.921425) can0 17C#000000001F8700A4
(29.931349) can0 290#0010000000000000
(29.931522) can0 174#038000002D6B01F4
(29.931685) can0 178#0B8005233A950196
(29.931852) can0 17C#000000000E87012E
(29.941577) can0 290#0030000000000000
(29.941749) can0 12B#0000000000014F78
(29.941913) can0 12A#1228012000000000
(29.942035) can0 550#00000000000000C0
(29.951815) can0 174#FA7F00002A6B0276
(29.951986) can0 178#0380062234950249
(29.952185) can0 17C#00000000FC8602CE
(29.962057) can0 450#0000000000000000
(29.962181) can0 290#0030000000000000
(29.962289) can0 174#F27F00002A6B03B9
(29.962437) can0 178#068007242B9503FD
(29.962608) can0 17C#00000000F7860353
(29.972299) can0 290#0000000000000000
(29.972464) can0 12B#0000000000014F78
(29.972594) can0 174#EC7F00002A6B0452
(29.972742) can0 178#0380082326950497
(29.982544) can0 17C#00000000058704C7
(29.982708) can0 290#0040000000000000
(29.982874) can0 12B#0000000000014F78
(29.982997) can0 128#1388030000EC7862
(29.992785) can0 12E#0000000000000060
(29.992950) can0 174#EF7F00002B6B0527
(29.993113) can0 178#FD7F09202995057D
(30.003028) can0 17C#00000000238705EF
(30.003191) can0 290#0010000000000000
(30.003355) can0 12B#0000000000014F77
(30.013271) can0 174#FA7F0000316B069A
(30.013434) can0 178#F57F0A2128950624
(30.013601) can0 17C#0000000038870650
(30.023518) can0 290#0010000000000000
(30.023642) can0 12B#0000000000014F78
(30.023789) can0 300#0F00000000000000
(30.023913) can0 174#00800000386B07CC
(30.024061) can0 178#F87F0B29299507A6
(30.024229) can0 17C#000000003A87074E
(30.033773) can0 174#038000003B6B081C
(30.033937) can0 178#0B8000002E950852
(30.034100) can0 17C#000000002F870864
(30.044000) can0 290#0020000000000000
(30.044164) can0 12B#0000000000014F77
(30.044328) can0 174#FD7F0000386B092C
(30.054243) can0 178#2280000033950932
(30.054406) can0 17C#00000000248709F9
(30.054578) can0 290#0020000000000000
(30.054701) can0 12B#0000000000014F78
(30.064494) can0 174#F57F0000306B0AD5
(30.064657) can0 178#278000FF34950A0D
(30.064822) can0 17C#0000000024870ADE
(30.074729) can0 290#0020000000000000
(30.074853) can0 174#EF7F0000256B0B88
(30.075000) can0 178#1C80000033950BDF
(30.075163) can0 17C#000000002C870BCF
(30.084972) can0 290#0030000000000000
(30.085172) can0 17C#0000000034870C88
(30.085348) can0 450#0000000000000000
(30.085472) can0 290#0030000000000000
(30.085587) can0 17C#0000000034870D95
(30.095215) can0 290#0010000000000000
(30.095383) can0 12B#0000000000014F78
(30.095514) can0 174#F27F0000226B0E34
(30.095661) can0 290#0050000000000000
(30.105458) can0 12B#0000000000014F78
(30.105586) can0 128#1388030000EC7842
(30.105732) can0 290#0030000000000000
(30.105897) can0 12B#0000000000014F78
(30.106020) can0 174#FA7F0000236B00CF
(30.115701) can0 290#0020000000000000
(30.115866) can0 12B#0000000000014F78
(30.115989) can0 128#1388030000EC7862
(30.116136) can0 290#0000000000000000
(30.125957) can0 12B#0000000000014F78
(30.126081) can0 174#EF7F0000396B026F
(30.126228) can0 178#198007212B9502D6
(30.126391) can0 290#0040000000000000
(30.126564) can0 12B#0000000000014F78
(30.126687) can0 128#1388030000EC7882
(30.136187) can0 290#0010000000000000
(30.136352) can0 12B#0000000000014F78
(30.136482) can0 174#F27F0000366B04F8
(30.136629) can0 290#0020000000000000
(30.146430) can0 12B#0000000000014F78
(30.146557) can0 128#1388030000EC78A2
(30.146704) can0 12E#00000000000000A0
(30.146869) can0 290#0020000000000000
(30.146993) can0 12B#0000000000014F78
(30.147100) can0 12A#1228012000000000
(30.147207) can0 290#0020000000000000
(30.147315) can0 12B#0000000000014F79
(30.156673) can0 128#1388030000EC78C2
(30.156837) can0 290#0020000000000000
(30.156960) can0 12B#0000000000014F78
(30.157108) can0 174#F57F0000396B086C
(30.166916) can0 178#FA7F0000489508FA
(30.167080) can0 290#0050000000000000
(30.167244) can0 12B#0000000000014F78
(30.167367) can0 128#1388030000EC7822
(30.177168) can0 290#0020000000000000
(30.177332) can0 12B#0000000000014F78
(30.177455) can0 174#F57F0000396B0A56
(30.177618) can0 12B#0000000000014F78
(30.177748) can0 128#1388030000EC7842
(30.187402) can0 12E#0000000000000040
(30.187581) can0 12A#1228012000000000
(30.187704) can0 12B#0000000000014F78
(30.187820) can0 174#FA7F0000286B0CD3
(30.187967) can0 178#0880042F37950CCD
(30.197644) can0 12E#0000000000000060
(30.197821) can0 174#F87F0000236B0DF4
(30.197992) can0 178#0B80051233950D7B
(30.207890) can0 17C#0000000035870D1A
(30.208062) can0 174#F57F0000226B0EBA
(30.208225) can0 178#0B80062433950EE4
(30.218133) can0 17C#0000000037870E3E
(30.218297) can0 290#0020000000000000
(30.218421) can0 174#F57F0000206B0FA4
(30.218584) can0 178#0B80072637950FB2
(30.218754) can0 17C#0000000034870FAF
(30.228425) can0 290#0010000000000000
(30.228607) can0 12B#0000000000014F78
(30.228730) can0 550#00000000000000C0
(30.228839) can0 174#FA7F0000236B00CF
(30.228986) can0 178#0880082036950074
(30.238616) can0 174#00800000236B011A
(30.238784) can0 178#0080092531950188
(30.238948) can0 17C#00000000138701B3
(30.248861) can0 174#00800000286B02BD
(30.249025) can0 178#008000002B95023C
(30.249188) can0 17C#000000000887020C
(30.259102) can0 174#FD7F0000276B0360
(30.259266) can0 178#0680012526950384
(30.259429) can0 17C#000000000D870398
(30.269345) can0 174#F57F0000256B04E2
(30.269517) can0 178#0B800239299504FE
(30.269681) can0 17C#000000001B8704D6
(30.279588) can0 290#0020000000000000
(30.279753) can0 550#0000000000000020
(30.279918) can0 300#0F00000000000000
(30.280043) can0 174#F27F00002D6B057D
(30.289833) can0 178#0E80032133950513
(30.289996) can0 174#F57F0000356B06C0
(30.290160) can0 178#088004203995067E
(30.300074) can0 17C#00000000298706C7
(30.300238) can0 290#0020000000000000
(30.300362) can0 174#F57F0000356B07DD
(30.300527) can0 178#FD7F00003695078E
(30.310317) can0 17C#0000000034870747
(30.310489) can0 174#F57F00002E6B08FE
(30.310653) can0 178#F57F00003395086E
(30.320575) can0 17C#000000003C8708F0
(30.320739) can0 290#0020000000000000
(30.320863) can0 174#F87F00002B6B098C
(30.321017) can0 178#F27F01222F9509E8
(30.321180) can0 17C#000000003D870962
(30.330803) can0 174#FA7F00002A6B0A9E
(30.330966) can0 178#F57F02202F950AD8
(30.331138) can0 17C#000000003F870A46
(30.341053) can0 450#0000000000000000
(30.341177) can0 290#0010000000000000
(30.341334) can0 12B#0000000000014F78
(30.341457) can0 128#1388030000EC7882
(30.341619) can0 174#FA7F0000236B0B00
(30.351289) can0 178#FD7F033234950BE7
(30.351460) can0 17C#0000000040870B95
(30.351639) can0 174#FD7F00001C6B0C73
(30.361538) can0 178#0680042042950C65
(30.361710) can0 17C#000000003F870C08
(30.361874) can0 290#0030000000000000
(30.371775) can0 174#00800000176B0DA8
(30.371938) can0 178#0B8005234A950D42
(30.372102) can0 17C#000000003D870D16
(30.382018) can0 174#008000001F6B0E83
(30.382188) can0 178#0E80063245950ED1
(30.382352) can0 17C#000000003C870EBE
(30.392261) can0 300#0F00000000000000
(30.392385) can0 174#008000002A6B0F3F
(30.392541) can0 178#068007213F950FAC
(30.392704) can0 17C#000000002C870FBB
(30.402516) can0 450#0000000000000000
(30.402641) can0 174#008000002D6B000E
(30.402789) can0 178#00800827399500D4
(30.402952) can0 17C#0000000016870027
(30.412785) can0 290#0020000000000000
(30.412962) can0 174#FA7F00002A6B0151
(30.413125) can0 178#008000002E950192
(30.413287) can0 17C#0000000006870122
(30.423005) can0 174#F57F0000226B0226
(30.423173) can0 178#0B800120269502AC
(30.423337) can0 17C#000000000A87020F
(30.433232) can0 290#0020000000000000
(30.433356) can0 12B#0000000000014F78
(30.433464) can0 174#F57F00001D6B0395
(30.433619) can0 178#1180000028950349
(30.433782) can0 17C#00000000238703A1
(30.443482) can0 290#0030000000000000
(30.443646) can0 12B#0000000000014F79
(30.443811) can0 174#F57F0000206B046B
(30.453718) can0 178#148001122B9504CA
(30.453882) can0 17C#000000004D8704AB
(30.454059) can0 450#0000000000000000
(30.454184) can0 174#F57F0000286B057A
(30.463961) can0 178#0680020F29950503
(30.464125) can0 17C#0000000067870589
(30.464290) can0 178#FA7F03022B950619
(30.474204) can0 17C#00000000698706A7
(30.474368) can0 290#0040000000000000
(30.474541) can0 17C#00000000678707B3
(30.484447) can0 290#0030000000000000
(30.484617) can0 12B#0000000000014F79
(30.484740) can0 174#008000003B6B08FB
(30.484888) can0 178#FA7F051236950866
(30.494690) can0 290#0000000000000000
(30.494861) can0 12B#0000000000014F79
(30.494984) can0 128#1388030000EC78A2
(30.495131) can0 450#0000000000000000
(30.495255) can0 290#0010000000000000
(30.504933) can0 12B#0000000000014F79
(30.505056) can0 290#0000000000000000
(30.505205) can0 12B#0000000000014F79
(30.505328) can0 128#1388030000EC78C2
(30.505482) can0 290#0000000000000000
(30.505606) can0 12B#0000000000014F79
(30.505713) can0 174#F57F0000186B0CA7
(30.515190) can0 178#1180090F29950C08
(30.515354) can0 290#0000000000000000
(30.515482) can0 12B#0000000000014F79
(30.515594) can0 128#1388030000EC7822
(30.515752) can0 290#0010000000000000
(30.515930) can0 12B#0000000000014F79
(30.516053) can0 12A#1228012000000000
(30.516161) can0 290#0020000000000000
(30.525419) can0 12B#0000000000014F79
(30.525549) can0 128#1388030000EC7842
(30.525696) can0 290#0010000000000000
(30.525866) can0 12B#0000000000014F79
(30.525989) can0 174#F87F00002D6B007C
(30.535662) can0 178#F27F0D2F3695000B
(30.535831) can0 290#0020000000000000
(30.535995) can0 12B#0000000000014F79
(30.536118) can0 128#1388030000EC7862
(30.545905) can0 290#0000000000000000
(30.546070) can0 12B#0000000000014F79
(30.546193) can0 174#FA7F00002A6B0276
(30.546341) can0 178#06800F0D41950283
(30.556148) can0 290#0030000000000000
(30.556312) can0 12B#0000000000014F79
(30.556471) can0 128#1388030000EC7882
(30.556634) can0 290#0020000000000000
(30.566391) can0 12B#0000000000014F79
(30.566526) can0 174#03800000226B041B
(30.566674) can0 12B#0000000000014F79
(30.566798) can0 128#1388030000EC78A2
(30.566945) can0 12E#00000000000000A0
(30.576634) can0 174#008000001D6B0668
(30.576798) can0 178#118001282B950610
(30.576961) can0 17C#0000000026870641
(30.586878) can0 290#0040000000000000
(30.587043) can0 12E#00000000000000C0
(30.587215) can0 174#00800000236B0754
(30.597120) can0 178#1480022025950712
(30.597283) can0 17C#000000002487075F
(30.597447) can0 550#0000000000000040
(30.607365) can0 174#FA7F00002B6B082B
(30.607545) can0 178#03800321269508E5
(30.607709) can0 174#F57F0000316B097D
(30.607878) can0 178#EF7F0423299509F0
(30.617622) can0 17C#00000000388709EB
(30.617792) can0 290#0020000000000000
(30.617957) can0 12B#0000000000014F79
(30.618087) can0 174#F27F0000356B0AD2
(30.627851) can0 178#DE7F05232F950A33
(30.628022) can0 17C#000000003A870ACF
(30.628187) can0 290#0030000000000000
(30.638091) can0 174#EF7F0000356B0B90
(30.638255) can0 178#DE7F062231950B1C
(30.638418) can0 17C#0000000029870B46
(30.648334) can0 290#0020000000000000
(30.648507) can0 174#F57F0000306B0C9B
(30.648671) can0 178#EC7F072436950CAA
(30.658579) can0 17C#000000001B870C3E
(30.658743) can0 550#0000000000000060
(30.658916) can0 300#0F00000000000000
(30.659041) can0 174#F57F00002D6B0D1B
(30.668822) can0 174#EF7F00002D6B0EED
(30.668986) can0 178#0B8009203C950E50
(30.669156) can0 17C#0000000023870E20
(30.679063) can0 174#EF7F0000366B0F68
(30.679227) can0 178#0B800A213C950F6E
(30.679390) can0 17C#000000002E870FB8
(30.689306) can0 290#0030000000000000
(30.689471) can0 12B#0000000000014F79
(30.689599) can0 174#F27F00003B6B0009
(30.689747) can0 178#F87F0B29379500E4
(30.699551) can0 17C#000000002F87008C
(30.699715) can0 290#0010000000000000
(30.699880) can0 174#F57F0000386B0116
(30.709806) can0 178#EC7F00002F9501BF
(30.709970) can0 17C#000000001F8701B9
(30.710134) can0 174#EF7F0000356B0265
(30.710297) can0 178#00800000269502B9
(30.720035) can0 17C#0000000013870294
(30.720199) can0 450#0000000000000000
(30.720324) can0 174#EF7F0000336B037D
(30.720471) can0 178#118000FF2595036A
(30.730278) can0 17C#0000000019870386
(30.730442) can0 174#EF7F0000366B04A7
(30.730614) can0 178#168000002B950418
(30.740522) can0 17C#000000002687047B
(30.740687) can0 290#0030000000000000
(30.740854) can0 174#EF7F0000396B053C
(30.750810) can0 178#1180012034950535
(30.750990) can0 17C#00000000378705F1
(30.751169) can0 290#0010000000000000
(30.761007) can0 12B#0000000000014F79
(30.761130) can0 174#EF7F0000386B0694
(30.761284) can0 178#0B8002223495065A
(30.761448) can0 17C#0000000042870617
(30.771250) can0 290#0020000000000000
(30.771421) can0 300#0F00000000000000
(30.771550) can0 174#EF7F0000306B0785
(30.771698) can0 178#00800326299507CB
(30.781504) can0 17C#00000000358707C8
(30.781668) can0 450#0000000000000000
(30.781801) can0 174#EF7F00002D6B08A3
(30.781948) can0 178#03800425269508A0
(30.791736) can0 17C#000000002387086E
(30.791900) can0 290#0040000000000000
(30.792065) can0 174#EF7F00002B6B09BB
(30.801987) can0 178#0B80052029950950
(30.802151) can0 17C#0000000023870973
(30.802322) can0 290#0000000000000000
(30.802500) can0 12B#0000000000014F79
(30.802623) can0 174#EF7F00002D6B0A99
(30.812238) can0 178#0B80062133950A43
(30.812401) can0 17C#0000000035870A49
(30.812573) can0 290#0020000000000000
(30.822465) can0 12B#0000000000014F79
(30.822594) can0 174#F27F00002D6B0BDB
(30.822742) can0 178#0680072137950BD4
(30.822905) can0 17C#000000004D870B10
(30.832708) can0 290#0020000000000000
(30.832832) can0 12B#0000000000014F79
(30.832939) can0 12A#1228012000000000
(30.833046) can0 550#00000000000000C0
(30.833196) can0 174#F87F0000336B0CF1
(30.833359) can0 178#0080082036950C3A
(30.842951) can0 17C#0000000051870C51
(30.843115) can0 450#0000000000000000
(30.843239) can0 290#0030000000000000
(30.843388) can0 174#FD7F0000316B0DDB
(30.853193) can0 178#0080092534950D9D
(30.853357) can0 17C#0000000042870DD8
(30.853530) can0 290#0020000000000000
(30.863436) can0 174#008000002B6B0EAD
(30.863609) can0 178#00800A2936950ED5
(30.863772) can0 17C#0000000031870E3B
(30.873679) can0 290#0050000000000000
(30.873846) can0 12B#0000000000014F79
(30.873970) can0 174#00800000286B0F3C
(30.874118) can0 178#FA7F000037950F67
(30.883922) can0 17C#000000002F870F37
(30.884086) can0 290#0010000000000000
(30.884251) can0 12B#0000000000014F79
(30.884374) can0 178#F27F0120349500A2
(30.894165) can0 17C#0000000034870014
(30.894329) can0 290#0030000000000000
(30.894502) can0 17C#0000000034870109
(30.904422) can0 450#0000000000000000
(30.904555) can0 290#0020000000000000
(30.904703) can0 290#0020000000000000
(30.904828) can0 12B#0000000000014F79
(30.904935) can0 128#1388030000EC7842
(30.905082) can0 12E#0000000000000040
(30.905246) can0 174#008000001A6B038B
(30.914687) can0 290#0020000000000000
(30.914819) can0 12B#0000000000014F79
(30.914927) can0 174#FD7F00001F6B0417
(30.915078) can0 178#FD7F032439950495
(30.915242) can0 17C#000000002A870471
(30.924896) can0 290#0030000000000000
(30.925065) can0 12B#0000000000014F79
(30.925188) can0 128#1388030000EC7862
(30.925335) can0 290#0000000000000000
(30.935137) can0 12B#0000000000014F79
(30.935260) can0 12A#1228012000000000
(30.935367) can0 290#0010000000000000
(30.935525) can0 12B#0000000000014F79
(30.935648) can0 128#1388030000EC7882
(30.935795) can0 290#0020000000000000
(30.945380) can0 12B#0000000000014F79
(30.945511) can0 174#F57F0000226B08F4
(30.945659) can0 290#0030000000000000
(30.945828) can0 12B#0000000000014F79
(30.945951) can0 128#1388030000EC78A2
(30.955623) can0 12E#00000000000000A0
(30.955788) can0 290#0020000000000000
(30.955953) can0 12B#0000000000014F79
(30.956076) can0 174#EF7F0000276B0A96
(30.965868) can0 290#0000000000000000
(30.966033) can0 12B#0000000000014F79
(30.966156) can0 128#1388030000EC78C2
(30.966303) can0 12E#00000000000000C0
(30.976109) can0 290#0010000000000000
(30.976274) can0 12B#0000000000014F79
(30.976397) can0 174#F57F0000256B0C0A
(30.976553) can0 290#0040000000000000
(30.986352) can0 12B#0000000000014F79
(30.986482) can0 128#1388030000EC7822
(30.986629) can0 12E#0000000000000020
(30.986793) can0 174#F57F0000236B0D12
(30.996598) can0 290#0030000000000000
(30.996762) can0 12B#0000000000014F79
(30.996885) can0 174#F87F0000206B0E5F
(30.997033) can0 12B#0000000000014F79
(30.997156) can0 128#1388030000EC7842
(30.997301) can0 12E#0000000000000040
(31.006861) can0 174#FA7F0000206B0FF8
(31.007023) can0 178#F57F042036950F4B
(31.007186) can0 12B#0000000000014F79
(31.007307) can0 12A#1228012000000000
(31.007413) can0 550#0000000000000080
(31.017081) can0 128#1388030000EC7862
(31.017243) can0 12E#0000000000000060
(31.017407) can0 174#FA7F0000306B0146
(31.027324) can0 174#FD7F0000366B02EA
(31.027498) can0 178#16800122349502CF
(31.027661) can0 17C#00000000478702EA
(31.037574) can0 174#00800000366B03B1
(31.037743) can0 178#168002202C95035F
(31.037906) can0 17C#000000003F8703B3
(31.047821) can0 174#FD7F0000336B042D
(31.047992) can0 178#148003322B950454
(31.048155) can0 17C#00000000358704EF
(31.058058) can0 290#0030000000000000
(31.058181) can0 550#00000000000000A0
(31.058330) can0 300#0F00000000000000
(31.058454) can0 174#F87F0000306B0588
(31.058609) can0 178#0B8004202F9505A3
(31.068331) can0 174#F57F0000306B0649
(31.068512) can0 178#0680052336950629
(31.068675) can0 17C#000000002A87064B
(31.078540) can0 290#0010000000000000
(31.078708) can0 174#F57F0000316B07DB
(31.078872) can0 178#0080063239950767
(31.088781) can0 17C#000000002687075C
(31.088945) can0 174#FA7F0000306B08B3
(31.089108) can0 178#008007213F95082C
(31.099038) can0 17C#000000002187086D
(31.099209) can0 290#0020000000000000
(31.099373) can0 12B#0000000000014F79
(31.099501) can0 174#00800000336B09EA
(31.099649) can0 178#FA7F0827459509AB
(31.109267) can0 17C#00000000268709FA
(31.109431) can0 550#00000000000000C0
(31.109603) can0 174#FA7F0000386B0A85
(31.119518) can0 178#F27F000045950A97
(31.119681) can0 17C#0000000027870A52
(31.119848) can0 174#F57F0000366B0BCD
(31.129753) can0 178#EC7F012042950B98
(31.129917) can0 17C#0000000029870B46
(31.130081) can0 174#F57F0000316B0C14
(31.139996) can0 178#F27F000041950CDF
(31.140160) can0 17C#0000000031870C01
(31.140324) can0 174#EF7F0000306B0D57
(31.150239) can0 178#F87F01123F950D83
(31.150402) can0 17C#000000003F870D15
(31.150574) can0 290#0020000000000000
(31.150698) can0 174#EF7F0000316B0EFF
(31.160490) can0 178#FD7F020F3C950EC8
(31.160654) can0 17C#0000000043870E70
(31.160819) can0 290#0040000000000000
(31.170725) can0 12B#0000000000014F79
(31.170849) can0 300#0F00000000000000
(31.170957) can0 174#F57F0000336B0F30
(31.171113) can0 178#0080030236950FB9
(31.171283) can0 17C#0000000035870F20
(31.180968) can0 450#0000000000000000
(31.181099) can0 290#0020000000000000
(31.181254) can0 12B#0000000000014F79
(31.181377) can0 174#F57F0000306B0007
(31.181538) can0 178#0080040531950077
(31.191218) can0 17C#000000001E87002B
(31.191389) can0 290#0030000000000000
(31.191561) can0 12B#0000000000014F79
(31.191684) can0 128#1388030000EC78A2
(31.191830) can0 12E#00000000000000A0
(31.201470) can0 174#FA7F00002A6B0151
(31.201646) can0 178#0680051231950102
(31.201823) can0 17C#00000000138701B3
(31.211697) can0 290#0020000000000000
(31.211865) can0 12B#0000000000014F79
(31.211988) can0 174#F87F0000236B024F
(31.212136) can0 178#08800614339502F0
(31.221940) can0 17C#000000001987029B
(31.222104) can0 290#0020000000000000
(31.222228) can0 12B#0000000000014F79
(31.222335) can0 174#F57F00001D6B0395
(31.222491) can0 178#0880072F34950344
(31.232183) can0 17C#000000002F8703AB
(31.232347) can0 290#0040000000000000
(31.232520) can0 174#F57F00001D6B04C6
(31.242426) can0 178#FA7F08023A95047D
(31.242650) can0 17C#00000000438704A2
(31.242847) can0 450#0000000000000000
(31.242972) can0 174#F87F0000206B0590
(31.252669) can0 178#EA7F090F489505B7
(31.252838) can0 17C#000000004E87053A
(31.253002) can0 290#0030000000000000
(31.262912) can0 12B#0000000000014F79
(31.263035) can0 174#FD7F0000236B060F
(31.263182) can0 178#E17F0A13509506F8
(31.263346) can0 17C#000000005087060C
(31.273164) can0 174#00800000286B07D4
(31.273327) can0 178#E77F0B034F9507E7
(31.273496) can0 17C#0000000043870785
(31.283398) can0 174#008000002D6B08E6
(31.283569) can0 178#FD7F0C084895082A
(31.283733) can0 17C#000000002C8708E8
(31.293654) can0 174#008000002E6B0977
(31.293818) can0 178#11800D2F3F950983
(31.293982) can0 17C#000000001B870957
(31.294146) can0 450#0000000000000000
(31.294270) can0 178#1F800E0737950AC1
(31.303886) can0 17C#0000000019870A73
(31.304058) can0 290#0010000000000000
(31.304222) can0 12B#0000000000014F79
(31.304345) can0 17C#0000000027870B4F
(31.314126) can0 290#0020000000000000
(31.314291) can0 12B#0000000000014F79
(31.314414) can0 290#0010000000000000
(31.314571) can0 12B#0000000000014F79
(31.314694) can0 128#1388030000EC78A2
(31.314805) can0 290#0020000000000000
(31.324369) can0 12B#0000000000014F79
(31.324496) can0 12A#1228012000000000
(31.324603) can0 450#0000000000000000
(31.324712) can0 290#0030000000000000
(31.324866) can0 12B#0000000000014F79
(31.324989) can0 128#1388030000EC78C2
(31.325135) can0 290#0020000000000000
(31.334612) can0 12B#0000000000014F79
(31.334735) can0 174#F87F0000316B006E
(31.334883) can0 290#0030000000000000
(31.335048) can0 12B#0000000000014F79
(31.335171) can0 128#1388030000EC7822
(31.344857) can0 290#0020000000000000
(31.345022) can0 12B#0000000000014F79
(31.345145) can0 174#FA7F0000316B02EE
(31.345292) can0 178#0E8004232C9502F2
(31.355098) can0 290#0020000000000000
(31.355222) can0 12B#0000000000014F79
(31.355329) can0 128#1388030000EC7842
(31.355482) can0 290#0010000000000000
(31.355646) can0 12B#0000000000014F79
(31.355769) can0 174#FA7F0000286B043B
(31.365341) can0 178#0680062236950430
(31.365512) can0 290#0010000000000000
(31.365636) can0 12B#0000000000014F79
(31.365743) can0 128#1388030000EC7862
(31.365897) can0 12E#0000000000000060
(31.375584) can0 290#0010000000000000
(31.375708) can0 12B#0000000000014F79
(31.375816) can0 174#FA7F00001C6B062F
(31.375963) can0 290#0030000000000000
(31.376128) can0 12B#0000000000014F79
(31.376251) can0 128#1388030000EC7882
(31.385867) can0 290#0030000000000000
(31.385999) can0 12B#0000000000014F79
(31.386106) can0 12A#1228012000000000
(31.386213) can0 290#0020000000000000
(31.386366) can0 12B#0000000000014F79
(31.386497) can0 128#1388030000EC78A2
(31.386644) can0 12E#00000000000000A0
(31.386806) can0 12B#0000000000014F79
(31.386929) can0 174#FA7F0000176B0A33
(31.396086) can0 178#008000002B950AD4
(31.396254) can0 17C#0000000026870ADD
(31.396418) can0 12E#00000000000000C0
(31.406313) can0 174#008000001D6B0BE9
(31.406482) can0 178#008000002F950BCF
(31.406646) can0 17C#000000002C870BCF
(31.416557) can0 174#FD7F00002A6B0C5E
(31.416721) can0 178#FD7F00FF2F950C7C
(31.416884) can0 17C#0000000031870C01
(31.426799) can0 12C#0000000000000000
(31.426923) can0 5A0#00692000000000A9
(31.427078) can0 550#0000000000000020
(31.427243) can0 300#0F00000000000000
(31.427367) can0 174#FA7F0000316B0D55
(31.437051) can0 174#F87F0000306B0E47
(31.437214) can0 178#118001202B950E64
(31.437378) can0 17C#0000000018870E88
(31.447285) can0 174#F57F0000276B0F2E
(31.447448) can0 178#1680022233950F7A
(31.447623) can0 17C#0000000018870F95
(31.457535) can0 290#0010000000000000
(31.457699) can0 174#F57F0000236B0093
(31.457871) can0 178#088003263A9500DE
(31.467776) can0 17C#000000002E870003
(31.467940) can0 290#0050000000000000
(31.468112) can0 12B#0000000000014F79
(31.468235) can0 128#1388030000EC7862
(31.478019) can0 174#F57F00002B6B0182
(31.478182) can0 178#F27F042539950136
(31.478346) can0 17C#00000000458701CE
(31.488279) can0 290#0020000000000000
(31.488444) can0 550#0000000000000040
(31.488617) can0 174#FA7F0000386B026D
(31.488781) can0 178#E47F0520379502CB
(31.498504) can0 174#FD7F00003E6B03FB
(31.498667) can0 178#DE7F06213795034B
(31.498832) can0 17C#000000004287037E
(31.508742) can0 174#FA7F00003E6B0426
(31.508913) can0 178#E47F0721379504CC
(31.509100) can0 17C#000000002F8704F8
(31.518985) can0 290#0050000000000000
(31.519150) can0 174#FA7F0000386B053E
(31.519314) can0 178#E77F082036950558
(31.529228) can0 17C#0000000026870566
(31.529393) can0 290#0020000000000000
(31.529565) can0 174#FA7F0000336B0699
(31.539471) can0 178#EF7F092536950614
(31.539639) can0 17C#000000002F8706C2
(31.539803) can0 300#0F00000000000000
(31.539927) can0 174#FA7F0000336B0784
(31.549714) can0 178#F87F0A29379507DD
(31.549878) can0 17C#00000000378707CB
(31.550042) can0 450#0000000000000000
(31.550166) can0 290#0030000000000000
(31.559957) can0 12B#0000000000014F79
(31.560116) can0 174#FA7F0000356B083A
(31.560276) can0 178#068000003A9508AA
(31.560440) can0 17C#00000000348708FC
(31.570200) can0 290#0050000000000000
(31.570369) can0 12B#0000000000014F78
(31.570541) can0 174#F57F0000316B097D
(31.580446) can0 178#0B8001203695097B
(31.580616) can0 17C#000000002C8709F5
(31.580780) can0 290#0030000000000000
(31.580943) can0 174#F57F00002B6B0A4D
(31.590702) can0 178#088000002F950A00
(31.590867) can0 17C#0000000031870A4F
(31.591038) can0 290#0020000000000000
(31.600929) can0 12B#0000000000014F79
(31.601101) can0 128#1388030000EC7842
(31.601272) can0 174#F57F00002A6B0BDF
(31.611172) can0 178#068001202C950BB0
(31.611342) can0 17C#000000003C870BD7
(31.611512) can0 290#0030000000000000
(31.621415) can0 12B#0000000000014F79
(31.621554) can0 174#FA7F00002B6B0C5F
(31.621708) can0 178#008002212F950C9F
(31.621872) can0 17C#0000000042870CC5
(31.631658) can0 450#0000000000000000
(31.631782) can0 174#008000002D6B0D8F
(31.631930) can0 178#FA7F032439950DEE
(31.632094) can0 17C#0000000042870DD8
(31.641901) can0 290#0020000000000000
(31.642066) can0 174#008000002D6B0EA8
(31.642230) can0 178#0080042F3E950EA6
(31.652144) can0 17C#0000000032870EB7
(31.652308) can0 290#0000000000000000
(31.652473) can0 174#FA7F00002D6B0F7D
(31.662387) can0 178#0B8005123E950FC4
(31.662558) can0 17C#0000000016870F9C
(31.662723) can0 290#0020000000000000
(31.672630) can0 174#F27F00002D6B0014
(31.672793) can0 178#168006243C95009B
(31.672957) can0 17C#000000000687003F
(31.682888) can0 290#0030000000000000
(31.683053) can0 12B#0000000000014F78
(31.683217) can0 128#1388030000EC78A2
(31.683380) can0 174#EF7F0000306B01CB
(31.693116) can0 178#1C8007263995012A
(31.693279) can0 17C#000000000A870128
(31.693443) can0 450#0000000000000000
(31.693576) can0 290#0000000000000000
(31.703359) can0 174#EF7F0000306B02EC
(31.703531) can0 178#1980082037950225
(31.703694) can0 17C#0000000018870214
(31.713602) can0 174#F57F00002D6B03BD
(31.713765) can0 178#0B80092533950384
(31.713929) can0 17C#00000000298703AE
(31.723846) can0 178#038000002595049C
(31.724010) can0 17C#000000002C870474
(31.724174) can0 290#0040000000000000
(31.734087) can0 17C#000000001C870541
(31.734252) can0 290#0030000000000000
(31.734416) can0 12B#0000000000014F79
(31.744330) can0 450#0000000000000000
(31.744455) can0 290#0020000000000000
(31.744612) can0 12B#0000000000014F79
(31.744735) can0 128#1388030000EC7842
(31.744882) can0 12E#0000000000000040
(31.754619) can0 290#0020000000000000
(31.754751) can0 12B#0000000000014F79
(31.754863) can0 174#00800000186B0847
(31.755034) can0 290#0030000000000000
(31.755210) can0 12B#0000000000014F79
(31.755333) can0 128#1388030000EC7862
(31.764830) can0 290#0020000000000000
(31.765000) can0 12B#0000000000014F79
(31.765124) can0 174#03800000276B0A34
(31.765272) can0 290#0050000000000000
(31.775062) can0 12B#0000000000014F79
(31.775185) can0 128#1388030000EC7882
(31.775332) can0 12E#0000000000000080
(31.775505) can0 12A#1228012000000000
(31.775628) can0 290#0020000000000000
(31.775775) can0 12B#0000000000014F79
(31.775898) can0 174#00800000356B0C86
(31.785318) can0 290#0000000000000000
(31.785491) can0 12B#0000000000014F79
(31.785614) can0 128#1388030000EC78A2
(31.785761) can0 290#0030000000000000
(31.795547) can0 12B#0000000000014F79
(31.795670) can0 174#F87F00002D6B0EDA
(31.795818) can0 290#0040000000000000
(31.795983) can0 12B#0000000000014F79
(31.796106) can0 128#1388030000EC78C2
(31.805788) can0 290#0030000000000000
(31.805953) can0 12B#0000000000014F79
(31.806076) can0 12A#1228012000000000
(31.806183) can0 550#0000000000000040
(31.806292) can0 290#0020000000000000
(31.806440) can0 12B#0000000000014F79
(31.806572) can0 128#1388030000EC7822
(31.816031) can0 290#0020000000000000
(31.816155) can0 12B#0000000000014F79
(31.816262) can0 174#F57F00002B6B02A5
(31.816410) can0 178#F87F082734950219
(31.816585) can0 17C#00000000318702A7
(31.826274) can0 290#0050000000000000
(31.826439) can0 12B#0000000000014F78
(31.826611) can0 128#1388030000EC7842
(31.836518) can0 12E#0000000000000040
(31.836683) can0 174#F57F00002A6B0337
(31.836849) can0 12B#0000000000014F79
(31.846760) can0 174#FA7F0000276B04BD
(31.846924) can0 178#148001203495041C
(31.847087) can0 17C#00000000238704F2
(31.857003) can0 290#0020000000000000
(31.857168) can0 128#1388030000EC7862
(31.857330) can0 12E#0000000000000060
(31.867246) can0 12A#1228012000000000
(31.867369) can0 174#F87F0000256B063E
(31.867531) can0 178#0B80011236950688
(31.867694) can0 17C#00000000FF860636
(31.877516) can0 290#0020000000000000
(31.877639) can0 174#F57F0000276B07C6
(31.877795) can0 178#0380020F36950793
(31.877966) can0 17C#00000000058707E0
(31.878130) can0 290#0020000000000000
(31.878254) can0 12B#0000000000014F79
(31.878361) can0 174#F57F00002B6B0877
(31.887748) can0 178#06800302379508B6
(31.887912) can0 17C#00000000108708CA
(31.888084) can0 174#F87F0000306B0914
(31.898018) can0 178#0E8004053A950903
(31.898194) can0 17C#00000000188709DB
(31.898358) can0 290#0020000000000000
(31.898490) can0 550#0000000000000080
(31.908218) can0 174#FA7F0000336B0A05
(31.908385) can0 178#118005123C950A7F
(31.908557) can0 174#F57F0000336B0B44
(31.918461) can0 178#118006143E950BB6
(31.918630) can0 17C#000000001F870B6B
(31.918794) can0 290#0030000000000000
(31.928704) can0 174#F57F0000336B0C17
(31.928868) can0 178#1180072F3A950CC0
(31.929031) can0 17C#0000000026870C93
(31.938947) can0 174#F57F0000306B0D86
(31.939110) can0 178#0B80080233950DF6
(31.939274) can0 17C#000000002F870D0D
(31.949189) can0 174#FA7F00002D6B0E60
(31.949353) can0 178#0380090F2B950E32
(31.949525) can0 17C#0000000032870EB7
(31.959432) can0 290#0020000000000000
(31.959603) can0 12B#0000000000014F79
(31.959726) can0 550#00000000000000A0
(31.959876) can0 300#0F00000000000000
(31.960000) can0 174#FA7F00002D6B0F7D
(31.969678) can0 178#FD7F0A1329950FC4
(31.969844) can0 174#FA7F0000386B0057
(31.970007) can0 178#FA7F0B032B9500BD
(31.970176) can0 17C#000000001887002E
(31.979934) can0 290#0000000000000000
(31.980099) can0 12B#0000000000014F78
(31.980263) can0 128#1388030000EC7862
(31.980385) can0 174#F27F0000396B0117
(31.990161) can0 178#03800C082F9501A4
(31.990325) can0 17C#00000000158701B6
(31.990496) can0 290#0020000000000000
(32.000404) can0 12B#0000000000014F79
(32.000574) can0 174#EF7F00002E6B02FD
(32.000735) can0 178#08800D2F349502FA
(32.010647) can0 17C#000000001987029B
(32.010811) can0 290#0010000000000000
(32.010976) can0 12B#0000000000014F79
(32.011098) can0 128#1388030000EC7882
(32.020896) can0 12E#0000000000000080
(32.021068) can0 174#EF7F0000286B03E5
(32.021231) can0 178#06800E072F950316
(32.031139) can0 17C#000000001F870383
(32.031303) can0 290#0020000000000000
(32.031482) can0 174#F57F0000256B04E2
(32.041376) can0 178#03800F0D2B9504A6
(32.041555) can0 17C#00000000278704F4
(32.041728) can0 450#0000000000000000
(32.041852) can0 290#0010000000000000
(32.051624) can0 12B#0000000000014F79
(32.051747) can0 174#F87F0000226B0593
(32.051901) can0 178#0B8000022C9505F7
(32.052094) can0 17C#0000000032870578
(32.061864) can0 290#0000000000000000
(32.062036) can0 12B#0000000000014F79
(32.062158) can0 174#F57F0000226B0652
(32.062306) can0 178#118001083395064E
(32.072119) can0 17C#0000000040870614
(32.072282) can0 290#0040000000000000
(32.072447) can0 12B#0000000000014F79
(32.072575) can0 128#1388030000EC78C2
(32.072757) can0 174#F57F0000256B07C5
(32.082348) can0 178#0E8000003C9507C6
(32.082523) can0 17C#000000004287070A
(32.082687) can0 290#0010000000000000
(32.092591) can0 12B#0000000000014F79
(32.092713) can0 174#F27F0000276B08F3
(32.092865) can0 178#FD7F0128449508C2
(32.093028) can0 17C#0000000037870870
(32.102836) can0 290#0020000000000000
(32.103001) can0 12B#0000000000014F79
(32.103124) can0 128#1388030000EC7822
(32.103270) can0 12E#0000000000000020
(32.113077) can0 300#0F00000000000000
(32.113201) can0 174#EF7F0000256B09B2
(32.113349) can0 178#EF7F02203F950936
(32.113520) can0 174#F27F0000256B0ACA
(32.123320) can0 178#E47F032136950A50
(32.123491) can0 17C#000000002F870A5E
(32.123655) can0 174#F57F00002A6B0BDF
(32.133564) can0 178#E77F042331950B0C
(32.133728) can0 17C#0000000024870BC3
(32.133892) can0 290#0020000000000000
(32.134016) can0 12B#0000000000014F79
(32.134123) can0 174#F57F00002E6B0C8A
(32.143806) can0 178#F27F052333950CBB
(32.143969) can0 17C#000000001C870CB4
(32.144134) can0 174#F27F0000316B0D87
(32.154048) can0 178#FD7F06222F950DCB
(32.154212) can0 17C#0000000026870D8E
(32.154376) can0 178#008007242C950E25
(32.164294) can0 17C#0000000040870EFC
(32.164458) can0 450#0000000000000000
(32.164587) can0 17C#0000000051870F76
(32.164735) can0 290#0020000000000000
(32.164859) can0 12B#0000000000014F79
(32.164966) can0 174#EA7F00002A6B00F5
(32.165112) can0 290#0010000000000000
(32.174552) can0 12B#0000000000014F79
(32.174675) can0 128#1388030000EC78A2
(32.174823) can0 290#0020000000000000
(32.174988) can0 12B#0000000000014F79
(32.175111) can0 174#FA7F00002D6B02FC
(32.184777) can0 178#03800B293395024D
(32.184941) can0 290#0010000000000000
(32.185106) can0 12B#0000000000014F79
(32.185229) can0 128#1388030000EC78C2
(32.195020) can0 450#0000000000000000
(32.195145) can0 290#0030000000000000
(32.195294) can0 12B#0000000000014F79
(32.195417) can0 290#0050000000000000
(32.195573) can0 12B#0000000000014F79
(32.195696) can0 128#1388030000EC7822
(32.205263) can0 290#0030000000000000
(32.205428) can0 12B#0000000000014F79
(32.205557) can0 174#FA7F0000276B0687
(32.205705) can0 290#0050000000000000
(32.215514) can0 12B#0000000000014F79
(32.215637) can0 128#1388030000EC7842
(32.215784) can0 12E#0000000000000040
(32.215948) can0 290#0020000000000000
(32.225749) can0 12B#0000000000014F79
(32.225872) can0 12A#1228012000000000
(32.225979) can0 550#0000000000000080
(32.226129) can0 290#0030000000000000
(32.226329) can0 12B#0000000000014F79
(32.226460) can0 128#1388030000EC7862
(32.235992) can0 12E#0000000000000060
(32.236160) can0 290#0000000000000000
(32.236325) can0 12B#0000000000014F79
(32.236448) can0 174#03800000396B0A25
(32.246235) can0 290#0040000000000000
(32.246400) can0 12B#0000000000014F79
(32.246531) can0 128#1388030000EC7882
(32.246684) can0 12E#0000000000000080
(32.256482) can0 290#0030000000000000
(32.256647) can0 12B#0000000000014F79
(32.256770) can0 174#F87F0000306B0C7D
(32.256918) can0 290#0000000000000000
(32.266735) can0 12B#0000000000014F79
(32.266858) can0 128#1388030000EC78A2
(32.267005) can0 290#0020000000000000
(32.267170) can0 12B#0000000000014F79
(32.267293) can0 174#F57F00002E6B0EB0
(32.267440) can0 128#1388030000EC78C2
(32.276964) can0 12E#00000000000000C0
(32.277128) can0 174#F87F0000256B0FCB
(32.277292) can0 178#0380092531950FC9
(32.287207) can0 174#FD7F00001A6B00EA
(32.287370) can0 178#0B800A292F9500DD
(32.287550) can0 17C#0000000023870086
(32.297450) can0 290#0030000000000000
(32.297627) can0 174#00800000186B01B2
(32.297798) can0 178#0E80000029950119
(32.307693) can0 17C#0000000024870111
(32.307865) can0 550#00000000000000C0
(32.308038) can0 174#00800000206B02B1
(32.317936) can0 178#06800120219502C0
(32.318106) can0 174#00800000286B03A0
(32.318270) can0 178#0380000026950343
(32.328179) can0 17C#00000000358703BC
(32.328353) can0 174#FD7F00002A6B04B6
(32.328535) can0 178#0680012033950495
(32.338422) can0 17C#0000000048870422
(32.338590) can0 174#FA7F00002A6B0525
(32.338753) can0 178#068002213C95052D
(32.348665) can0 17C#000000004B8705B3
(32.348830) can0 290#0010000000000000
(32.348995) can0 174#FA7F00002A6B0602
(32.358910) can0 178#0080032442950621
(32.359080) can0 17C#0000000040870614
(32.359245) can0 290#0030000000000000
(32.359407) can0 550#0000000000000020
(32.369167) can0 300#0F00000000000000
(32.369291) can0 174#F57F0000286B0740
(32.369438) can0 174#F57F0000276B087D
(32.369610) can0 178#EF7F05123A9508E1
(32.379394) can0 17C#00000000388708F6
(32.379566) can0 174#EF7F0000276B09B1
(32.379729) can0 178#F27F062436950911
(32.389636) can0 17C#0000000045870926
(32.389801) can0 174#EF7F0000276B0A96
(32.389964) can0 178#F57F07263C950AFA
(32.399881) can0 17C#000000004B870A08
(32.400046) can0 174#EF7F0000286B0B0D
(32.400209) can0 178#F27F082042950B3D
(32.410122) can0 17C#0000000047870B1F
(32.410287) can0 290#0030000000000000
(32.410410) can0 12B#0000000000014F78
(32.410602) can0 174#F27F0000236B0C81
(32.420365) can0 178#FA7F092544950C00
(32.420541) can0 17C#0000000043870C4A
(32.420705) can0 450#0000000000000000
(32.420830) can0 290#0030000000000000
(32.420938) can0 12B#0000000000014F79
(32.430608) can0 174#F57F0000226B0D9D
(32.430772) can0 178#0680000042950D87
(32.430936) can0 17C#000000003F870D15
(32.440853) can0 290#0030000000000000
(32.440977) can0 174#F87F0000206B0E5F
(32.441133) can0 178#068001253E950E11
(32.441305) can0 17C#0000000038870EB8
(32.451100) can0 290#0010000000000000
(32.451265) can0 12B#0000000000014F79
(32.451396) can0 128#1388030000EC7842
(32.451550) can0 12E#0000000000000040
(32.461351) can0 174#F57F0000206B0FA4
(32.461530) can0 178#0080023939950F1C
(32.461702) can0 17C#000000003A870FA6
(32.461867) can0 290#0020000000000000
(32.471580) can0 174#EF7F0000206B00CE
(32.471744) can0 178#00800321369500F2
(32.471907) can0 17C#000000003C870018
(32.481824) can0 290#0000000000000000
(32.481989) can0 12B#0000000000014F79
(32.482112) can0 300#0F00000000000000
(32.482220) can0 174#EF7F0000226B01D0
(32.482375) can0 178#0380042033950117
(32.492066) can0 17C#0000000026870112
(32.492230) can0 450#0000000000000000
(32.492355) can0 290#0020000000000000
(32.492508) can0 12B#0000000000014F79
(32.492631) can0 174#EF7F0000276B027E
(32.502309) can0 178#088000002F9502E8
(32.502489) can0 17C#000000000387028C
(32.502653) can0 290#0030000000000000
(32.512553) can0 12B#0000000000014F78
(32.512717) can0 174#F57F00002B6B03B8
(32.512881) can0 178#0B8000002E95039D
(32.522795) can0 17C#00000000EF860347
(32.522959) can0 174#FA7F0000336B04A3
(32.523123) can0 178#0B800122349504DE
(32.533038) can0 17C#00000000FA860485
(32.533202) can0 174#F87F00003C6B0582
(32.533365) can0 178#038002203C950584
(32.543281) can0 17C#00000000118705C4
(32.543445) can0 174#EF7F00003C6B0692
(32.543616) can0 178#F57F03323F950634
(32.553528) can0 17C#000000001E870665
(32.553692) can0 174#EC7F0000356B07EB
(32.553861) can0 178#EC7F0420489507D4
(32.554030) can0 17C#00000000218707D6
(32.563783) can0 290#0030000000000000
(32.563907) can0 178#F57F052348950889
(32.564061) can0 17C#000000001C8708C0
(32.564225) can0 290#0010000000000000
(32.574010) can0 12B#0000000000014F79
(32.574174) can0 128#1388030000EC7822
(32.574336) can0 12E#0000000000000020
(32.584253) can0 174#EF7F0000336B09AF
(32.584416) can0 17C#000000001C8709DD
(32.584585) can0 290#0010000000000000
(32.584709) can0 12B#0000000000014F79
(32.584852) can0 290#0020000000000000
(32.594500) can0 12B#0000000000014F78
(32.594668) can0 128#1388030000EC7842
(32.594831) can0 12E#0000000000000040
(32.604738) can0 450#0000000000000000
(32.604863) can0 290#0030000000000000
(32.605012) can0 12B#0000000000014F79
(32.605176) can0 290#0040000000000000
(32.614981) can0 12B#0000000000014F79
(32.615105) can0 128#1388030000EC7862
(32.615252) can0 290#0030000000000000
(32.615416) can0 12B#0000000000014F79
(32.615544) can0 174#FD7F0000206B0E6B
(32.625224) can0 290#0030000000000000
(32.625348) can0 12B#0000000000014F79
(32.625456) can0 128#1388030000EC7882
(32.625611) can0 290#0030000000000000
(32.625735) can0 12B#0000000000014F79
(32.625847) can0 12A#1228012000000000
(32.625960) can0 290#0010000000000000
(32.626116) can0 12B#0000000000014F79
(32.626239) can0 128#1388030000EC78A2
(32.635467) can0 12E#00000000000000A0
(32.635640) can0 174#F87F0000206B01E4
(32.635803) can0 290#0000000000000000
(32.645710) can0 12B#0000000000014F79
(32.645834) can0 174#FD7F00002A6B02F8
(32.645982) can0 178#0080040523950256
(32.646146) can0 290#0050000000000000
(32.655967) can0 12B#0000000000014F79
(32.656090) can0 128#1388030000EC78C2
(32.656237) can0 12E#00000000000000C0
(32.656401) can0 290#0040000000000000
(32.656574) can0 12B#0000000000014F79
(32.656697) can0 174#F27F00002D6B0460
(32.666196) can0 290#0030000000000000
(32.666361) can0 12B#0000000000013F79
(32.666533) can0 128#1388030000EC7822
(32.676439) can0 290#0020000000000000
(32.676612) can0 12B#0000000000014F79
(32.676776) can0 174#F27F0000316B0648
(32.686682) can0 178#088008023C950658
(32.686849) can0 290#0000000000000000
(32.687014) can0 12B#0000000000014F79
(32.687137) can0 128#1388030000EC7842
(32.696925) can0 12B#0000000000014F79
(32.697048) can0 174#F57F00002D6B0872
(32.697196) can0 178#11800A133995082D
(32.697359) can0 128#1388030000EC7862
(32.707168) can0 12E#0000000000000060
(32.707332) can0 174#F27F0000286B0968
(32.707509) can0 178#16800B0334950974
(32.717411) can0 550#0000000000000040
(32.717589) can0 174#EC7F0000206B0AFB
(32.717761) can0 178#19800C0833950AA8
(32.727654) can0 17C#000000005B870A10
(32.727826) can0 12E#0000000000000080
(32.727998) can0 174#EA7F0000206B0B35
(32.737898) can0 178#19800D2F36950BE8
(32.738068) can0 17C#0000000058870B81
(32.738232) can0 174#EC7F0000256B0C3C
(32.748143) can0 178#14800E0739950CB3
(32.748306) can0 17C#0000000048870CCA
(32.748470) can0 290#0030000000000000
(32.748684) can0 12B#0000000000014F79
(32.748816) can0 174#EF7F0000286B0D43
(32.758399) can0 178#0B800F0D41950DDE
(32.758574) can0 17C#000000003C870D99
(32.758738) can0 174#F57F0000276B0E33
(32.768626) can0 178#0680000242950E87
(32.768790) can0 17C#000000003C870EBE
(32.768954) can0 290#0020000000000000
(32.778871) can0 550#0000000000000060
(32.779036) can0 300#0F00000000000000
(32.779161) can0 174#F57F0000276B0F2E
(32.779308) can0 178#0380010839950FB7
(32.789112) can0 174#F57F00002E6B0016
(32.789275) can0 178#0B80000031950024
(32.789439) can0 17C#000000004A870055
(32.799355) can0 290#0010000000000000
(32.799528) can0 174#F87F00002D6B0161
(32.799691) can0 178#0E8001283695013B
(32.809598) can0 17C#000000004A870148
(32.809762) can0 174#FA7F0000236B02F5
(32.809925) can0 178#0E8002203E950232
(32.819845) can0 17C#00000000478702EA
(32.820009) can0 290#0020000000000000
(32.820174) can0 12B#0000000000014F79
(32.820297) can0 174#FA7F0000206B0364
(32.830083) can0 178#08800321459503C3
(32.830247) can0 17C#00000000378703BF
(32.830411) can0 174#FA7F0000236B04BB
(32.840326) can0 178#0380042344950406
(32.840496) can0 17C#000000001B8704D6
(32.840661) can0 174#FA7F0000276B05A0
(32.850584) can0 178#03800523399505BC
(32.850748) can0 17C#000000000D8705D6
(32.850913) can0 290#0030000000000000
(32.851085) can0 12B#0000000000014F79
(32.851208) can0 174#FA7F00002E6B0604
(32.860815) can0 178#0B8006222F950677
(32.860978) can0 17C#00000000138706E0
(32.861142) can0 290#0030000000000000
(32.861279) can0 12B#0000000000014F79
(32.861391) can0 128#1388030000EC7882
(32.871055) can0 12E#0000000000000080
(32.871187) can0 174#03800000306B0727
(32.871335) can0 178#0E8007243195074C
(32.871512) can0 17C#00000000238707D5
(32.881304) can0 290#0010000000000000
(32.881468) can0 174#08800000276B083B
(32.881644) can0 178#0680082336950827
(32.891543) can0 17C#000000002A8708ED
(32.891707) can0 290#0010000000000000
(32.891831) can0 12B#0000000000014F79
(32.891939) can0 128#1388030000EC78A2
(32.892086) can0 300#0F00000000000000
(32.892210) can0 174#03800000206B0999
(32.901784) can0 178#F87F0920399509CD
(32.901956) can0 17C#000000002987097C
(32.902120) can0 174#F57F00001C6B0AEF
(32.912027) can0 178#F87F0A213F950ACC
(32.912190) can0 17C#0000000037870A4A
(32.912355) can0 290#0020000000000000
(32.922270) can0 174#EF7F0000226B0B02
(32.922434) can0 178#00800B2945950B12
(32.922602) can0 17C#0000000053870B01
(32.932514) can0 290#0000000000000000
(32.932715) can0 12B#0000000000014F79
(32.932847) can0 174#EA7F0000286B0C6A
(32.933005) can0 178#0E80000047950CC1
(32.942759) can0 17C#0000000064870CF0
(32.942927) can0 290#0040000000000000
(32.943092) can0 12B#0000000000014F79
(32.943215) can0 174#EC7F00002B6B0D28
(32.943361) can0 178#0880000044950D83
(32.953015) can0 17C#000000005C870DC9
(32.953179) can0 290#0050000000000000
(32.953344) can0 174#EF7F0000276B0EE2
(32.963242) can0 178#F87F00FF3F950E6A
(32.963405) can0 17C#000000004A870EF3
(32.963577) can0 450#0000000000000000
(32.963702) can0 174#EF7F0000256B0FFC
(32.973493) can0 178#F57F00003F950F37
(32.973656) can0 17C#0000000032870FAA
(32.973822) can0 290#0010000000000000
(32.983728) can0 12B#0000000000014F79
(32.983851) can0 174#FA7F0000256B00CA
(32.983999) can0 178#FD7F01203C9500F2
(32.984162) can0 17C#000000001F8700A4
(32.993971) can0 290#0050000000000000
(32.994135) can0 174#00800000256B011F
(32.994299) can0 178#038002223995015E
(33.004214) can0 17C#000000001F8701B9
(33.004377) can0 174#FA7F0000236B02F5
(33.004546) can0 178#00800326339502B5
(33.014457) can0 17C#000000002E870239
(33.014633) can0 178#F87F04253395036B
(33.014796) can0 17C#000000003D8703B0
(33.024700) can0 450#0000000000000000
(33.024824) can0 17C#000000004087042E
(33.024972) can0 290#0030000000000000
(33.025136) can0 12B#0000000000014F79
(33.025258) can0 290#0030000000000000
(33.025366) can0 12B#0000000000014F79
(33.025473) can0 174#FA7F0000366B0610
(33.034943) can0 290#0010000000000000
(33.035107) can0 12B#0000000000014F79
(33.035229) can0 128#1388030000EC78C2
(33.035376) can0 290#0010000000000000
(33.035507) can0 12B#0000000000014F79
(33.035614) can0 12A#1228012000000000
(33.035720) can0 450#0000000000000000
(33.035828) can0 290#0030000000000000
(33.045199) can0 12B#0000000000014F78
(33.045362) can0 128#1388030000EC7822
(33.045533) can0 290#0030000000000000
(33.045656) can0 12B#0000000000014F79
(33.045804) can0 174#F27F00001C6B0A61
(33.055428) can0 178#1C80000025950ADF
(33.055598) can0 290#0010000000000000
(33.055762) can0 12B#0000000000014F79
(33.055885) can0 128#1388030000EC7842
(33.065671) can0 290#0010000000000000
(33.065799) can0 12B#0000000000014F79
(33.065919) can0 174#F57F0000396B0C18
(33.066078) can0 290#0010000000000000
(33.066201) can0 12B#0000000000014F79
(33.066308) can0 128#1388030000EC7862
(33.066455) can0 290#0020000000000000
(33.075914) can0 12B#0000000000014F79
(33.076037) can0 174#F57F0000336B0E2D
(33.076220) can0 178#168002212F950ECF
(33.076395) can0 290#0020000000000000
(33.076527) can0 12B#0000000000014F79
(33.076633) can0 128#1388030000EC7882
(33.086157) can0 12E#0000000000000080
(33.086284) can0 174#F87F00002B6B0FC2
(33.086432) can0 290#0030000000000000
(33.086603) can0 12B#0000000000014F79
(33.086725) can0 174#F87F0000286B00F5
(33.096400) can0 290#0000000000000000
(33.096573) can0 12B#0000000000014F79
(33.096695) can0 128#1388030000EC78A2
(33.096844) can0 12E#00000000000000A0
(33.106643) can0 12B#0000000000014F79
(33.106773) can0 12A#1228012000000000
(33.106880) can0 550#0000000000000080
(33.107029) can0 174#EC7F0000226B0210
(33.107193) can0 12B#0000000000014F79
(33.107316) can0 128#1388030000EC78C2
(33.116888) can0 12E#00000000000000C0
(33.117053) can0 174#EF7F00001F6B0347
(33.117216) can0 174#F87F00001F6B0423
(33.127129) can0 178#1F80082042950479
(33.127292) can0 17C#00000000298704FD
(33.127456) can0 174#FA7F0000236B05A6
(33.137375) can0 178#1480092539950520
(33.137552) can0 17C#000000002F8705E5
(33.137723) can0 290#0020000000000000
(33.137887) can0 12B#0000000000014F79
(33.138018) can0 174#FA7F0000236B0681
(33.147631) can0 178#0B800000349506E3
(33.147803) can0 17C#00000000218706CB
(33.147976) can0 290#0030000000000000
(33.157860) can0 12B#0000000000014F79
(33.157991) can0 5A0#0069200000000089
(33.158140) can0 550#00000000000000A0
(33.158305) can0 300#0F00000000000000
(33.158429) can0 174#FA7F00001A6B088C
(33.168101) can0 178#F87F023937950834
(33.168264) can0 17C#00000000068708D7
(33.168429) can0 174#FA7F00001A6B0991
(33.178344) can0 178#F57F03213C95099C
(33.178512) can0 17C#000000000E8709C6
(33.178676) can0 174#FA7F0000206B0A91
(33.188587) can0 178#FD7F04203F950A73
(33.188750) can0 17C#0000000026870ADD
(33.188914) can0 174#F87F0000206B0B36
(33.198831) can0 178#0E8000003C950B5A
(33.198995) can0 17C#0000000032870BDE
(33.199159) can0 550#00000000000000C0
(33.209073) can0 174#EF7F0000226B0C51
(33.209236) can0 178#1480000039950C51
(33.209407) can0 17C#0000000031870C01
(33.219316) can0 174#EC7F00002A6B0DA7
(33.219487) can0 178#0E8001223C950D13
(33.219651) can0 17C#000000002A870D84
(33.229560) can0 290#0020000000000000
(33.229725) can0 174#EF7F0000306B0E70
(33.229889) can0 178#0380022039950EC2
(33.239821) can0 17C#000000001F870E02
(33.239985) can0 174#F57F0000306B0FBC
(33.240149) can0 178#038003322C950F26
(33.240312) can0 17C#0000000016870F9C
(33.250044) can0 290#0020000000000000
(33.250204) can0 12B#0000000000014F79
(33.250319) can0 174#FA7F00002D6B00C6
(33.250471) can0 178#0680042029950029
(33.250639) can0 17C#00000000138700AE
(33.260287) can0 300#0F00000000000000
(33.260416) can0 174#FA7F00002B6B01DE
(33.260571) can0 178#068005232C95016D
(33.260735) can0 17C#000000001F8701B9
(33.270532) can0 174#F57F00002D6B02A0
(33.270695) can0 178#068006322F9502C0
(33.270863) can0 17C#000000002E870239
(33.280773) can0 290#0010000000000000
(33.280938) can0 12B#0000000000014F79
(33.281069) can0 174#EF7F0000366B03F4
(33.281217) can0 178#00800721339503E9
(33.291016) can0 17C#0000000034870333
(33.291187) can0 290#0010000000000000
(33.291311) can0 12B#0000000000014F79
(33.291425) can0 174#EF7F00003B6B0422
(33.291578) can0 178#06800827369504F5
(33.301265) can0 17C#000000003C87046C
(33.301429) can0 290#0030000000000000
(33.301607) can0 12B#0000000000014F79
(33.301738) can0 128#1388030000EC7862
(33.311516) can0 12E#0000000000000060
(33.311680) can0 174#EF7F0000366B05BA
(33.311846) can0 178#1180000036950516
(33.321750) can0 17C#00000000518705A4
(33.321915) can0 290#0040000000000000
(33.322079) can0 174#EF7F00002B6B0600
(33.331991) can0 178#1C8001203195067D
(33.332154) can0 17C#000000006A87062B
(33.332319) can0 450#0000000000000000
(33.332443) can0 290#0030000000000000
(33.332597) can0 12B#0000000000014F79
(33.332720) can0 174#F27F0000226B07C1
(33.342247) can0 178#228000002F950786
(33.342411) can0 17C#0000000074870727
(33.342579) can0 174#F57F00001F6B0859
(33.352482) can0 178#2280011233950847
(33.352645) can0 17C#0000000069870801
(33.352810) can0 174#F57F0000256B0963
(33.362717) can0 178#1980020F3395096D
(33.362881) can0 17C#000000004B87092F
(33.363045) can0 290#0030000000000000
(33.363169) can0 174#F57F00002D6B0A48
(33.372960) can0 178#1680030234950AB9
(33.373123) can0 17C#0000000032870AC3
(33.373288) can0 290#0000000000000000
(33.383203) can0 174#F57F0000336B0B44
(33.383366) can0 178#1180040533950B5F
(33.383538) can0 17C#0000000032870BDE
(33.393446) can0 174#F57F0000336B0C17
(33.393616) can0 178#088005122E950C1C
(33.393779) can0 17C#000000003C870C84
(33.403689) can0 178#088006142E950DD6
(33.403859) can0 17C#0000000035870D1A
(33.404030) can0 290#0030000000000000
(33.413932) can0 17C#0000000024870EAA
(33.414096) can0 290#0020000000000000
(33.414261) can0 12B#0000000000014F79
(33.414384) can0 290#0000000000000000
(33.424175) can0 12B#0000000000014F79
(33.424298) can0 12A#1228012000000000
(33.424440) can0 550#0000000000000080
(33.424610) can0 174#F57F0000226B001C
(33.424773) can0 450#0000000000000000
(33.424898) can0 290#0010000000000000
(33.434431) can0 12B#0000000000014F79
(33.434571) can0 290#0010000000000000
(33.434681) can0 12B#0000000000014F79
(33.434788) can0 174#F27F0000236B0227
(33.434936) can0 290#0020000000000000
(33.435101) can0 12B#0000000000014F79
(33.435224) can0 128#1388030000EC7882
(33.435371) can0 12E#0000000000000080
(33.444661) can0 290#0010000000000000
(33.444831) can0 12B#0000000000014F79
(33.444954) can0 174#EA7F0000276B0404
(33.445102) can0 290#0030000000000000
(33.454904) can0 12B#0000000000014F79
(33.455027) can0 128#1388030000EC78A2
(33.455174) can0 290#0020000000000000
(33.455339) can0 12B#0000000000014F79
(33.455462) can0 174#FA7F0000276B0687
(33.465147) can0 290#0030000000000000
(33.465311) can0 12B#0000000000014F79
(33.465434) can0 128#1388030000EC78C2
(33.465589) can0 12E#00000000000000C0
(33.475389) can0 290#0000000000000000
(33.475562) can0 12B#0000000000014F79
(33.475685) can0 174#03800000286B0888
(33.475834) can0 290#0030000000000000
(33.485632) can0 12B#0000000000014F79
(33.485756) can0 128#1388030000EC7822
(33.485902) can0 290#0020000000000000
(33.486074) can0 12B#0000000000014F79
(33.486197) can0 12A#1228012000000000
(33.486304) can0 550#00000000000000C0
(33.495877) can0 174#00800000256B0AD0
(33.496041) can0 290#0030000000000000
(33.496205) can0 12B#0000000000014F79
(33.496328) can0 128#1388030000EC7842
(33.506118) can0 12E#0000000000000040
(33.506283) can0 174#F87F0000236B0BBA
(33.506446) can0 290#0030000000000000
(33.506576) can0 12B#0000000000014F79
(33.506683) can0 174#EC7F0000226B0CB6
(33.516361) can0 178#0B8003213A950C51
(33.516533) can0 128#1388030000EC7862
(33.516696) can0 12E#0000000000000060
(33.526607) can0 174#E77F00001F6B0D33
(33.526770) can0 174#EA7F00001D6B0EF1
(33.526934) can0 178#198005233C950E2B
(33.527096) can0 17C#000000002C870EA6
(33.536865) can0 290#0000000000000000
(33.537030) can0 12B#0000000000014F79
(33.537153) can0 128#1388030000EC7882
(33.537300) can0 12A#1228012000000000
(33.537423) can0 12C#0000000000000000
(33.537544) can0 5A0#0069200000000049
(33.547090) can0 174#F57F0000256B0096
(33.547254) can0 178#1980072439950024
(33.547424) can0 17C#00000000478700D0
(33.557333) can0 174#FD7F00002E6B01D9
(33.557509) can0 178#068008232F950149
(33.557673) can0 17C#000000004E87014E
(33.567579) can0 174#00800000336B0225
(33.567787) can0 178#EF7F09202C9502A4
(33.567976) can0 17C#0000000040870260
(33.577823) can0 290#0020000000000000
(33.577994) can0 174#00800000316B033B
(33.578158) can0 178#E77F0A212E95034B
(33.588062) can0 17C#000000002C870327
(33.588226) can0 290#0000000000000000
(33.588391) can0 12B#0000000000014F79
(33.588523) can0 550#0000000000000040
(33.598305) can0 174#00800000286B04F3
(33.598469) can0 178#EC7F0B292E9504DB
(33.598639) can0 174#00800000206B05E2
(33.608549) can0 178#F87F00002995051E
(33.608713) can0 17C#000000003487057D
(33.608878) can0 290#0030000000000000
(33.618791) can0 174#FA7F00001C6B062F
(33.618954) can0 178#088000002F95069C
(33.619118) can0 17C#000000004D870691
(33.629047) can0 174#FA7F00001D6B07BD
(33.629211) can0 178#0E8000FF419507AD
(33.629374) can0 17C#0000000060870739
(33.629546) can0 290#0030000000000000
(33.629675) can0 174#FA7F0000276B0821
(33.639277) can0 178#0B8000004C950801
(33.639441) can0 17C#000000005E8708A3
(33.639613) can0 300#0F00000000000000
(33.639737) can0 174#008000002D6B09FB
(33.649521) can0 178#068001204C9509DA
(33.649685) can0 174#008000002B6B0AD9
(33.649851) can0 178#038002223E950A1B
(33.659763) can0 17C#000000002F870A5E
(33.659927) can0 174#008000002A6B0B4B
(33.660091) can0 178#008003262F950B52
(33.670006) can0 17C#000000001B870B6D
(33.670170) can0 290#0010000000000000
(33.670334) can0 12B#0000000000014F79
(33.670458) can0 174#FD7F0000276B0CDB
(33.680249) can0 178#0680042526950CE0
(33.680412) can0 17C#0000000019870C3D
(33.680584) can0 290#0000000000000000
(33.690499) can0 12B#0000000000014F79
(33.690623) can0 128#1388030000EC78A2
(33.690770) can0 12E#00000000000000A0
(33.690934) can0 174#FA7F0000286B0DCE
(33.700734) can0 178#0B80052028950DAB
(33.700898) can0 17C#0000000027870D01
(33.701070) can0 290#0000000000000000
(33.701195) can0 12B#0000000000014F79
(33.701309) can0 12A#1228012000000000
(33.701416) can0 550#0000000000000080
(33.710978) can0 174#F57F0000276B0E33
(33.711141) can0 178#148006212F950EC0
(33.711304) can0 17C#0000000034870EB2
(33.721223) can0 450#0000000000000000
(33.721354) can0 290#0030000000000000
(33.721517) can0 174#F57F0000236B0F28
(33.721681) can0 178#118007213A950F12
(33.721857) can0 17C#0000000034870FAF
(33.731488) can0 290#0050000000000000
(33.731652) can0 12B#0000000000014F79
(33.731775) can0 174#FA7F0000206B0043
(33.731923) can0 178#008008203A9500AC
(33.741714) can0 17C#0000000027870080
(33.741878) can0 290#0020000000000000
(33.742079) can0 12B#0000000000014F79
(33.742210) can0 128#1388030000EC7822
(33.751949) can0 12E#0000000000000020
(33.752117) can0 174#FA7F00001D6B01F3
(33.752281) can0 178#F57F092536950196
(33.762192) can0 17C#00000000198701BC
(33.762356) can0 290#0040000000000000
(33.762530) can0 12B#0000000000014F79
(33.762653) can0 174#F87F0000206B02C3
(33.772435) can0 178#EA7F0A29299502A6
(33.772607) can0 17C#000000001B870298
(33.772771) can0 290#0040000000000000
(33.772895) can0 12B#0000000000013F79
(33.782678) can0 300#0F00000000000000
(33.782803) can0 174#F57F0000226B033B
(33.782950) can0 178#F27F0000209503BB
(33.783114) can0 17C#000000001F870383
(33.792921) can0 450#0000000000000000
(33.793046) can0 290#0000000000000000
(33.793195) can0 174#F57F00001D6B04C6
(33.793358) can0 178#03800120219504BA
(33.803164) can0 17C#000000002687047B
(33.803328) can0 174#F87F00001C6B05B2
(33.803496) can0 178#148000002B9505BF
(33.813407) can0 17C#00000000298705E0
(33.813578) can0 174#FA7F0000226B060E
(33.813742) can0 178#1480012036950625
(33.823663) can0 17C#000000002F8706C2
(33.823830) can0 290#0010000000000000
(33.823995) can0 12B#0000000000014F79
(33.824159) can0 178#0B80022137950771
(33.833894) can0 17C#000000003887074D
(33.834058) can0 290#0030000000000000
(33.834223) can0 17C#0000000035870873
(33.844136) can0 450#0000000000000000
(33.844260) can0 290#0040000000000000
(33.844409) can0 12B#0000000000014F79
(33.844538) can0 128#1388030000EC78A2
(33.844684) can0 290#0030000000000000
(33.854379) can0 12B#0000000000014F79
(33.854514) can0 174#F57F0000316B0A5A
(33.854664) can0 290#0030000000000000
(33.854812) can0 12B#0000000000013F79
(33.854961) can0 128#1388030000EC78C2
(33.864622) can0 290#0000000000000000
(33.864787) can0 12B#0000000000014F79
(33.864956) can0 174#F57F0000186B0CA7
(33.874866) can0 290#0030000000000000
(33.875031) can0 12B#0000000000014F79
(33.875154) can0 128#1388030000EC7822
(33.875301) can0 290#0030000000000000
(33.875424) can0 12B#0000000000014F79
(33.875537) can0 174#F57F0000226B0EBA
(33.885108) can0 290#0010000000000000
(33.885272) can0 12B#0000000000014F79
(33.885395) can0 128#1388030000EC7842
(33.885550) can0 290#0040000000000000
(33.895351) can0 12B#0000000000014F79
(33.895481) can0 174#F57F0000276B0095
(33.895629) can0 290#0020000000000000
(33.895793) can0 12B#0000000000014F79
(33.895916) can0 128#1388030000EC7862
(33.905594) can0 12E#0000000000000060
(33.905758) can0 290#0020000000000000
(33.905928) can0 12B#0000000000014F79
(33.906043) can0 12A#1228012000000000
(33.906150) can0 550#0000000000000040
(33.906307) can0 174#FA7F00001F6B02D7
(33.915842) can0 290#0040000000000000
(33.916011) can0 12B#0000000000013F79
(33.916175) can0 128#1388030000EC7882
(33.916336) can0 12E#0000000000000080
(33.926095) can0 290#0020000000000000
(33.926260) can0 12B#0000000000014F79
(33.926431) can0 174#FD7F0000226B04BA
(33.936322) can0 290#0020000000000000
(33.936446) can0 12B#0000000000014F79
(33.936561) can0 128#1388030000EC78A2
(33.936708) can0 12E#00000000000000A0
(33.936873) can0 290#0020000000000000
(33.936997) can0 12B#0000000000014F79
(33.937104) can0 174#FA7F00002B6B068D
(33.946567) can0 178#0080012241950610
(33.946730) can0 17C#00000000358706D5
(33.946895) can0 128#1388030000EC78C2
(33.956809) can0 12E#00000000000000C0
(33.956973) can0 12A#1228012000000000
(33.957096) can0 12C#0000000000000000
(33.957203) can0 174#FA7F0000256B0822
(33.957351) can0 178#FD7F03322F950858
(33.967051) can0 17C#00000000428708B1
(33.967215) can0 174#FA7F0000286B09BA
(33.967379) can0 178#068004202C950955
(33.977294) can0 17C#00000000428709AC
(33.977458) can0 174#FA7F00002A6B0A9E
(33.977634) can0 178#1180052333950A0B
(33.987544) can0 17C#000000003F870A46
(33.987715) can0 290#0020000000000000
(33.987839) can0 12B#0000000000013F79
(33.987996) can0 128#1388030000EC7842
(33.997785) can0 174#FA7F00002E6B0B85
(33.997964) can0 178#1C80063237950BF0
(33.998127) can0 17C#000000003F870B5B
(34.008028) can0 550#0000000000000080
(34.008192) can0 174#FA7F00002B6B0C5F
(34.008354) can0 178#1C80072139950C5F
(34.018280) can0 174#EF7F0000206B0D4F
(34.018442) can0 178#198008273A950DEF
(34.018613) can0 17C#0000000038870D9F
(34.018777) can0 290#0020000000000000
(34.018900) can0 174#EA7F00001A6B0E7B
(34.028516) can0 178#1C8000003C950E30
(34.028679) can0 17C#000000002C870EA6
(34.028845) can0 174#E47F00001A6B0F67
(34.038752) can0 178#1C8001203E950F0E
(34.038915) can0 17C#0000000027870F3B
(34.039079) can0 174#E77F00001A6B003B
(34.048995) can0 178#1680000041950033
(34.049158) can0 17C#000000002F87008C
(34.049321) can0 550#00000000000000A0
(34.059238) can0 300#0F00000000000000
(34.059362) can0 174#EA7F00001C6B01C5
(34.059517) can0 174#EF7F0000206B02F4
(34.059680) can0 178#0680020F42950280
(34.069489) can0 17C#0000000026870235
(34.069652) can0 290#0040000000000000
(34.069817) can0 174#FA7F0000236B03E8
(34.079724) can0 178#038003023E9503CE
(34.079930) can0 17C#00000000238703A1
(34.080106) can0 290#0020000000000000
(34.089967) can0 12B#0000000000014F79
(34.090134) can0 174#00800000276B0475
(34.090297) can0 178#FD7F040539950449
(34.100210) can0 17C#00000000318704E9
(34.100374) can0 290#0010000000000000
(34.100542) can0 12B#0000000000014F79
(34.100665) can0 128#1388030000EC7822
(34.110455) can0 12E#0000000000000020
(34.110627) can0 174#FA7F00002D6B05AF
(34.110790) can0 178#008005123A950525
(34.110952) can0 17C#0000000042870530
(34.120712) can0 290#0040000000000000
(34.120877) can0 12B#0000000000014F79
(34.121008) can0 12A#1228012000000000
(34.121114) can0 174#F27F00002A6B06D0
(34.121270) can0 178#008006143F95065C
(34.130938) can0 17C#000000004B870694
(34.131110) can0 450#0000000000000000
(34.131235) can0 290#0050000000000000
(34.131390) can0 174#EF7F0000206B079D
(34.141181) can0 178#FD7F072F41950765
(34.141352) can0 17C#0000000055870798
(34.141532) can0 290#0010000000000000
(34.151424) can0 174#F57F00001A6B08D0
(34.151604) can0 178#FD7F08023F9508E6
(34.151774) can0 17C#000000004E8708BB
(34.161673) can0 290#0010000000000000
(34.161797) can0 174#F57F0000186B09CE
(34.161951) can0 178#FD7F090F3E950951
(34.162114) can0 17C#000000003587096E
(34.171910) can0 290#0010000000000000
(34.172034) can0 12B#0000000000014F79
(34.172141) can0 174#F57F00001A6B0AEA
(34.172289) can0 178#FA7F0A133E950AB1
(34.172452) can0 17C#0000000021870A57
(34.182153) can0 290#0040000000000000
(34.182318) can0 12B#0000000000013F79
(34.182489) can0 300#0F00000000000000
(34.182614) can0 174#F57F0000206B0BD0
(34.192396) can0 178#00800B033F950BA4
(34.192568) can0 17C#0000000019870B6E
(34.192732) can0 450#0000000000000000
(34.192856) can0 174#F57F00002A6B0C8C
(34.202639) can0 178#06800C0842950CC4
(34.202803) can0 17C#000000001C870CB4
(34.202967) can0 174#F57F0000306B0D86
(34.212897) can0 178#03800D2F3F950DF4
(34.213061) can0 17C#0000000024870D8D
(34.213225) can0 290#0020000000000000
(34.213389) can0 174#FA7F00002D6B0E60
(34.223125) can0 178#F87F0E0736950EAD
(34.223289) can0 17C#0000000021870E23
(34.223453) can0 290#0040000000000000
(34.233368) can0 12B#0000000000014F79
(34.233540) can0 128#1388030000EC78C2
(34.233703) can0 174#FA7F0000256B0F71
(34.243611) can0 178#F57F0F0D2C950F90
(34.243774) can0 17C#000000001C870F93
(34.243938) can0 174#FA7F0000206B0043
(34.253856) can0 178#F87F000229950050
(34.254028) can0 17C#0000000027870080
(34.254192) can0 178#FD7F01082E950122
(34.264133) can0 17C#0000000038870103
(34.264309) can0 290#0030000000000000
(34.264481) can0 17C#0000000042870263
(34.274340) can0 290#0040000000000000
(34.274516) can0 12B#0000000000013F79
(34.274680) can0 290#0020000000000000
(34.284583) can0 12B#0000000000014F79
(34.284746) can0 174#FA7F0000236B04BB
(34.284910) can0 178#0880022041950461
(34.294826) can0 290#0040000000000000
(34.294991) can0 12B#0000000000014F79
(34.295114) can0 128#1388030000EC7862
(34.295261) can0 450#0000000000000000
(34.295385) can0 290#0030000000000000
(34.305071) can0 12B#0000000000014F79
(34.305194) can0 290#0010000000000000
(34.305343) can0 12B#0000000000014F79
(34.305466) can0 128#1388030000EC7882
(34.305625) can0 290#0030000000000000
(34.305788) can0 12B#0000000000014F79
(34.305911) can0 174#FA7F00001C6B0889
(34.315328) can0 178#088006222E9508B9
(34.315496) can0 17C#000000003C8708F0
(34.315660) can0 290#0050000000000000
(34.325556) can0 12B#0000000000014F79
(34.325679) can0 128#1388030000EC78A2
(34.325831) can0 12E#00000000000000A0
(34.325995) can0 290#0010000000000000
(34.335798) can0 12B#0000000000014F79
(34.335921) can0 12A#1228012000000000
(34.336027) can0 290#0030000000000000
(34.336176) can0 12B#0000000000013F79
(34.336340) can0 128#1388030000EC78C2
(34.346041) can0 290#0040000000000000
(34.346205) can0 12B#0000000000014F79
(34.346369) can0 174#008000002A6B0C18
(34.356283) can0 178#F27F0A2131950CE3
(34.356447) can0 290#0020000000000000
(34.356617) can0 12B#0000000000014F79
(34.356740) can0 128#1388030000EC7822
(34.366528) can0 290#0020000000000000
(34.366652) can0 12B#0000000000014F79
(34.366759) can0 174#F57F0000276B0E33
(34.366906) can0 178#0E8000002E950E28
(34.367070) can0 290#0040000000000000
(34.376769) can0 12B#0000000000014F79
(34.376892) can0 128#1388030000EC7842
(34.377039) can0 12E#0000000000000040
(34.377203) can0 12A#1228012000000000
(34.377326) can0 12C#0000000000000000
(34.377434) can0 290#0020000000000000
(34.387012) can0 12B#0000000000014F79
(34.387135) can0 174#EC7F00001A6B000E
(34.387283) can0 12B#0000000000013F79
(34.387447) can0 128#1388030000EC7862
(34.397255) can0 12E#0000000000000060
(34.397419) can0 174#EA7F0000206B01E7
(34.397596) can0 178#0B8000003A9501B9
(34.407519) can0 174#EF7F00002D6B0271
(34.407682) can0 178#0B80012039950232
(34.407858) can0 17C#000000001C870212
(34.408030) can0 290#0020000000000000
(34.408154) can0 174#F57F0000366B0325
(34.417746) can0 178#0B8002223A95033A
(34.417958) can0 17C#000000001587038C
(34.418138) can0 290#0030000000000000
(34.427990) can0 550#00000000000000C0
(34.428155) can0 174#F57F00003C6B0479
(34.428319) can0 178#068003263F950422
(34.438227) can0 174#F57F00003E6B0567
(34.438390) can0 178#FD7F0425449505D3
(34.438562) can0 17C#00000000138705C7
(34.448470) can0 290#0010000000000000
(34.448640) can0 174#EF7F0000366B069D
(34.448804) can0 178#FD7F05203F950685
(34.458713) can0 17C#0000000016870669
(34.458878) can0 290#0020000000000000
(34.459050) can0 174#EC7F00002D6B07FF
(34.468956) can0 178#008006213695077E
(34.469120) can0 17C#000000001F8707F7
(34.469284) can0 290#0050000000000000
(34.479199) can0 174#EA7F0000236B089E
(34.479362) can0 178#0080072133950826
(34.479534) can0 17C#00000000248708E4
(34.489442) can0 290#0030000000000000
(34.489614) can0 550#0000000000000020
(34.489780) can0 300#0F00000000000000
(34.489904) can0 174#EF7F0000206B093B
(34.499688) can0 174#EF7F0000226B0A1F
(34.499853) can0 178#FA7F092539950A83
(34.500017) can0 17C#0000000024870ADE
(34.500179) can0 174#EF7F0000286B0B0D
(34.509944) can0 178#F27F0A2939950B20
(34.510107) can0 17C#000000002A870BCA
(34.510271) can0 290#0010000000000000
(34.520171) can0 174#EF7F00002D6B0CD7
(34.520334) can0 178#F87F00003E950C79
(34.520506) can0 17C#0000000032870C8D
(34.530414) can0 174#EF7F00002D6B0DCA
(34.530591) can0 178#008001203C950D35
(34.530755) can0 17C#0000000035870D1A
(34.540657) can0 290#0050000000000000
(34.540823) can0 12B#0000000000014F79
(34.540987) can0 174#F87F0000256B0ED6
(34.550900) can0 178#0380000031950E50
(34.551064) can0 17C#0000000038870EB8
(34.551235) can0 450#0000000000000000
(34.551367) can0 290#0010000000000000
(34.561143) can0 174#FA7F0000236B0F74
(34.561313) can0 178#0680012026950FCB
(34.561493) can0 17C#0000000035870F20
(34.571391) can0 174#FA7F0000286B004F
(34.571562) can0 178#06800221239500DA
(34.571725) can0 17C#0000000023870086
(34.581628) can0 290#0030000000000000
(34.581800) can0 12B#0000000000014F79
(34.581923) can0 128#1388030000EC78A2
(34.582070) can0 174#FA7F00002D6B01DB
(34.591874) can0 178#FA7F03242995016A
(34.592037) can0 17C#000000001087013F
(34.592201) can0 290#0020000000000000
(34.602128) can0 174#FA7F00002D6B02FC
(34.602299) can0 178#EF7F042F2F9502E8
(34.602471) can0 17C#0000000010870218
(34.602639) can0 290#0010000000000000
(34.612357) can0 12B#0000000000014F79
(34.612492) can0 300#0F00000000000000
(34.612603) can0 174#FA7F0000276B03EE
(34.612786) can0 178#F57F05123395037C
(34.612961) can0 17C#000000002487032B
(34.622600) can0 450#0000000000000000
(34.622729) can0 290#0000000000000000
(34.622878) can0 174#FA7F0000276B04BD
(34.623041) can0 178#FD7F0624349504CF
(34.632845) can0 17C#000000003F8704E0
(34.633009) can0 290#0020000000000000
(34.633174) can0 174#FA7F00002D6B05AF
(34.643086) can0 178#FD7F07263495059F
(34.643249) can0 17C#00000000458705BA
(34.643413) can0 174#EF7F0000306B0698
(34.653329) can0 178#008008202F950673
(34.653497) can0 17C#0000000038870650
(34.653661) can0 290#0050000000000000
(34.663573) can0 12B#0000000000014F78
(34.663737) can0 128#1388030000EC7842
(34.663900) can0 12E#0000000000000040
(34.673821) can0 174#EC7F0000306B0762
(34.673984) can0 178#008009252B9507D1
(34.674148) can0 17C#000000002F8707DF
(34.684058) can0 174#F57F0000316B0860
(34.684221) can0 178#0B800000299508D8
(34.684385) can0 17C#00000000348708FC
(34.694304) can0 450#0000000000000000
(34.694433) can0 290#0020000000000000
(34.694592) can0 174#FA7F0000386B09A2
(34.694756) can0 178#11800125299509E7
(34.694917) can0 17C#000000003F870961
(34.704561) can0 174#FA7F0000396B0A0A
(34.704725) can0 178#118002392B950A8A
(34.704889) can0 17C#000000003D870A45
(34.714787) can0 178#0E80032129950BA2
(34.714950) can0 17C#0000000043870B19
(34.715114) can0 290#0030000000000000
(34.725030) can0 12B#0000000000014F79
(34.725193) can0 17C#000000004B870C46
(34.725358) can0 290#0010000000000000
(34.735273) can0 12B#0000000000014F79
(34.735396) can0 450#0000000000000000
(34.735512) can0 290#0030000000000000
(34.735661) can0 12B#0000000000014F79
(34.735784) can0 290#0010000000000000
(34.735933) can0 12B#0000000000014F79
(34.736056) can0 128#1388030000EC78C2
(34.745517) can0 12E#00000000000000C0
(34.745681) can0 174#FA7F00002A6B0FF7
(34.745847) can0 290#0050000000000000
(34.755759) can0 12B#0000000000013F79
(34.755923) can0 174#F27F00002B6B0011
(34.756086) can0 290#0030000000000000
(34.766002) can0 12B#0000000000014F79
(34.766172) can0 128#1388030000EC7822
(34.766352) can0 290#0020000000000000
(34.776245) can0 12B#0000000000014F79
(34.776368) can0 12A#1228012000000000
(34.776482) can0 290#0020000000000000
(34.776590) can0 12B#0000000000014F79
(34.776697) can0 128#1388030000EC7842
(34.776846) can0 12E#0000000000000040
(34.777011) can0 290#0010000000000000
(34.786495) can0 12B#0000000000014F79
(34.786618) can0 174#F57F0000256B04E2
(34.786766) can0 290#0040000000000000
(34.786966) can0 12B#0000000000014F79
(34.787098) can0 128#1388030000EC7862
(34.796744) can0 290#0020000000000000
(34.796913) can0 12B#0000000000014F79
(34.797036) can0 174#FA7F00001F6B06A3
(34.797184) can0 290#0020000000000000
(34.797307) can0 12B#0000000000014F79
(34.797415) can0 128#1388030000EC7882
(34.797575) can0 12E#0000000000000080
(34.806973) can0 290#0030000000000000
(34.807138) can0 12B#0000000000013F79
(34.807302) can0 174#FA7F0000236B0827
(34.817216) can0 178#FD7F01203A95081F
(34.817380) can0 290#0020000000000000
(34.817560) can0 12B#0000000000014F79
(34.827459) can0 128#1388030000EC78A2
(34.827634) can0 12E#00000000000000A0
(34.827815) can0 174#FA7F0000236B093A
(34.837702) can0 290#0040000000000000
(34.837874) can0 12B#0000000000014F79
(34.838005) can0 174#FA7F00002A6B0A9E
(34.838153) can0 178#0E80011237950AAF
(34.847953) can0 12B#0000000000014F79
(34.848076) can0 128#1388030000EC78C2
(34.848223) can0 12E#00000000000000C0
(34.848387) can0 12A#1228012000000000
(34.848517) can0 550#0000000000000040
(34.858188) can0 174#FA7F0000356B0C4E
(34.858351) can0 12E#0000000000000020
(34.858524) can0 174#FA7F0000336B0D56
(34.868431) can0 178#328004054F950DDB
(34.868602) can0 17C#000000004E870DD2
(34.868766) can0 174#F87F0000306B0E47
(34.878674) can0 178#3580051247950EC5
(34.878839) can0 17C#000000003C870EBE
(34.879003) can0 290#0020000000000000
(34.888920) can0 12B#0000000000014F79
(34.889043) can0 174#F57F00002B6B0F24
(34.889190) can0 178#2D8006143C950FAC
(34.889354) can0 17C#0000000032870FAA
(34.889525) can0 290#0040000000000000
(34.899176) can0 174#F57F0000256B0096
(34.899339) can0 178#1980072F36950084
(34.899508) can0 17C#0000000037870098
