(0.363154) can0 174#EF7F00001F6B0509
(0.363759) can0 178#EF7F051244950521
(0.363879) can0 17C#00000000EA860580
(0.363993) can0 290#0000000000000000
(0.364108) can0 12B#0000000000000000
(0.364228) can0 174#EF7F00002A6B068F
(0.364342) can0 178#F87F062448950683
(0.364444) can0 17C#00000000EA8606A7
(0.364554) can0 290#0000000000000000
(0.364625) can0 12B#0000000000000000
(0.364695) can0 128#7FFF0300007FFF5F
(0.364803) can0 12E#4000000000000040
(0.364919) can0 174#EF7F0000336B0709
(0.365029) can0 178#008007264A9507A2
(0.365131) can0 17C#00000000FC8607A7
(0.365234) can0 290#0000000000000000
(0.365305) can0 12B#0000000000000000
(0.365375) can0 12A#1208002000000000
(0.365484) can0 550#0000000000000080
(0.365607) can0 174#EF7F0000366B083B
(0.365717) can0 178#03800820449508E2
(0.365819) can0 17C#0000000013870846
(0.365922) can0 450#0000000000000000
(0.366117) can0 290#0000000000000000
(0.366200) can0 12B#0000000000000000
(0.366270) can0 128#7FFF0300007FFF7F
(0.366372) can0 12E#4000000000000060
(0.385442) can0 174#F27F0000366B0979
(0.385858) can0 178#068009253E950935
(0.385976) can0 17C#000000002987097C
(0.386079) can0 290#0000000000000000
(0.386150) can0 12B#0000000000000000
(0.386220) can0 174#F87F0000386B0A3F
(0.386322) can0 178#068000003C950A95
(0.386425) can0 17C#000000003C870ACA
(0.386621) can0 290#0000000000000000
(0.386692) can0 12B#0000000000000000
(0.386762) can0 128#7FFF0300007FFF9F
(0.386870) can0 12E#4000000000000080
(0.388211) can0 174#F87F0000366B0B2B
(0.388404) can0 178#0380012542950B0E
(0.388645) can0 17C#000000004A870B9A
(0.391600) can0 290#0000000000000000
(0.391851) can0 12B#0000000000000000
(0.398172) can0 174#F27F0000306B0C15
(0.398404) can0 178#F27F023948950CE6
(0.398639) can0 17C#0000000042870CC5
(0.401526) can0 290#0000000000000000
(0.401774) can0 12B#0000000000000000
(0.402018) can0 128#7FFF0300007FFFBF
(0.402264) can0 12E#40000000000000A0
(0.402509) can0 12A#1208002000000000
(0.402756) can0 12C#0000000000000000
(0.403006) can0 5A0#0000000000000020
(0.403893) can0 550#00000000000000A0
(0.408174) can0 174#EF7F0000306B0D57
(0.408407) can0 178#E17F032148950D76
(0.408643) can0 17C#0000000029870D08
(0.408895) can0 450#0000000000000000
(0.411792) can0 290#0000000000000000
(0.412044) can0 12B#0000000000000000
(0.418168) can0 174#EF7F0000366B0E75
(0.418401) can0 178#DE7F042042950E42
(0.418638) can0 17C#0000000018870E88
(0.421495) can0 290#0000000000000000
(0.421744) can0 12B#0000000000000000
(0.421991) can0 128#7FFF0300007FFFDF
(0.422238) can0 12E#40000000000000C0
(0.428171) can0 174#EF7F0000396B0FEE
(0.428406) can0 178#E17F00003A950F6E
(0.428651) can0 17C#000000001F870F1F
(0.431615) can0 290#0000000000000000
(0.431863) can0 12B#0000000000000000
(0.438171) can0 174#EF7F00003C6B00DC
(0.438410) can0 178#EA7F00003995006C
(0.438651) can0 17C#000000003A87001D
(0.441515) can0 290#0000000000000000
(0.441762) can0 12B#0000000000000000
(0.442010) can0 128#7FFF0300007FFF3F
(0.442252) can0 12E#4000000000000020
(0.448171) can0 174#EF7F0000396B0148
(0.448409) can0 178#F27F012234950198
(0.448650) can0 17C#00000000518701D0
(0.451598) can0 290#0000000000000000
(0.451845) can0 12B#0000000000000000
(0.452090) can0 12A#1208002000000000
(0.453892) can0 550#00000000000000C0
(0.458229) can0 174#EF7F0000306B02EC
(0.458406) can0 178#FD7F02202C95026E
(0.458647) can0 17C#00000000598702FB
(0.458899) can0 450#0000000000000000
(0.461728) can0 290#0000000000000000
(0.461977) can0 12B#0000000000000000
(0.462227) can0 128#7FFF0300007FFF5F
(0.462477) can0 12E#4000000000000040
(0.468168) can0 174#EA7F00002D6B0358
(0.468479) can0 178#0880033229950306
(0.468651) can0 17C#000000004D8703F8
(0.471634) can0 290#0000000000000000
(0.471879) can0 12B#0000000000000000
(0.478170) can0 174#EA7F0000336B041A
(0.478403) can0 178#0E8004203195049B
(0.478715) can0 17C#000000004B8704AE
(0.481535) can0 290#0000000000000000
(0.481772) can0 12B#0000000000000000
(0.482019) can0 128#7FFF0300007FFF7F
(0.482266) can0 12E#4000000000000060
(0.488172) can0 174#EC7F0000386B0554
(0.488407) can0 178#1180052336950539
(0.488649) can0 17C#000000005E870522
(0.491615) can0 290#0000000000000000
(0.491868) can0 12B#0000000000000000
(0.498173) can0 174#EF7F00003E6B0691
(0.498414) can0 178#1F80063233950690
(0.498657) can0 17C#00000000718706B3
(0.501517) can0 290#0000000000000000
(0.501771) can0 12B#0000000000000000
(0.502012) can0 128#7FFF0300007FFF9F
(0.502258) can0 12E#4000000000000080
(0.502501) can0 12A#1208002000000000
(0.502752) can0 12C#0000000000000000
(0.503002) can0 5A0#0000000000000040
(0.503895) can0 550#0000000000000020
(0.508174) can0 174#EF7F00003E6B078C
(0.508411) can0 178#228007212995075F
(0.508658) can0 17C#000000006E870730
(0.508910) can0 450#0000000000000000
(0.511793) can0 290#0000000000000000
(0.512045) can0 12B#0000000000000000
(0.518166) can0 174#EF7F00003C6B0834
(0.518399) can0 178#1980082726950894
(0.518645) can0 17C#000000005C8708A0
(0.521555) can0 290#0000000000000000
(0.521804) can0 12B#0000000000000000
(0.522045) can0 128#7FFF0300007FFFBF
(0.522288) can0 12E#40000000000000A0
(0.528170) can0 174#EF7F00003E6B092A
(0.528405) can0 178#0E80000026950977
(0.528647) can0 17C#00000000408709AF
(0.531629) can0 290#0000000000000000
(0.531878) can0 12B#0000000000000000
(0.538169) can0 174#EC7F0000406B0AAB
(0.538403) can0 178#0B80012025950AC8
(0.538643) can0 17C#0000000023870A54
(0.541552) can0 290#0000000000000000
(0.541797) can0 12B#0000000000000000
(0.542040) can0 128#7FFF0300007FFFDF
(0.542287) can0 12E#40000000000000C0
(0.548171) can0 174#EA7F00003C6B0B27
(0.548407) can0 178#0B80000023950BF0
(0.548650) can0 17C#0000000018870BE1
(0.551648) can0 290#0000000000000000
(0.551902) can0 12B#0000000000000000
(0.552142) can0 12A#1208002000000000
(0.553895) can0 550#0000000000000040
(0.558166) can0 174#EC7F0000396B0C2E
(0.558399) can0 178#1180011231950C01
(0.558638) can0 17C#000000001C870CB4
(0.558890) can0 450#0000000000000000
(0.561779) can0 290#0000000000000000
(0.562032) can0 12B#0000000000000000
(0.562275) can0 128#7FFF0300007FFF3F
(0.562521) can0 12E#4000000000000020
(0.568166) can0 174#F27F0000396B0D8B
(0.568405) can0 178#0E80020F42950DE9
(0.568647) can0 17C#0000000023870D07
(0.571618) can0 290#0000000000000000
(0.571871) can0 12B#0000000000000000
(0.578171) can0 174#F87F0000396B0EC4
(0.578408) can0 178#068003024C950E30
(0.578650) can0 17C#0000000023870E20
(0.581518) can0 290#0000000000000000
(0.581769) can0 12B#0000000000000000
(0.582013) can0 128#7FFF0300007FFF5F
(0.582267) can0 12E#4000000000000040
(0.588171) can0 174#FA7F0000356B0F69
(0.588404) can0 178#0080040552950F10
(0.588645) can0 17C#0000000015870F10
(0.591645) can0 290#0000000000000000
(0.591895) can0 12B#0000000000000000
(0.598169) can0 174#F87F00002E6B00F0
(0.598406) can0 178#068005124F95005E
(0.598653) can0 17C#0000000002870039
(0.601625) can0 290#0000000000000000
(0.601808) can0 12B#0000000000000000
(0.602048) can0 128#7FFF0300007FFF7F
(0.602294) can0 12E#4000000000000060
(0.602546) can0 12A#1208002000000000
(0.602788) can0 12C#0000000000000000
(0.603045) can0 5A0#0000000000000060
(0.603894) can0 550#0000000000000060
(0.608167) can0 174#EF7F00002A6B01DC
(0.608404) can0 178#068006144D950197
(0.608649) can0 17C#00000000F88601EF
(0.608901) can0 450#0000000000000000
(0.611868) can0 290#0000000000000000
(0.612100) can0 12B#0000000000000000
(0.618168) can0 174#EA7F0000276B024A
(0.618402) can0 178#0080072F489502C9
(0.618649) can0 17C#00000000FC8602CE
(0.621547) can0 290#0000000000000000
(0.621788) can0 12B#0000000000000000
(0.622103) can0 128#7FFF0300007FFF9F
(0.622280) can0 12E#4000000000000080
(0.628168) can0 174#E77F0000236B03B7
(0.628404) can0 178#FA7F0802459503E0
(0.628649) can0 17C#000000000D870398
(0.631614) can0 290#0000000000000000
(0.631865) can0 12B#0000000000000000
(0.638171) can0 174#EA7F0000226B048D
(0.638407) can0 178#F87F090F4595042C
(0.638647) can0 17C#000000001B8704D6
(0.641535) can0 290#0000000000000000
(0.641779) can0 12B#0000000000000000
(0.642026) can0 128#7FFF0300007FFFBF
(0.642268) can0 12E#40000000000000A0
(0.648167) can0 174#EA7F0000256B051A
(0.648402) can0 178#FA7F0A13459505C2
(0.648644) can0 17C#000000001F8705CD
(0.651610) can0 290#0000000000000000
(0.651857) can0 12B#0000000000000000
(0.652104) can0 12A#1208002000000000
(0.653895) can0 550#0000000000000080
(0.658173) can0 174#EA7F00002B6B0634
(0.658402) can0 178#FA7F0B03419506AC
(0.658646) can0 17C#00000000238706C8
(0.658898) can0 450#0000000000000000
(0.661745) can0 290#0000000000000000
(0.661993) can0 12B#0000000000000000
(0.662244) can0 128#7FFF0300007FFFDF
(0.662487) can0 12E#40000000000000C0
(0.668168) can0 174#F57F0000306B0754
(0.668410) can0 178#FA7F0C08399507D8
(0.668650) can0 17C#000000002487075F
(0.671614) can0 290#0000000000000000
(0.671861) can0 12B#0000000000000000
(0.678174) can0 174#F87F00002E6B0818
(0.678409) can0 178#FA7F0D2F36950831
(0.678647) can0 17C#000000002C8708E8
(0.681547) can0 290#0000000000000000
(0.681787) can0 12B#0000000000000000
(0.682034) can0 128#7FFF0300007FFF3F
(0.682280) can0 12E#4000000000000020
(0.688168) can0 174#FD7F0000286B0934
(0.688403) can0 178#FA7F0E0736950944
(0.688637) can0 17C#000000003A8709E8
(0.691618) can0 290#0000000000000000
(0.691870) can0 12B#0000000000000000
(0.698168) can0 174#FD7F0000236B0A93
(0.698400) can0 178#F57F0F0D31950A64
(0.698639) can0 17C#0000000055870A19
(0.701557) can0 290#0000000000000000
(0.701808) can0 12B#0000000000000000
(0.702055) can0 128#7FFF0300007FFF5F
(0.702305) can0 12E#4000000000000040
(0.702552) can0 12A#1208002000000000
(0.702798) can0 12C#0000000000000000
(0.703052) can0 5A0#0000000000000080
(0.703899) can0 550#00000000000000A0
(0.708172) can0 174#F87F0000286B0B3A
(0.708402) can0 178#F27F000231950BE3
(0.708642) can0 17C#000000006A870BAA
(0.708897) can0 450#0000000000000000
(0.711844) can0 290#0000000000000000
(0.712095) can0 12B#0000000000000000
(0.718168) can0 174#F57F0000306B0C9B
(0.718407) can0 178#FA7F010836950C39
(0.718651) can0 17C#000000006A870CF9
(0.721535) can0 290#0000000000000000
(0.721775) can0 12B#0000000000000000
(0.722023) can0 128#7FFF0300007FFF7F
(0.722270) can0 12E#4000000000000060
(0.728170) can0 174#F57F0000366B0D83
(0.728407) can0 178#FD7F000037950DD3
(0.728643) can0 17C#000000005B870D43
(0.731598) can0 290#0000000000000000
(0.731845) can0 12B#0000000000000000
(0.738168) can0 174#F57F0000356B0E28
(0.738407) can0 178#FA7F012834950E4A
(0.738643) can0 17C#000000004E870EF5
(0.741554) can0 290#0000000000000000
(0.741797) can0 12B#0000000000000000
(0.742044) can0 128#7FFF0300007FFF9F
(0.742290) can0 12E#4000000000000080
(0.748165) can0 174#F57F0000336B0F30
(0.748404) can0 178#FD7F02202F950F63
(0.748646) can0 17C#0000000056870FFC
(0.751651) can0 290#0000000000000000
(0.751896) can0 12B#0000000000000000
(0.752143) can0 12A#1208002000000000
(0.753895) can0 550#00000000000000C0
(0.758170) can0 174#F57F0000336B008B
(0.758409) can0 178#008003212C9500E5
(0.758654) can0 17C#000000006A870065
(0.758903) can0 450#0000000000000000
(0.761786) can0 290#0000000000000000
(0.762034) can0 12B#0000000000000000
(0.762280) can0 128#7FFF0300007FFFBF
(0.762535) can0 12E#40000000000000A0
(0.768167) can0 174#EF7F00002E6B01DA
(0.768405) can0 178#FD7F04232C950192
(0.768648) can0 17C#00000000778701E5
(0.771614) can0 290#0000000000000000
(0.771862) can0 12B#0000000000000000
(0.778171) can0 174#EF7F00002A6B02FB
(0.778410) can0 178#F87F05232B950261
(0.778651) can0 17C#00000000718702C7
(0.781543) can0 290#0000000000000000
(0.781784) can0 12B#0000000000000000
(0.782032) can0 128#7FFF0300007FFFDF
(0.782275) can0 12E#40000000000000C0
(0.788167) can0 174#EF7F0000286B03E5
(0.788406) can0 178#FD7F06222B95036B
(0.788644) can0 17C#00000000618703C2
(0.791627) can0 290#0000000000000000
(0.791876) can0 12B#0000000000000000
(0.798164) can0 174#EF7F0000286B04B6
(0.798403) can0 178#FD7F07242E9504B2
(0.798645) can0 17C#00000000558704BF
(0.801525) can0 290#0000000000000000
(0.801773) can0 12B#0000000000000000
(0.802021) can0 128#7FFF0300007FFF3F
(0.802267) can0 12E#4000000000000020
(0.802511) can0 12A#1208002000000000
(0.802762) can0 12C#0000000000000000
(0.803010) can0 5A0#00000000000000A0
(0.803899) can0 550#0000000000000020
(0.808168) can0 174#EA7F00002D6B0516
(0.808410) can0 178#038008232F950509
(0.808653) can0 17C#000000004E87053A
(0.808902) can0 450#0000000000000000
(0.811812) can0 290#0000000000000000
(0.812060) can0 12B#0000000000000000
(0.818168) can0 174#E77F0000306B064A
(0.818407) can0 178#06800920339506D8
(0.818647) can0 17C#000000004787069E
(0.821560) can0 290#0000000000000000
(0.821807) can0 12B#0000000000000000
(0.822058) can0 128#7FFF0300007FFF5F
(0.822308) can0 12E#4000000000000040
(0.828167) can0 174#E47F0000336B073C
(0.828406) can0 178#00800A213995073A
(0.828647) can0 17C#000000003D8707C4
(0.831732) can0 290#0000000000000000
(0.831977) can0 12B#0000000000000000
(0.838165) can0 174#EA7F00002E6B081B
(0.838399) can0 178#F27F0B293F950868
(0.838640) can0 17C#000000003F87087C
(0.841524) can0 290#0000000000000000
(0.841773) can0 12B#0000000000000000
(0.842020) can0 128#7FFF0300007FFF7F
(0.842267) can0 12E#4000000000000060
(0.848169) can0 174#F27F00002A6B096B
(0.848406) can0 178#E77F0000429509B7
(0.848645) can0 17C#00000000428709AC
(0.851599) can0 290#0000000000000000
(0.851846) can0 12B#0000000000000000
(0.852093) can0 12A#1208002000000000
(0.853899) can0 550#0000000000000040
(0.858169) can0 174#F57F0000286B0AC1
(0.858408) can0 178#F57F000042950A93
(0.858644) can0 17C#0000000048870A84
(0.858896) can0 450#0000000000000000
(0.861739) can0 290#0000000000000000
(0.861987) can0 12B#0000000000000000
(0.862233) can0 128#7FFF0300007FFF9F
(0.862479) can0 12E#4000000000000080
(0.868167) can0 174#F87F00002D6B0BB3
(0.868402) can0 178#068000FF37950BAE
(0.868638) can0 17C#0000000048870B99
(0.871645) can0 290#0050000000000000
(0.871891) can0 12B#0000000000012F76
(0.878183) can0 174#F57F00002B6B0C03
(0.878415) can0 178#148000002C950CC0
(0.878649) can0 17C#000000003C870C84
(0.881548) can0 290#0020000000000000
(0.881788) can0 12B#0000000000011F75
(0.882023) can0 128#1388030000EC78A2
(0.882272) can0 12E#00000000000000A0
(0.888168) can0 174#EA7F0000286B0D77
(0.888427) can0 178#1680012029950DCE
(0.888643) can0 17C#000000002A870D84
(0.891615) can0 290#0030000000000000
(0.891868) can0 12B#0000000000011F76
(0.898162) can0 174#E47F00002A6B0E52
(0.898398) can0 178#118002222F950EFB
(0.898684) can0 17C#000000001F870E02
(0.901561) can0 290#0040000000000000
(0.901805) can0 12B#0000000000011F76
(0.902042) can0 128#1388030000EC78C2
(0.902285) can0 12E#00000000000000C0
(0.902535) can0 12A#1208002000000000
(0.902782) can0 12C#0000000000000000
(0.903021) can0 5A0#00692000000000C9
(0.903902) can0 550#0000000000000060
(0.907849) can0 300#0F00000000000000
(0.908166) can0 174#DE7F0000306B0FE6
(0.908401) can0 178#0E80032636950FBC
(0.908639) can0 17C#0000000019870F1A
(0.908980) can0 450#0000000000000000
(0.911835) can0 290#0040000000000000
(0.912075) can0 12B#0000000000012F75
(0.918168) can0 174#E47F0000386B00EF
(0.918402) can0 178#0B8004253C95008D
(0.918640) can0 17C#00000000198700A1
(0.921508) can0 290#0020000000000000
(0.921760) can0 12B#0000000000011F76
(0.921993) can0 128#1388030000EC7822
(0.922243) can0 12E#0000000000000020
(0.928168) can0 174#EF7F0000386B01C7
(0.928403) can0 178#0B80052042950168
(0.928643) can0 17C#00000000198701BC
(0.931566) can0 290#0030000000000000
(0.931813) can0 12B#0000000000011F75
(0.938168) can0 174#F87F0000356B0252
(0.938404) can0 178#03800621449502BB
(0.938649) can0 17C#000000001687021D
(0.941505) can0 290#0010000000000000
(0.941754) can0 12B#0000000000011F76
(0.941987) can0 128#1388030000EC7842
(0.942237) can0 12E#0000000000000040
(0.948176) can0 174#00800000366B03B1
(0.948413) can0 178#FD7F07213F9503A5
(0.948653) can0 17C#000000001B870385
(0.951609) can0 290#0040000000000000
(0.951859) can0 12B#0000000000012F76
(0.952100) can0 12A#1208012000000000
(0.953901) can0 550#0000000000000080
(0.958171) can0 174#FA7F0000406B0467
(0.958407) can0 178#FD7F08203795041B
(0.958654) can0 17C#00000000298704FD
(0.958906) can0 450#0000000000000000
(0.961736) can0 290#0060000000000000
(0.961983) can0 12B#0000000000011F75
(0.962213) can0 128#1388030000EC7862
(0.962460) can0 12E#0000000000000060
(0.968168) can0 174#F57F0000446B0520
(0.968396) can0 178#FA7F092531950534
(0.968642) can0 17C#000000003487057D
(0.971604) can0 290#0020000000000000
(0.971857) can0 12B#0000000000011F76
(0.978172) can0 174#F87F00003C6B06A5
(0.978405) can0 178#F87F0A292F9506D4
(0.978649) can0 17C#000000003487065A
(0.981548) can0 290#0040000000000000
(0.981792) can0 12B#0000000000012F76
(0.982023) can0 128#1388030000EC7882
(0.982269) can0 12E#0000000000000080
(0.988175) can0 174#F87F0000306B07B2
(0.988419) can0 178#FD7F000031950704
(0.988668) can0 17C#000000002F8707DF
(0.991614) can0 290#0030000000000000
(0.991865) can0 12B#0000000000011F75
(0.998166) can0 174#F57F0000286B08FB
(0.998400) can0 178#00800120399508D5
(1.001101) can0 17C#00000000328708F9
(1.001515) can0 290#0050000000000000
(1.001761) can0 12B#0000000000011F76
(1.011358) can0 128#1388030000EC78A2
(1.011483) can0 12E#00000000000000A0
(1.011600) can0 12A#1208012000000000
(1.011670) can0 12C#0000000000000000
(1.011740) can0 5A0#0069200000000029
(1.011851) can0 550#00000000000000A0
(1.021585) can0 300#0F00000000000000
(1.021675) can0 174#EC7F00002B6B095C
(1.021789) can0 178#038000003995090F
(1.021896) can0 17C#000000003F870961
(1.031826) can0 450#0000000000000000
(1.031923) can0 290#0050000000000000
(1.031994) can0 12B#0000000000012F75
(1.032100) can0 174#EA7F0000366B0A35
(1.032202) can0 178#FA7F012031950A2B
(1.042075) can0 17C#0000000048870A84
(1.042201) can0 290#0040000000000000
(1.042313) can0 12B#0000000000011F76
(1.052312) can0 128#1388030000EC78C2
(1.052437) can0 12E#00000000000000C0
(1.052548) can0 174#EF7F0000416B0BDE
(1.062576) can0 178#F27F022126950B55
(1.062701) can0 17C#0000000048870B99
(1.062804) can0 290#0040000000000000
(1.062875) can0 12B#0000000000011F76
(1.062944) can0 174#F87F0000416B0CBA
(1.063046) can0 178#F87F032420950CD2
(1.072798) can0 17C#0000000045870C4F
(1.072925) can0 290#0030000000000000
(1.073028) can0 12B#0000000000012F75
(1.083041) can0 128#1388030000EC7822
(1.083166) can0 12E#0000000000000020
(1.083269) can0 174#F57F00003C6B0D8C
(1.093284) can0 178#0080042F1D950D3D
(1.093415) can0 17C#000000004B870D5B
(1.093519) can0 290#0040000000000000
(1.103535) can0 12B#0000000000011F76
(1.103661) can0 12A#1208012000000000
(1.103731) can0 550#00000000000000C0
(1.103834) can0 174#EF7F0000336B0EFC
(1.113773) can0 178#0880051220950E2F
(1.113904) can0 17C#0000000058870EE8
(1.114007) can0 450#0000000000000000
(1.114078) can0 290#0050000000000000
(1.114180) can0 12B#0000000000012F76
(1.124029) can0 128#1388030000EC7842
(1.124155) can0 12E#0000000000000040
(1.124258) can0 174#EC7F0000306B0F8A
(1.134256) can0 178#0E80062429950FDA
(1.134382) can0 17C#0000000063870F5D
(1.134485) can0 290#0020000000000000
(1.144499) can0 12B#0000000000011F75
(1.144633) can0 174#EC7F0000306B0031
(1.144736) can0 178#118007262E950043
(1.154742) can0 17C#000000005E87004B
(1.154874) can0 290#0030000000000000
(1.154977) can0 12B#0000000000011F76
(1.164985) can0 128#1388030000EC7862
(1.165110) can0 12E#0000000000000060
(1.165213) can0 174#EF7F0000336B0147
(1.175241) can0 178#0E8008202C9501AD
(1.175367) can0 17C#000000004E87014E
(1.175478) can0 290#0050000000000000
(1.175597) can0 12B#0000000000012F75
(1.185471) can0 174#EF7F0000336B0260
(1.185605) can0 178#118009252B95025C
(1.185707) can0 17C#00000000458702E9
(1.195714) can0 290#0050000000000000
(1.195804) can0 12B#0000000000011F76
(1.195911) can0 128#1388030000EC7882
(1.196013) can0 12E#0000000000000080
(1.205957) can0 12A#1208012000000000
(1.206046) can0 12C#0000000000000000
(1.206117) can0 5A0#0069200000000049
(1.206224) can0 550#0000000000000020
(1.206328) can0 300#0F00000000000000
(1.206399) can0 174#EA7F0000366B03C0
(1.216200) can0 178#168000002E9503C2
(1.216326) can0 17C#0000000038870339
(1.216428) can0 450#0000000000000000
(1.216500) can0 290#0040000000000000
(1.226456) can0 12B#0000000000012F76
(1.226590) can0 174#EA7F0000356B041F
(1.226692) can0 178#19800125339504A3
(1.226795) can0 17C#0000000032870465
(1.236685) can0 290#0040000000000000
(1.236776) can0 12B#0000000000011F75
(1.236885) can0 128#1388030000EC78A2
(1.236987) can0 12E#00000000000000A0
(1.246931) can0 174#EF7F0000336B0533
(1.247062) can0 178#0B8002393695057D
(1.247166) can0 17C#000000002E87056A
(1.257171) can0 290#0040000000000000
(1.257262) can0 12B#0000000000012F76
(1.257368) can0 174#F87F0000366B06AA
(1.257470) can0 178#008003213F95063F
(1.267414) can0 17C#0000000026870641
(1.267549) can0 290#0040000000000000
(1.267620) can0 12B#0000000000011F76
(1.267722) can0 128#1388030000EC78C2
(1.277671) can0 12E#00000000000000C0
(1.277798) can0 174#F87F00003B6B0732
(1.277900) can0 178#0680042047950723
(1.278003) can0 17C#000000002C870753
(1.287902) can0 290#0040000000000000
(1.287992) can0 12B#0000000000012F76
(1.288099) can0 12A#1208012000000000
(1.288177) can0 550#0000000000000040
(1.288281) can0 174#EF7F0000396B08BD
(1.298143) can0 178#1C80000048950830
(1.298276) can0 17C#00000000428708B1
(1.298379) can0 450#0000000000000000
(1.298457) can0 290#0040000000000000
(1.298536) can0 12B#0000000000011F75
(1.308386) can0 128#1388030000EC7822
(1.308518) can0 12E#0000000000000020
(1.308629) can0 174#EC7F0000396B0947
(1.318637) can0 178#27800000429509C1
(1.318770) can0 17C#00000000508709B7
(1.318879) can0 290#0030000000000000
(1.328875) can0 12B#0000000000012F76
(1.329001) can0 174#EA7F0000356B0AB9
(1.329103) can0 178#228001223F950A18
(1.339129) can0 17C#0000000048870A84
(1.339255) can0 290#0040000000000000
(1.339359) can0 12B#0000000000011F76
(1.339461) can0 128#1388030000EC7842
(1.349358) can0 12E#0000000000000040
(1.349485) can0 174#EA7F0000336B0BA1
(1.349595) can0 178#1C80022039950B4E
(1.359602) can0 17C#000000002E870BCC
(1.359729) can0 290#0030000000000000
(1.359832) can0 12B#0000000000012F76
(1.369844) can0 174#EC7F0000306B0CAD
(1.369970) can0 178#1680033233950C12
(1.370072) can0 17C#0000000013870C32
(1.380087) can0 290#0040000000000000
(1.380214) can0 12B#0000000000011F76
(1.380317) can0 128#1388030000EC7862
(1.390343) can0 12E#0000000000000060
(1.390470) can0 12A#1208012000000000
(1.390548) can0 12C#0000000000000000
(1.390618) can0 5A0#0069200000000069
(1.390722) can0 550#0000000000000060
(1.390826) can0 300#0F00000000000000
(1.390897) can0 174#F57F00002D6B0D1B
(1.400574) can0 178#1480042033950DBC
(1.400700) can0 17C#0000000013870D2F
(1.400810) can0 450#0000000000000000
(1.400888) can0 290#0010000000000000
(1.410816) can0 12B#0000000000012F76
(1.410942) can0 174#F57F00002D6B0E3C
(1.411045) can0 178#0380052333950E7C
(1.421059) can0 17C#000000002C870EA6
(1.421185) can0 290#0030000000000000
(1.421289) can0 12B#0000000000012F76
(1.421359) can0 128#1388030000EC7882
(1.431302) can0 12E#0000000000000080
(1.431428) can0 174#EF7F0000336B0FE1
(1.431538) can0 178#F57F063231950F17
(1.441565) can0 17C#000000004D870F64
(1.441692) can0 290#0030000000000000
(1.441771) can0 12B#0000000000011F76
(1.441876) can0 174#EA7F00003B6B0062
(1.441986) can0 178#EA7F0721379500B9
(1.451787) can0 17C#000000005887004E
(1.451921) can0 290#0050000000000000
(1.452024) can0 12B#0000000000012F76
(1.462036) can0 128#1388030000EC78A2
(1.462162) can0 12E#00000000000000A0
(1.462273) can0 174#E47F00003E6B01F7
(1.472273) can0 178#EA7F082742950170
(1.472399) can0 17C#00000000558701D6
(1.472502) can0 290#0030000000000000
(1.482516) can0 12B#0000000000012F76
(1.482614) can0 12A#1208012000000000
(1.482684) can0 550#0000000000000080
(1.482791) can0 174#EA7F00003B6B0258
(1.482901) can0 178#EC7F000048950242
(1.492762) can0 17C#000000004E870269
(1.492893) can0 450#0000000000000000
(1.492964) can0 290#0050000000000000
(1.493068) can0 12B#0000000000011F76
(1.493169) can0 128#1388030000EC78C2
(1.503024) can0 12E#00000000000000C0
(1.503151) can0 174#F27F0000366B03AB
(1.503254) can0 178#F27F012045950342
(1.513245) can0 17C#000000004287037E
(1.513372) can0 290#0050000000000000
(1.513443) can0 12B#0000000000012F76
(1.513554) can0 174#F87F0000336B0419
(1.523488) can0 178#F57F0000399504FD
(1.523622) can0 17C#0000000034870460
(1.523725) can0 290#0050000000000000
(1.523796) can0 12B#0000000000012F76
(1.523866) can0 128#1388030000EC7822
(1.533731) can0 12E#0000000000000020
(1.533858) can0 174#FD7F00002E6B05AD
(1.533960) can0 178#F87F011233950561
(1.543974) can0 17C#000000002E87056A
(1.544101) can0 290#0050000000000000
(1.544171) can0 12B#0000000000011F76
(1.544274) can0 174#FD7F0000286B068F
(1.554231) can0 178#FD7F020F319506A5
(1.554357) can0 17C#000000002F8706C2
(1.554460) can0 290#0040000000000000
(1.554578) can0 12B#0000000000012F76
(1.564460) can0 128#1388030000EC7842
(1.564593) can0 12E#0000000000000040
(1.564696) can0 12A#1208012000000000
(1.564766) can0 12C#0000000000000000
(1.564837) can0 5A0#0069200000000089
(1.574703) can0 550#00000000000000A0
(1.574830) can0 300#0F00000000000000
(1.574902) can0 174#FA7F00002B6B0790
(1.575004) can0 178#00800302319507DB
(1.584946) can0 17C#000000003F8707C7
(1.585073) can0 450#0000000000000000
(1.585144) can0 290#0050000000000000
(1.585247) can0 12B#0000000000012F76
(1.585317) can0 174#EF7F0000336B08B2
(1.595189) can0 178#038004052F950869
(1.595315) can0 17C#0000000051870825
(1.595418) can0 290#0060000000000000
(1.605445) can0 12B#0000000000012F76
(1.605543) can0 128#1388030000EC7862
(1.605648) can0 12E#0000000000000060
(1.605751) can0 174#EC7F0000366B09C1
(1.605854) can0 178#068005122F9509FB
(1.615675) can0 17C#000000005B870937
(1.615801) can0 290#0040000000000000
(1.615905) can0 12B#0000000000011F76
(1.625919) can0 174#EA7F0000366B0A35
(1.626045) can0 178#0880061434950A92
(1.626155) can0 17C#0000000061870A37
(1.636161) can0 290#0040000000000000
(1.636251) can0 12B#0000000000012F76
(1.636358) can0 128#1388030000EC7882
(1.636459) can0 12E#0000000000000080
(1.646404) can0 174#EA7F0000386B0B21
(1.646536) can0 178#0B80072F37950BC7
(1.646639) can0 17C#000000005B870B0D
(1.656660) can0 290#0040000000000000
(1.656750) can0 12B#0000000000012F76
(1.656820) can0 12A#1208012000000000
(1.656891) can0 550#00000000000000C0
(1.656998) can0 174#EF7F00003B6B0CCA
(1.657100) can0 178#0880080233950C0C
(1.657204) can0 17C#000000004B870C46
(1.666892) can0 450#0000000000000000
(1.666983) can0 290#0030000000000000
(1.667090) can0 12B#0000000000012F76
(1.667160) can0 128#1388030000EC78A2
(1.667262) can0 12E#00000000000000A0
(1.677132) can0 174#F57F00003B6B0D06
(1.677259) can0 178#0380090F2E950D9C
(1.677361) can0 17C#000000003F870D15
(1.687375) can0 290#0030000000000000
(1.687466) can0 12B#0000000000011F76
(1.687580) can0 174#F27F0000356B0EA6
(1.687682) can0 178#00800A132C950E16
(1.697618) can0 17C#000000003D870E31
(1.697750) can0 290#0030000000000000
(1.697822) can0 12B#0000000000012F76
(1.697925) can0 128#1388030000EC78C2
(1.707870) can0 12E#00000000000000C0
(1.707997) can0 174#EF7F0000316B0FE2
(1.708099) can0 178#FA7F0B0331950F11
(1.718118) can0 17C#0000000045870F68
(1.718253) can0 290#0050000000000000
(1.718356) can0 12B#0000000000012F76
(1.718434) can0 174#EF7F0000366B00D3
(1.718544) can0 178#00800C08369500C5
(1.728347) can0 17C#00000000538700CE
(1.728482) can0 290#0040000000000000
(1.728593) can0 12B#0000000000012F76
(1.728671) can0 128#1388030000EC7822
(1.738592) can0 12E#0000000000000020
(1.738726) can0 12A#1208012000000000
(1.738796) can0 12C#0000000000000000
(1.738867) can0 5A0#00692000000000A9
(1.738971) can0 550#0000000000000020
(1.748833) can0 300#0F00000000000000
(1.748924) can0 174#EF7F00003B6B014B
(1.749030) can0 178#03800D2F3C9501E4
(1.749133) can0 17C#0000000058870153
(1.759076) can0 450#0000000000000000
(1.759167) can0 290#0050000000000000
(1.759274) can0 12B#0000000000012F76
(1.759344) can0 174#EF7F00003C6B02E6
(1.759447) can0 178#FD7F0E073F950286
(1.769333) can0 17C#0000000050870278
(1.769459) can0 290#0050000000000000
(1.769542) can0 12B#0000000000012F76
(1.769617) can0 128#1388030000EC7842
(1.769719) can0 12E#0000000000000040
(1.769822) can0 174#EF7F0000396B0372
(1.779563) can0 178#EC7F0F0D3F9503AE
(1.779689) can0 17C#000000004287037E
(1.779792) can0 290#0050000000000000
(1.779864) can0 12B#0000000000011F76
(1.789805) can0 174#F27F0000386B04F1
(1.789931) can0 178#EC7F0002399504EC
(1.790034) can0 17C#000000003C87046C
(1.800048) can0 290#0040000000000000
(1.800175) can0 12B#0000000000012F76
(1.800278) can0 128#1388030000EC7862
(1.810291) can0 12E#0000000000000060
(1.810418) can0 174#F57F0000396B05ED
(1.810520) can0 178#F87F010834950575
(1.820555) can0 17C#0000000040870533
(1.820681) can0 290#0050000000000000
(1.820785) can0 12B#0000000000012F76
(1.820855) can0 12A#1208012000000000
(1.820925) can0 550#0000000000000040
(1.821029) can0 174#F57F00003B6B06C9
(1.830777) can0 178#FA7F00003995069B
(1.830903) can0 17C#000000003F8706DA
(1.831006) can0 450#0000000000000000
(1.831078) can0 290#0040000000000000
(1.841020) can0 12B#0000000000012F76
(1.841109) can0 128#1388030000EC7882
(1.841221) can0 12E#0000000000000080
(1.841327) can0 174#F57F0000366B0751
(1.851263) can0 178#F87F01283F950785
(1.851389) can0 17C#000000003887074D
(1.851492) can0 290#0020000000000000
(1.861506) can0 12B#0000000000012F76
(1.861603) can0 174#F57F00002D6B0872
(1.861717) can0 178#F57F02203F9508FA
(1.861819) can0 17C#00000000328708F9
(1.871751) can0 290#0040000000000000
(1.871891) can0 12B#0000000000012F76
(1.871961) can0 128#1388030000EC78A2
(1.872063) can0 12E#00000000000000A0
(1.872164) can0 174#EF7F0000256B09B2
(1.882013) can0 178#F57F032139950915
(1.882139) can0 17C#000000003787096D
(1.882250) can0 290#0050000000000000
(1.892235) can0 12B#0000000000012F76
(1.892324) can0 174#E77F00002A6B0AC1
(1.892431) can0 178#F57F042334950A9B
(1.892541) can0 17C#0000000032870AC3
(1.902483) can0 290#0050000000000000
(1.902581) can0 12B#0000000000012F76
(1.902651) can0 128#1388030000EC78C2
(1.902765) can0 12E#00000000000000C0
(1.902870) can0 12A#1208012000000000
(1.902948) can0 12C#0000000000000000
(1.903018) can0 5A0#00692000000000C9
(1.912720) can0 550#0000000000000060
(1.912848) can0 300#0F00000000000000
(1.912919) can0 174#E47F0000366B0B29
(1.913021) can0 178#F87F052334950B0A
(1.922963) can0 17C#000000002A870BCA
(1.923090) can0 450#0000000000000000
(1.923161) can0 290#0040000000000000
(1.923265) can0 12B#0000000000011F76
(1.933220) can0 174#E47F00003C6B0C75
(1.933346) can0 178#FD7F06223C950C42
(1.933448) can0 17C#0000000035870C07
(1.933559) can0 290#0040000000000000
(1.933630) can0 12B#0000000000012F77
(1.943449) can0 128#1388030000EC7822
(1.943580) can0 12E#0000000000000020
(1.943683) can0 174#EA7F00003E6B0D6A
(1.953692) can0 178#F87F07243E950D6B
(1.953818) can0 17C#0000000051870D4C
(1.953930) can0 290#0040000000000000
(1.954001) can0 12B#0000000000012F76
(1.963936) can0 174#F57F0000416B0E66
(1.964062) can0 178#F57F08233E950E22
(1.964164) can0 17C#0000000063870E40
(1.974178) can0 290#0040000000000000
(1.974269) can0 12B#0000000000012F76
(1.974338) can0 128#1388030000EC7842
(1.974444) can0 12E#0000000000000040
(1.974556) can0 174#FA7F0000406B0FA8
(1.984435) can0 178#F57F09203E950FEF
(1.984568) can0 17C#0000000056870FFC
(1.984671) can0 290#0030000000000000
(1.984775) can0 12B#0000000000012F77
(1.994664) can0 12A#1208012000000000
(1.994753) can0 550#0000000000000080
(1.994867) can0 174#FA7F00003B6B00DB
(1.994970) can0 178#EF7F0A213A9500A0
(2.004909) can0 17C#000000003D870097
(2.005035) can0 450#0000000000000000
(2.005105) can0 290#0030000000000000
(2.005174) can0 12B#0000000000012F76
(2.005276) can0 128#1388030000EC7862
(2.015150) can0 12E#0000000000000060
(2.015276) can0 174#EF7F0000366B01CE
(2.015378) can0 178#E77F0B2939950115
(2.025393) can0 17C#000000002A870118
(2.025519) can0 290#0020000000000000
(2.025630) can0 12B#0000000000012F76
(2.025699) can0 174#EC7F00002E6B021A
(2.035649) can0 178#E77F0000379502B9
(2.035775) can0 17C#000000002C87023A
(2.035880) can0 290#0050000000000000
(2.035983) can0 12B#0000000000012F77
(2.045884) can0 128#1388030000EC7882
(2.046009) can0 12E#0000000000000080
(2.046112) can0 174#EA7F0000236B0351
(2.056122) can0 178#EA7F0000369503CD
(2.056252) can0 17C#00000000378703BF
(2.056357) can0 290#0040000000000000
(2.066365) can0 12B#0000000000012F76
(2.066491) can0 174#EC7F00001F6B04F3
(2.066601) can0 178#EF7F00FF31950486
(2.076609) can0 17C#00000000378704EC
(2.076735) can0 290#0050000000000000
(2.076838) can0 12B#0000000000013F76
(2.086851) can0 128#1388030000EC78A2
(2.086976) can0 12E#00000000000000A0
(2.087078) can0 12A#1208012000000000
(2.087148) can0 12C#0000000000000000
(2.087218) can0 5A0#0069200000000029
(2.097107) can0 550#00000000000000A0
(2.097234) can0 300#0F00000000000000
(2.097305) can0 174#F27F0000256B0571
(2.097407) can0 178#FA7F00002E95052E
(2.097509) can0 17C#000000002F8705E5
(2.107336) can0 450#0000000000000000
(2.107427) can0 290#0030000000000000
(2.107543) can0 12B#0000000000012F77
(2.107646) can0 174#F57F0000316B06C6
(2.117581) can0 178#068001202C950631
(2.117707) can0 17C#00000000378706D6
(2.117810) can0 290#0040000000000000
(2.127822) can0 12B#0000000000012F76
(2.127949) can0 128#1388030000EC78C2
(2.128051) can0 12E#00000000000000C0
(2.138065) can0 174#F27F00003B6B075A
(2.138198) can0 178#088002222995073D
(2.138300) can0 17C#000000004A870706
(2.148322) can0 290#0030000000000000
(2.148457) can0 12B#0000000000012F77
(2.148568) can0 174#EF7F0000386B0832
(2.148678) can0 178#00800326269508F6
(2.158553) can0 17C#00000000508708AA
(2.158687) can0 290#0040000000000000
(2.158790) can0 12B#0000000000012F76
(2.168794) can0 128#1388030000EC7822
(2.168920) can0 12E#0000000000000020
(2.169023) can0 174#EF7F00002E6B0932
(2.179037) can0 178#FD7F042528950915
(2.179163) can0 17C#000000004E8709A6
(2.179266) can0 290#0040000000000000
(2.179337) can0 12B#0000000000012F77
(2.189280) can0 12A#1208012000000000
(2.189370) can0 550#00000000000000C0
(2.189477) can0 174#EF7F0000236B0A90
(2.189587) can0 178#FD7F05202F950A01
(2.199545) can0 17C#0000000053870A1C
(2.199671) can0 450#0000000000000000
(2.199742) can0 290#0050000000000000
(2.199846) can0 12B#0000000000012F77
(2.199916) can0 128#1388030000EC7842
(2.200017) can0 12E#0000000000000040
(2.209766) can0 174#EF7F00001D6B0BAC
(2.209899) can0 178#FD7F062136950BA4
(2.210003) can0 17C#0000000053870B01
(2.220009) can0 290#0040000000000000
(2.220136) can0 12B#0000000000012F76
(2.220239) can0 174#EA7F0000226B0C65
(2.230252) can0 178#FD7F07212F950C06
(2.230378) can0 17C#000000004A870CC9
(2.230481) can0 290#0020000000000000
(2.240495) can0 12B#0000000000013F77
(2.240627) can0 128#1388030000EC7862
(2.240729) can0 12E#0000000000000060
(2.250741) can0 174#E47F00002D6B0DFF
(2.250871) can0 178#0B8008202C950D05
(2.250974) can0 17C#000000003D870D16
(2.251075) can0 290#0030000000000000
(2.260997) can0 12B#0000000000012F77
(2.261123) can0 174#E17F0000386B0E7D
(2.261225) can0 178#1980092531950E05
(2.271224) can0 17C#0000000032870EB7
(2.271350) can0 290#0040000000000000
(2.271454) can0 12B#0000000000012F77
(2.271524) can0 128#1388030000EC7882
(2.281467) can0 12E#0000000000000080
(2.281610) can0 12A#1208012000000000
(2.281679) can0 12C#0000000000000000
(2.281758) can0 5A0#0069200000000049
(2.281867) can0 550#0000000000000020
(2.291710) can0 300#0F00000000000000
(2.291813) can0 174#E47F0000396B0FDB
(2.291924) can0 178#19800A2936950FFE
(2.292027) can0 17C#000000002F870F37
(2.301960) can0 450#0000000000000000
(2.302051) can0 290#0040000000000000
(2.302121) can0 12B#0000000000012F77
(2.302199) can0 174#E47F0000366B00E6
(2.302305) can0 178#118000003A950075
(2.302407) can0 17C#000000003587009B
(2.312209) can0 290#0050000000000000
(2.312336) can0 12B#0000000000012F77
(2.312406) can0 128#1388030000EC78A2
(2.312508) can0 12E#00000000000000A0
(2.312619) can0 174#EC7F0000356B01A5
(2.322439) can0 178#0B8001203F950110
(2.322572) can0 17C#000000004887014B
(2.322675) can0 290#0010000000000000
(2.332681) can0 12B#0000000000012F77
(2.332771) can0 174#F27F0000366B02B6
(2.332880) can0 178#0B800000449502DF
(2.332982) can0 17C#000000005E870271
(2.342927) can0 290#0040000000000000
(2.343054) can0 12B#0000000000013F77
(2.343157) can0 128#1388030000EC78C2
(2.353167) can0 12E#00000000000000C0
(2.353294) can0 174#F57F00003C6B032A
(2.353396) can0 178#16800120489503B7
(2.363424) can0 17C#00000000618703C2
(2.363558) can0 290#0050000000000000
(2.363662) can0 12B#0000000000012F77
(2.363764) can0 12A#1208012000000000
(2.363839) can0 550#0000000000000040
(2.373653) can0 174#F57F0000416B04B4
(2.373779) can0 178#1C8002214A9504AC
(2.373884) can0 17C#0000000050870436
(2.383898) can0 450#0000000000000000
(2.383988) can0 290#0050000000000000
(2.384059) can0 12B#0000000000012F77
(2.384129) can0 128#1388030000EC7822
(2.384235) can0 12E#0000000000000020
(2.384338) can0 174#FD7F00003B6B053C
(2.394139) can0 178#1F8003244795056A
(2.394265) can0 17C#00000000378705F1
(2.394368) can0 290#0020000000000000
(2.404382) can0 12B#0000000000012F77
(2.404472) can0 174#00800000306B06DD
(2.404586) can0 178#1680042F42950666
(2.404688) can0 17C#00000000298706C7
(2.414639) can0 290#0040000000000000
(2.414766) can0 12B#0000000000013F77
(2.414871) can0 128#1388030000EC7842
(2.414972) can0 12E#0000000000000040
(2.424870) can0 174#008000002D6B075D
(2.424996) can0 178#0E8005123F950797
(2.425099) can0 17C#000000002C870753
(2.435111) can0 290#0040000000000000
(2.435201) can0 12B#0000000000012F77
(2.435308) can0 174#00800000306B087B
(2.435410) can0 178#0680062445950801
(2.445354) can0 17C#00000000388708F6
(2.445486) can0 290#0050000000000000
(2.445603) can0 12B#0000000000012F77
(2.445674) can0 128#1388030000EC7862
(2.455598) can0 12E#0000000000000060
(2.455725) can0 12A#1208012000000000
(2.455795) can0 12C#0000000000000000
(2.455866) can0 5A0#0069200000000069
(2.455969) can0 550#0000000000000060
(2.465840) can0 300#0F00000000000000
(2.465931) can0 174#00800000316B09E9
(2.466037) can0 178#0080072650950913
(2.466140) can0 17C#00000000408709AF
(2.476096) can0 450#0000000000000000
(2.476187) can0 290#0040000000000000
(2.476295) can0 12B#0000000000012F77
(2.476365) can0 174#00800000306B0A41
(2.476467) can0 290#0040000000000000
(2.476546) can0 12B#0000000000013F77
(2.476648) can0 128#1388030000EC7882
(2.486326) can0 12E#0000000000000080
(2.486452) can0 174#038000002D6B0B26
(2.486562) can0 178#118009254C950B73
(2.496570) can0 290#0040000000000000
(2.496661) can0 12B#0000000000012F77
(2.496767) can0 174#00800000316B0C80
(2.496872) can0 178#1180000042950CAD
(2.506812) can0 290#0040000000000000
(2.506902) can0 12B#0000000000012F77
(2.506972) can0 128#1388030000EC78A2
(2.507078) can0 12E#00000000000000A0
(2.507181) can0 290#0010000000000000
(2.517055) can0 12B#0000000000012F77
(2.517144) can0 12A#1208012000000000
(2.517214) can0 290#0050000000000000
(2.517321) can0 12B#0000000000013F77
(2.517424) can0 128#1388030000EC78C2
(2.527311) can0 12E#00000000000000C0
(2.527438) can0 12B#0000000000012F77
(2.527549) can0 174#F87F0000356B0068
(2.527651) can0 178#0380042036950083
(2.537548) can0 17C#00000000458700D3
(2.537675) can0 290#0040000000000000
(2.537779) can0 12E#0000000000000020
(2.547783) can0 174#F57F0000316B0195
(2.547910) can0 178#00800000449501CD
(2.548012) can0 174#EA7F0000336B0254
(2.558026) can0 178#F27F00004A9502F9
(2.558161) can0 17C#000000003487022E
(2.558264) can0 290#0020000000000000
(2.568269) can0 12C#0000000000000000
(2.568360) can0 5A0#0069200000000089
(2.568475) can0 550#00000000000000A0
(2.568587) can0 300#0F00000000000000
(2.568666) can0 174#E77F0000386B032F
(2.578526) can0 178#E77F0122479503EB
(2.578668) can0 17C#0000000032870336
(2.578771) can0 174#E47F0000396B0414
(2.578875) can0 178#E77F02203C9504E9
(2.588755) can0 17C#0000000034870460
(2.588889) can0 290#0040000000000000
(2.588995) can0 174#EA7F0000396B0508
(2.598998) can0 178#EC7F03323395052F
(2.599124) can0 17C#000000003D8705FE
(2.599227) can0 290#0050000000000000
(2.609241) can0 174#EF7F0000336B0614
(2.609367) can0 178#F57F04202C9506A9
(2.609469) can0 17C#0000000048870618
(2.619484) can0 290#0040000000000000
(2.619619) can0 12B#0000000000012F77
(2.619689) can0 174#F27F0000306B07DA
(2.619791) can0 178#008005232F95077C
(2.629730) can0 17C#0000000048870705
(2.629857) can0 550#00000000000000C0
(2.629961) can0 174#EF7F00002E6B082F
(2.630062) can0 178#0380063233950834
(2.639986) can0 17C#00000000488708BE
(2.640113) can0 174#EC7F0000316B094B
(2.640215) can0 178#06800721319509EB
(2.650213) can0 17C#000000005387093B
(2.650340) can0 174#EA7F0000336B0ABC
(2.650442) can0 178#0B80082734950AB6
(2.660465) can0 17C#0000000061870A37
(2.660600) can0 290#0010000000000000
(2.660704) can0 12B#0000000000012F77
(2.660774) can0 174#EC7F0000316B0B71
(2.670699) can0 178#0B80000039950BE7
(2.670825) can0 17C#0000000061870B2A
(2.670935) can0 290#0020000000000000
(2.680942) can0 174#F27F00002B6B0C8D
(2.681068) can0 178#088001203C950CFA
(2.681171) can0 17C#0000000048870CCA
(2.691198) can0 290#0050000000000000
(2.691326) can0 300#0F00000000000000
(2.691397) can0 174#F57F0000236B0D12
(2.691499) can0 178#FA7F00003E950DDE
(2.691617) can0 17C#0000000029870D08
(2.701428) can0 450#0000000000000000
(2.701534) can0 174#F57F0000236B0E35
(2.701640) can0 178#EC7F01123F950E74
(2.701751) can0 17C#000000001C870E8E
(2.711671) can0 174#F57F0000306B0FBC
(2.711805) can0 178#EC7F020F3E950F32
(2.711908) can0 17C#0000000023870F3D
(2.721915) can0 290#0040000000000000
(2.722050) can0 174#F57F0000366B0002
(2.722153) can0 178#EF7F03023A95004D
(2.732157) can0 17C#000000002E870003
(2.732284) can0 290#0030000000000000
(2.732387) can0 174#F57F0000316B0195
(2.742413) can0 178#F27F04053995017C
(2.742548) can0 17C#0000000038870103
(2.742651) can0 174#F57F00002B6B02A5
(2.742753) can0 178#FA7F05123C9502BB
(2.752643) can0 17C#00000000458702E9
(2.752769) can0 174#F57F00002D6B03BD
(2.752880) can0 178#FD7F061439950376
(2.762887) can0 17C#00000000478703F7
(2.763014) can0 174#F57F0000356B04FA
(2.763116) can0 178#FD7F072F36950480
(2.773128) can0 17C#000000003F8704E0
(2.773255) can0 174#F87F0000396B050B
(2.773358) can0 178#F87F08022F95054B
(2.783371) can0 17C#0000000032870578
(2.783498) can0 290#0030000000000000
(2.783577) can0 12B#0000000000012F78
(2.783680) can0 174#FA7F00003C6B061F
(2.793629) can0 178#FD7F090F2C9506F1
(2.793756) can0 17C#00000000298706C7
(2.793860) can0 290#0040000000000000
(2.793963) can0 12B#0000000000013F77
(2.803858) can0 300#0F00000000000000
(2.803957) can0 174#F87F0000406B07FA
(2.804064) can0 178#03800A133395079A
(2.804166) can0 17C#00000000298707DA
(2.814100) can0 174#F57F00003C6B08E5
(2.814226) can0 178#08800B033C9508DD
(2.814329) can0 17C#000000003F87087C
(2.824343) can0 174#F57F0000396B0971
(2.824469) can0 178#0B800C084495094E
(2.824580) can0 17C#000000005B870937
(2.834588) can0 174#F57F00003C6B0ADF
(2.834713) can0 178#06800D2F42950A5E
(2.834816) can0 17C#000000005B870A10
(2.844829) can0 178#FD7F0E073E950BFC
(2.844961) can0 17C#0000000048870B99
(2.845065) can0 290#0030000000000000
(2.855086) can0 12B#0000000000012F78
(2.855212) can0 17C#0000000034870C88
(2.855315) can0 450#0000000000000000
(2.855386) can0 290#0040000000000000
(2.855490) can0 290#0020000000000000
(2.865315) can0 12B#0000000000012F78
(2.865405) can0 174#E77F0000386B0EAE
(2.865511) can0 290#0040000000000000
(2.865622) can0 12B#0000000000013F77
(2.875559) can0 128#1388030000EC7882
(2.875685) can0 12E#0000000000000080
(2.875788) can0 290#0030000000000000
(2.885801) can0 12B#0000000000013F78
(2.885928) can0 174#F57F0000356B008E
(2.886030) can0 178#FA7F01282B950072
(2.896044) can0 290#0040000000000000
(2.896171) can0 12B#0000000000012F78
(2.896274) can0 128#1388030000EC78A2
(2.906300) can0 12E#00000000000000A0
(2.906427) can0 12A#1228012000000000
(2.906538) can0 12C#0000000000000000
(2.906608) can0 290#0040000000000000
(2.906679) can0 12B#0000000000013F77
(2.906781) can0 174#FA7F0000336B02ED
(2.916538) can0 290#0050000000000000
(2.916665) can0 12B#0000000000013F78
(2.916774) can0 128#1388030000EC78C2
(2.926773) can0 290#0050000000000000
(2.926864) can0 12B#0000000000012F77
(2.926970) can0 174#F57F0000336B04FF
(2.927073) can0 290#0050000000000000
(2.927143) can0 12B#0000000000013F78
(2.937016) can0 128#1388030000EC7822
(2.937141) can0 290#0040000000000000
(2.937245) can0 12B#0000000000012F78
(2.947259) can0 12A#1228012000000000
(2.947348) can0 550#00000000000000C0
(2.947419) can0 290#0020000000000000
(2.947534) can0 12B#0000000000013F77
(2.947637) can0 128#1388030000EC7842
(2.957515) can0 290#0050000000000000
(2.957647) can0 12B#0000000000013F78
(2.957749) can0 174#FA7F0000386B08BF
(2.957852) can0 178#118009202E9508D4
(2.967745) can0 290#0050000000000000
(2.967835) can0 12B#0000000000012F77
(2.967942) can0 128#1388030000EC7862
(2.968043) can0 12E#0000000000000060
(2.977988) can0 174#FA7F0000356B0927
(2.978114) can0 12B#0000000000013F78
(2.978224) can0 174#F57F0000366B0AD0
(2.988230) can0 178#14800B293E950A17
(2.988356) can0 17C#000000003D870A45
(2.988466) can0 12E#0000000000000080
(2.998474) can0 12A#1228012000000000
(2.998571) can0 12C#0000000000000000
(2.998650) can0 5A0#0069200000000049
(2.998757) can0 550#0000000000000020
(2.998867) can0 300#0F00000000000000
(2.998938) can0 174#EF7F00003E6B0C43
(3.008719) can0 178#E77F000047950C57
(3.008844) can0 17C#000000005B870C5E
(3.008946) can0 290#0040000000000000
(3.009054) can0 12B#0000000000013F78
(3.009123) can0 174#F27F0000366B0D0D
(3.018975) can0 178#E17F00FF42950DB6
(3.019101) can0 17C#0000000050870DC3
(3.019203) can0 174#FA7F0000336B0E71
(3.029202) can0 178#F57F000037950E26
(3.029328) can0 17C#000000003C870EBE
(3.029430) can0 290#0050000000000000
(3.039445) can0 174#FA7F0000306B0FE0
(3.039579) can0 178#088001202F950F49
(3.039681) can0 17C#000000001F870F1F
(3.049688) can0 550#0000000000000040
(3.049815) can0 174#F57F0000306B0007
(3.049918) can0 178#118002222F95005D
(3.059935) can0 174#EC7F0000306B012C
(3.060061) can0 178#1480032633950142
(3.060162) can0 17C#00000000F48601E5
(3.070188) can0 290#0040000000000000
(3.070314) can0 12B#0000000000013F77
(3.070423) can0 174#E77F0000336B02B2
(3.070536) can0 178#16800425369502E7
(3.080417) can0 17C#000000000E870209
(3.080552) can0 174#EA7F0000336B0349
(3.080654) can0 178#148005203995037F
(3.090660) can0 17C#000000003C87033F
(3.090786) can0 290#0040000000000000
(3.090857) can0 12B#0000000000013F78
(3.090960) can0 174#F27F0000336B0471
(3.100905) can0 178#0B8006213A950466
(3.101031) can0 17C#000000005887043A
(3.101134) can0 290#0040000000000000
(3.101204) can0 300#0F00000000000000
(3.101275) can0 174#F57F0000386B0562
(3.111146) can0 178#068007213995057B
(3.111272) can0 17C#000000005C870521
(3.111375) can0 174#F57F0000396B06CA
(3.121402) can0 178#FD7F082039950628
(3.121545) can0 17C#000000005B87068C
(3.121648) can0 290#0040000000000000
(3.121718) can0 174#F57F0000396B07D7
(3.121828) can0 178#FD7F09253C950705
(3.131637) can0 17C#0000000056870714
(3.131764) can0 174#F87F0000396B088A
(3.131877) can0 178#FA7F0A293A950859
(3.141878) can0 17C#000000004D870837
(3.142013) can0 290#0010000000000000
(3.142116) can0 174#FA7F0000396B092D
(3.152123) can0 178#FD7F00003E950924
(3.152249) can0 17C#000000003D870962
(3.152359) can0 290#0030000000000000
(3.162361) can0 174#F57F00003C6B0ADF
(3.162493) can0 178#0680012045950A7E
(3.162603) can0 17C#000000002A870AD7
(3.172619) can0 450#0000000000000000
(3.172709) can0 290#0040000000000000
(3.172817) can0 174#F57F0000396B0B4B
(3.172919) can0 178#118000004A950BF2
(3.173022) can0 17C#000000001F870B6B
(3.182847) can0 290#0030000000000000
(3.182974) can0 174#F57F0000306B0C9B
(3.183076) can0 178#1180012048950C82
(3.193090) can0 17C#0000000026870C93
(3.193216) can0 290#0050000000000000
(3.193320) can0 12B#0000000000013F77
(3.203332) can0 128#1388030000EC7822
(3.203458) can0 12E#0000000000000020
(3.203569) can0 174#F87F00002D6B0DFD
(3.213577) can0 178#0B80022144950D67
(3.213703) can0 17C#0000000042870DD8
(3.213806) can0 174#FA7F0000336B0E71
(3.223818) can0 178#008003243E950E8B
(3.223945) can0 17C#000000005B870E64
(3.224047) can0 290#0040000000000000
(3.234075) can0 300#0F00000000000000
(3.234166) can0 174#FA7F0000396B0F63
(3.234272) can0 178#F27F042F36950FAD
(3.234374) can0 17C#0000000061870F5E
(3.234484) can0 450#0000000000000000
(3.234567) can0 174#FA7F0000366B005E
(3.244304) can0 178#EC7F0512369500E4
(3.244430) can0 17C#00000000618700E5
(3.244541) can0 290#0050000000000000
(3.254555) can0 12B#0000000000013F77
(3.254644) can0 174#FA7F00002B6B01DE
(3.254750) can0 178#F27F06243C9501F6
(3.254853) can0 17C#0000000058870153
(3.264790) can0 290#0030000000000000
(3.264918) can0 174#F57F0000206B0225
(3.265020) can0 178#FA7F07264295020F
(3.275033) can0 17C#00000000458702E9
(3.275160) can0 174#EF7F00001C6B03CB
(3.275262) can0 178#03800820479503A1
(3.285290) can0 17C#0000000032870336
(3.285416) can0 174#EF7F0000226B04B9
(3.285519) can0 178#0B8009254A95041C
(3.285629) can0 17C#000000002C870474
(3.295519) can0 178#0E80000047950534
(3.295651) can0 17C#0000000032870578
(3.295754) can0 290#0050000000000000
(3.305762) can0 12B#0000000000012F78
(3.305893) can0 174#EF7F0000336B0614
(3.305995) can0 17C#000000003C870656
(3.316005) can0 290#0060000000000000
(3.316132) can0 12B#0000000000013F78
(3.316235) can0 128#1388030000EC78C2
(3.326248) can0 290#0030000000000000
(3.326375) can0 12B#0000000000013F78
(3.326445) can0 174#E77F00002A6B08FB
(3.326556) can0 290#0030000000000000
(3.326626) can0 12B#0000000000013F77
(3.336504) can0 128#1388030000EC7822
(3.336638) can0 290#0040000000000000
(3.336741) can0 12B#0000000000013F78
(3.336844) can0 174#EC7F00001F6B0A55
(3.346734) can0 290#0050000000000000
(3.346862) can0 12B#0000000000013F78
(3.346932) can0 128#1388030000EC7842
(3.347033) can0 12E#0000000000000040
(3.356977) can0 290#0030000000000000
(3.357104) can0 12B#0000000000013F77
(3.357206) can0 174#EF7F00001D6B0CFF
(3.367220) can0 178#088001223A950CD8
(3.367346) can0 290#0050000000000000
(3.367449) can0 12B#0000000000013F78
(3.377463) can0 128#1388030000EC7862
(3.377596) can0 290#0040000000000000
(3.377700) can0 12B#0000000000013F77
(3.387708) can0 12A#1228012000000000
(3.387797) can0 290#0050000000000000
(3.387905) can0 12B#0000000000013F78
(3.388008) can0 128#1388030000EC7882
(3.388108) can0 12E#0000000000000080
(3.397965) can0 290#0040000000000000
(3.398098) can0 12B#0000000000013F78
(3.398176) can0 174#FA7F0000396B00D8
(3.398282) can0 290#0040000000000000
(3.398353) can0 12B#0000000000013F77
(3.408197) can0 128#1388030000EC78A2
(3.408322) can0 290#0050000000000000
(3.408434) can0 12B#0000000000013F78
(3.418440) can0 174#EF7F00002B6B0274
(3.418572) can0 178#FA7F07213E9502B9
(3.418683) can0 17C#000000004E870269
(3.428683) can0 290#0040000000000000
(3.428810) can0 12B#0000000000013F78
(3.428880) can0 128#1388030000EC78C2
(3.428982) can0 12E#00000000000000C0
(3.438922) can0 290#0040000000000000
(3.439013) can0 12B#0000000000013F77
(3.439119) can0 174#F57F00001F6B04C5
(3.439222) can0 128#1388030000EC7822
(3.449177) can0 12E#0000000000000020
(3.449304) can0 174#F57F0000206B0576
(3.449406) can0 174#EF7F0000256B0609
(3.449508) can0 178#1180000036950631
(3.459406) can0 17C#000000004D870691
(3.459541) can0 174#EF7F00002D6B0718
(3.459643) can0 178#16800112349507C9
(3.469649) can0 17C#00000000358707C8
(3.469776) can0 290#0040000000000000
(3.469846) can0 550#0000000000000080
(3.469950) can0 174#EF7F0000356B08B7
(3.479895) can0 178#0E80020F39950848
(3.480021) can0 174#EF7F0000356B09AA
(3.480123) can0 178#068003023F9509A7
(3.490135) can0 17C#0000000023870973
(3.490262) can0 174#F57F0000316B0A5A
(3.490364) can0 178#0B80040541950AD8
(3.500392) can0 17C#000000002F870A5E
(3.500518) can0 174#F87F0000356B0BA7
(3.500629) can0 178#198005123C950BB0
(3.500731) can0 17C#0000000035870B54
(3.510624) can0 290#0030000000000000
(3.510751) can0 174#FA7F00003B6B0C47
(3.510854) can0 178#2280061433950C51
(3.520870) can0 17C#000000002A870C99
(3.520997) can0 290#0050000000000000
(3.521100) can0 550#00000000000000A0
(3.531107) can0 300#0F00000000000000
(3.531198) can0 174#FA7F00003C6B0DD0
(3.531304) can0 178#1F80072F2E950DC2
(3.531406) can0 174#F57F00003C6B0EAB
(3.541350) can0 178#0B8008022C950E4F
(3.541476) can0 17C#000000001B870E04
(3.541595) can0 174#EA7F0000406B0F11
(3.551613) can0 178#0080090F2C950F42
(3.551740) can0 17C#0000000027870F3B
(3.551851) can0 174#E77F0000436B00C0
(3.551953) can0 178#FD7F0A1333950068
(3.561836) can0 17C#000000003F870094
(3.561969) can0 174#E47F00003C6B01F4
(3.562071) can0 178#FA7F0B033C950132
(3.572079) can0 17C#00000000538701D3
(3.572211) can0 174#EA7F0000356B0251
(3.572315) can0 178#F57F0C0844950220
(3.582322) can0 17C#000000005E870271
(3.582448) can0 450#0000000000000000
(3.582519) can0 290#0040000000000000
(3.582631) can0 174#F27F0000316B0321
(3.592566) can0 178#F57F0D2F47950365
(3.592692) can0 17C#000000005B8703E5
(3.592795) can0 290#0050000000000000
(3.602808) can0 174#F87F0000336B0419
(3.602942) can0 178#FD7F0E0744950400
(3.603045) can0 17C#00000000558704BF
(3.613064) can0 174#F87F0000396B050B
(3.613190) can0 178#FD7F0F0D3C950588
(3.613293) can0 17C#00000000458705BA
(3.613396) can0 174#F27F00003C6B06CD
(3.623294) can0 178#F87F00023195060A
(3.623420) can0 17C#000000003287065F
(3.623523) can0 300#0F00000000000000
(3.623600) can0 174#EF7F0000366B0780
(3.633544) can0 178#FD7F01082C95076F
(3.633670) can0 17C#000000002E870750
(3.633773) can0 450#0000000000000000
(3.633844) can0 290#0040000000000000
(3.643779) can0 174#EF7F00002B6B08A6
(3.643906) can0 178#008000002F9508E8
(3.644009) can0 17C#000000003A8708F5
(3.654024) can0 174#EF7F0000276B09B1
(3.654156) can0 178#0680012836950901
(3.654260) can0 17C#000000004B87092F
(3.664279) can0 290#0050000000000000
(3.664406) can0 12B#0000000000013F77
(3.664476) can0 174#EF7F00002B6B0A9C
(3.664586) can0 178#0680022041950AC6
(3.664689) can0 17C#0000000047870A02
(3.674508) can0 174#E77F0000316B0B44
(3.674639) can0 178#FA7F032145950B31
(3.674742) can0 17C#000000002E870BCC
(3.684751) can0 290#0050000000000000
(3.684842) can0 12B#0000000000013F77
(3.684912) can0 174#E47F0000316B0CF0
(3.685018) can0 178#EC7F042342950CAE
(3.685120) can0 17C#0000000021870C19
(3.694994) can0 450#0000000000000000
(3.695085) can0 174#E77F00002D6B0D18
(3.695191) can0 178#EC7F052339950D11
(3.695294) can0 17C#0000000024870D8D
(3.705237) can0 290#0050000000000000
(3.705328) can0 174#EF7F00002D6B0EED
(3.705434) can0 178#FA7F062231950E73
(3.705544) can0 17C#000000002F870E2A
(3.715494) can0 178#0E8007242F950FB5
(3.715627) can0 17C#0000000035870F20
(3.715730) can0 290#0050000000000000
(3.715801) can0 17C#000000003C870018
(3.715904) can0 290#0050000000000000
(3.715980) can0 12B#0000000000013F77
(3.716053) can0 128#1388030000EC7862
(3.725723) can0 12E#0000000000000060
(3.725850) can0 12A#1228012000000000
(3.725919) can0 450#0000000000000000
(3.725991) can0 290#0050000000000000
(3.726061) can0 12B#0000000000013F78
(3.726164) can0 174#E77F0000406B0276
(3.735966) can0 178#0E800A214295029A
(3.736092) can0 290#0050000000000000
(3.736163) can0 12B#0000000000013F77
(3.736266) can0 128#1388030000EC7882
(3.746209) can0 290#0040000000000000
(3.746336) can0 12B#0000000000013F78
(3.746439) can0 174#E47F0000396B0414
(3.756461) can0 290#0050000000000000
(3.756596) can0 12B#0000000000013F78
(3.756666) can0 128#1388030000EC78A2
(3.756768) can0 290#0040000000000000
(3.766698) can0 12B#0000000000013F77
(3.766824) can0 12A#1228012000000000
(3.766894) can0 290#0050000000000000
(3.766997) can0 12B#0000000000013F78
(3.767098) can0 128#1388030000EC78C2
(3.776959) can0 290#0040000000000000
(3.777087) can0 12B#0000000000013F78
(3.777157) can0 174#F87F0000316B0886
(3.777259) can0 178#148001203A950889
(3.787181) can0 290#0040000000000000
(3.787276) can0 12B#0000000000013F78
(3.787349) can0 128#1388030000EC7822
(3.787462) can0 290#0040000000000000
(3.787540) can0 12B#0000000000013F77
(3.787642) can0 174#EF7F0000306B0A04
(3.797424) can0 178#F57F03263C950A4F
(3.797558) can0 290#0040000000000000
(3.797629) can0 12B#0000000000013F78
(3.797732) can0 128#1388030000EC7842
(3.807667) can0 12E#0000000000000040
(3.807802) can0 12A#1228012000000000
(3.807872) can0 290#0050000000000000
(3.807975) can0 12B#0000000000013F78
(3.808045) can0 174#F57F00003C6B0C91
(3.817912) can0 290#0050000000000000
(3.818003) can0 12B#0000000000013F78
(3.818073) can0 128#1388030000EC7862
(3.818186) can0 12E#0000000000000060
(3.818289) can0 174#F27F00003B6B0D88
(3.828172) can0 12B#0000000000013F77
(3.828298) can0 174#EF7F0000366B0E75
(3.828408) can0 178#1C80072137950E6C
(3.828510) can0 128#1388030000EC7882
(3.838401) can0 12E#0000000000000080
(3.838536) can0 174#EF7F0000386B0F61
(3.838646) can0 550#00000000000000C0
(3.848644) can0 174#EF7F0000366B00D3
(3.848770) can0 178#068009254795000B
(3.848875) can0 12E#00000000000000A0
(3.858884) can0 174#F57F00002D6B0187
(3.859010) can0 178#FA7F0A2945950162
(3.859118) can0 174#F87F0000236B024F
(3.869124) can0 178#FA7F00003F9502EA
(3.869256) can0 17C#00000000678702DA
(3.869360) can0 290#0030000000000000
(3.879381) can0 12B#0000000000013F78
(3.879507) can0 174#EF7F00001D6B0344
(3.879618) can0 178#F87F01203A9503E4
(3.879720) can0 17C#00000000778703DF
(3.889612) can0 174#EC7F0000176B04FF
(3.889738) can0 178#F87F00003995041B
(3.889840) can0 17C#000000007F870480
(3.899854) can0 550#0000000000000020
(3.899981) can0 300#0F00000000000000
(3.900052) can0 174#EC7F00001A6B0567
(3.900155) can0 174#F27F0000276B0655
(3.910096) can0 178#008002213C9506D9
(3.910222) can0 17C#0000000056870609
(3.910326) can0 174#F57F0000316B07DB
(3.920339) can0 178#0E800324419507B1
(3.920465) can0 17C#0000000047870783
(3.920572) can0 174#F57F0000316B0860
(3.930597) can0 178#1680042F3F95080D
(3.930723) can0 17C#000000003A8708F5
(3.930826) can0 290#0020000000000000
(3.930930) can0 12B#0000000000013F78
(3.931000) can0 128#1388030000EC7862
(3.940825) can0 174#F57F00002E6B09E3
(3.940951) can0 178#168005123F95095A
(3.941054) can0 17C#0000000031870968
(3.951068) can0 174#F57F0000316B0A5A
(3.951199) can0 178#0B80062441950ADB
(3.951303) can0 17C#000000002C870AD2
(3.961311) can0 450#0000000000000000
(3.961402) can0 174#F87F0000396B0BAD
(3.961508) can0 178#0380072642950BD5
(3.961619) can0 17C#0000000032870BDE
(3.971563) can0 174#FD7F00003B6B0CC9
(3.971689) can0 178#0080082044950C71
(3.971792) can0 17C#000000003D870C0B
(3.981797) can0 174#FA7F0000356B0D53
(3.981924) can0 178#0380092545950DBD
(3.982034) can0 17C#000000004D870D5E
(3.992053) can0 290#0030000000000000
(3.992181) can0 174#F57F0000336B0E2D
(3.992283) can0 178#0080000041950EFF
(3.992386) can0 17C#0000000055870E6D
(4.002288) can0 300#0F00000000000000
(4.002378) can0 174#F27F0000366B0F37
(4.002489) can0 178#F27F012536950FC9
(4.002598) can0 174#EF7F0000396B0055
(4.012526) can0 178#EF7F0239319500EE
(4.012659) can0 17C#000000003D870097
(4.012761) can0 174#EF7F00003B6B014B
(4.022769) can0 178#F27F03213395017C
(4.022897) can0 17C#000000002F870191
(4.023000) can0 290#0040000000000000
(4.033012) can0 12B#0000000000013F77
(4.033138) can0 174#F57F0000386B0231
(4.033247) can0 178#F87F04203695022C
(4.043268) can0 17C#00000000358702A1
(4.043394) can0 290#0050000000000000
(4.043498) can0 174#F57F0000366B0325
(4.043608) can0 178#FA7F00003C95037B
(4.053498) can0 17C#00000000478703F7
(4.053632) can0 290#0050000000000000
(4.053702) can0 174#00800000386B04EB
(4.053804) can0 178#F87F00003E950491
(4.063741) can0 17C#00000000438704A2
(4.063871) can0 174#03800000306B051D
(4.063973) can0 178#FD7F012239950535
(4.073983) can0 17C#000000003D8705FE
(4.074110) can0 174#06800000236B069A
(4.074212) can0 178#0B8002203495067D
(4.084226) can0 17C#000000003F8706DA
(4.084353) can0 174#038000001F6B0791
(4.084455) can0 178#1C800332339507B5
(4.094483) can0 17C#0000000048870705
(4.094618) can0 290#0050000000000000
(4.094688) can0 12B#0000000000013F77
(4.094757) can0 174#FD7F0000256B08AC
(4.094861) can0 178#22800420339508D0
(4.094963) can0 17C#00000000588708A6
(4.104712) can0 290#0040000000000000
(4.104839) can0 12B#0000000000013F77
(4.104909) can0 178#27800523349509A3
(4.105011) can0 17C#000000005B870937
(4.114955) can0 450#0000000000000000
(4.115046) can0 17C#0000000048870A84
(4.115153) can0 290#0050000000000000
(4.115257) can0 12B#0000000000013F77
(4.115326) can0 290#0050000000000000
(4.115397) can0 12B#0000000000013F78
(4.125198) can0 174#EC7F00003B6B0C2D
(4.125324) can0 178#1C80082734950CCF
(4.125426) can0 290#0050000000000000
(4.125497) can0 12B#0000000000013F77
(4.135441) can0 128#1388030000EC7822
(4.135572) can0 12E#0000000000000020
(4.135675) can0 290#0040000000000000
(4.145687) can0 12B#0000000000013F77
(4.145777) can0 12A#1228012000000000
(4.145846) can0 550#00000000000000C0
(4.145954) can0 290#0050000000000000
(4.146057) can0 12B#0000000000013F77
(4.146127) can0 128#1388030000EC7842
(4.146227) can0 290#0040000000000000
(4.155943) can0 12B#0000000000013F77
(4.156033) can0 174#008000002D6B000E
(4.156140) can0 178#168001123A950093
(4.156242) can0 290#0050000000000000
(4.166170) can0 12B#0000000000013F77
(4.166259) can0 128#1388030000EC7862
(4.166365) can0 290#0050000000000000
(4.166436) can0 12B#0000000000013F78
(4.166555) can0 174#FA7F00002A6B0276
(4.176413) can0 290#0030000000000000
(4.176548) can0 12B#0000000000013F77
(4.176651) can0 128#1388030000EC7882
(4.186656) can0 12E#0000000000000080
(4.186783) can0 290#0040000000000000
(4.186891) can0 12B#0000000000013F77
(4.186961) can0 174#EF7F00002D6B043F
(4.196901) can0 290#0050000000000000
(4.197028) can0 12B#0000000000013F77
(4.197098) can0 128#1388030000EC78A2
(4.197199) can0 290#0030000000000000
(4.207156) can0 12B#0000000000013F77
(4.207245) can0 174#EA7F0000276B063E
(4.207352) can0 178#FA7F072F2F9506AF
(4.207454) can0 290#0030000000000000
(4.207525) can0 12B#0000000000013F77
(4.207599) can0 128#1388030000EC78C2
(4.207700) can0 12B#0000000000013F77
(4.207777) can0 12A#1228012000000000
(4.207846) can0 550#0000000000000040
(4.217385) can0 174#EF7F0000336B08B2
(4.217511) can0 12B#0000000000013F77
(4.217589) can0 128#1388030000EC7822
(4.217691) can0 12E#0000000000000020
(4.227628) can0 174#EA7F0000286B0A24
(4.227754) can0 178#EA7F0B0339950ACD
(4.227857) can0 17C#0000000031870A4F
(4.237873) can0 174#EA7F0000236B0BB9
(4.237999) can0 178#EF7F0C0842950B01
(4.238102) can0 17C#000000001C870BE7
(4.248114) can0 290#0050000000000000
(4.248249) can0 174#EC7F0000286B0CB9
(4.248351) can0 178#FD7F0D2F48950C8A
(4.258378) can0 17C#0000000011870C31
(4.258504) can0 5A0#0069200000000069
(4.258624) can0 550#0000000000000060
(4.258728) can0 300#0F00000000000000
(4.258799) can0 174#EF7F0000306B0E70
(4.268601) can0 178#16800F0D3C950E6B
(4.268735) can0 17C#000000001B870E04
(4.268838) can0 290#0050000000000000
(4.268909) can0 174#EF7F00002B6B0FF5
(4.278842) can0 178#1C80000234950F06
(4.278969) can0 17C#0000000027870F3B
(4.279072) can0 290#0040000000000000
(4.289086) can0 174#F57F0000256B0096
(4.289211) can0 178#1C8001083695006F
(4.289314) can0 17C#0000000032870011
(4.299328) can0 290#0050000000000000
(4.299456) can0 174#FA7F0000226B015D
(4.299566) can0 178#198000003C9501BF
(4.309586) can0 17C#000000003D87018A
(4.309713) can0 174#FD7F0000276B027D
(4.309815) can0 178#19800128459502EF
(4.309918) can0 17C#0000000042870263
(4.319814) can0 174#F27F0000336B0322
(4.319941) can0 178#22800220489503B6
(4.320043) can0 17C#000000004B8703FD
(4.330057) can0 290#0020000000000000
(4.330184) can0 12B#0000000000013F77
(4.330254) can0 174#EA7F00003E6B049F
(4.330356) can0 178#2280032145950497
(4.340300) can0 17C#000000004E870427
(4.340427) can0 174#EA7F0000416B054C
(4.340537) can0 178#1180042344950518
(4.350551) can0 17C#00000000438705BF
(4.350678) can0 290#0050000000000000
(4.350781) can0 12B#0000000000013F77
(4.350851) can0 174#F27F00003B6B0647
(4.360786) can0 178#068005233E950625
(4.360913) can0 17C#000000003287065F
(4.361016) can0 290#0040000000000000
(4.371043) can0 300#0F00000000000000
(4.371134) can0 174#F87F00002A6B07A5
(4.371240) can0 178#088006223395079F
(4.371342) can0 17C#00000000358707C8
(4.371445) can0 174#FA7F00001D6B0806
(4.381272) can0 178#0B8007242E95085D
(4.381398) can0 17C#000000004A8708BD
(4.381509) can0 290#0050000000000000
(4.391515) can0 12B#0000000000013F77
(4.391617) can0 128#1388030000EC7862
(4.391722) can0 12E#0000000000000060
(4.391832) can0 174#FA7F0000206B09B6
(4.401765) can0 178#0B80082333950955
(4.401895) can0 17C#00000000568709B2
(4.402006) can0 290#0040000000000000
(4.412001) can0 12B#0000000000013F77
(4.412097) can0 174#FA7F0000256B0A18
(4.412203) can0 178#068009203A950AC7
(4.412306) can0 17C#0000000050870A90
(4.422263) can0 290#0030000000000000
(4.422390) can0 12B#0000000000013F77
(4.422460) can0 174#FA7F00002A6B0B83
(4.422571) can0 178#03800A213E950BCB
(4.422673) can0 17C#000000003F870B5B
(4.432487) can0 174#FA7F00002D6B0C5A
(4.432621) can0 178#00800B293C950C8A
(4.432723) can0 17C#0000000038870C82
(4.442730) can0 450#0000000000000000
(4.442821) can0 174#FA7F00002E6B0DCB
(4.442927) can0 178#088000003F950D4B
(4.443030) can0 17C#0000000035870D1A
(4.452973) can0 290#0030000000000000
(4.453063) can0 12B#0000000000013F77
(4.453133) can0 174#F87F0000366B0E42
(4.453239) can0 178#1680000044950E1C
(4.453342) can0 17C#000000002C870EA6
(4.463216) can0 290#0030000000000000
(4.463306) can0 174#EF7F00003C6B0F67
(4.463413) can0 178#198000FF42950FFE
(4.463515) can0 17C#0000000026870FB4
(4.473472) can0 290#0050000000000000
(4.473608) can0 12B#0000000000013F77
(4.473678) can0 174#EC7F00003E6B0038
(4.473780) can0 178#08800000399500CF
(4.473889) can0 17C#0000000023870086
(4.483702) can0 290#0050000000000000
(4.483792) can0 12B#0000000000013F77
(4.483863) can0 300#0F00000000000000
(4.483934) can0 174#EA7F00003E6B01F6
(4.484040) can0 178#EA7F01203395015E
(4.484142) can0 17C#000000002E87011E
(4.493945) can0 450#0000000000000000
(4.494036) can0 174#EF7F0000396B026F
(4.494142) can0 178#DC7F02222C95027B
(4.494244) can0 17C#000000004A87026F
(4.504188) can0 290#0050000000000000
(4.504278) can0 12B#0000000000013F77
(4.504348) can0 178#E47F03262E950345
(4.504454) can0 17C#00000000558703EC
(4.504565) can0 290#0020000000000000
(4.514430) can0 12B#0000000000013F77
(4.514520) can0 17C#00000000458704A7
(4.514635) can0 290#0030000000000000
(4.514739) can0 12B#0000000000013F77
(4.514808) can0 290#0040000000000000
(4.524676) can0 12B#0000000000013F77
(4.524766) can0 12A#1228012000000000
(4.524835) can0 450#0000000000000000
(4.524912) can0 290#0040000000000000
(4.524986) can0 12B#0000000000013F77
(4.525057) can0 290#0050000000000000
(4.525165) can0 12B#0000000000013F77
(4.525235) can0 174#FD7F0000366B0838
(4.525337) can0 290#0010000000000000
(4.525439) can0 12B#0000000000013F77
(4.525512) can0 128#1388030000EC78A2
(4.534936) can0 12E#00000000000000A0
(4.535064) can0 290#0050000000000000
(4.535169) can0 12B#0000000000013F77
(4.535239) can0 174#FA7F0000316B0A06
(4.545159) can0 290#0050000000000000
(4.545250) can0 12B#0000000000013F77
(4.545320) can0 128#1388030000EC78C2
(4.545425) can0 12E#00000000000000C0
(4.545537) can0 290#0040000000000000
(4.555402) can0 12B#0000000000013F77
(4.555492) can0 174#EC7F00002D6B0C30
(4.555606) can0 290#0040000000000000
(4.555677) can0 12B#0000000000013F77
(4.555747) can0 128#1388030000EC7822
(4.555849) can0 290#0050000000000000
(4.565645) can0 12B#0000000000013F77
(4.565735) can0 174#E47F0000286B0E51
(4.565841) can0 178#0E80012045950ED8
(4.565944) can0 17C#0000000037870E3E
(4.575890) can0 290#0040000000000000
(4.576017) can0 12B#0000000000013F77
(4.576087) can0 128#1388030000EC7842
(4.576189) can0 290#0040000000000000
(4.576260) can0 12B#0000000000013F77
(4.576329) can0 12A#1228012000000000
(4.576399) can0 290#0040000000000000
(4.576470) can0 12B#0000000000013F77
(4.576548) can0 128#1388030000EC7862
(4.586145) can0 12E#0000000000000060
(4.586272) can0 290#0050000000000000
(4.586375) can0 12B#0000000000013F77
(4.586445) can0 174#F87F00002E6B02CA
(4.586564) can0 128#1388030000EC7882
(4.596374) can0 12E#0000000000000080
(4.596501) can0 174#F87F0000306B03C6
(4.596612) can0 174#F57F0000386B047F
(4.606618) can0 178#148007264D9504DF
(4.606744) can0 17C#000000003C87046C
(4.606847) can0 290#0050000000000000
(4.606918) can0 12A#1228012000000000
(4.606987) can0 12C#0000000000000000
(4.607058) can0 5A0#0069200000000029
(4.616862) can0 550#00000000000000A0
(4.616989) can0 174#F57F00003B6B06C9
(4.617092) can0 178#1680092542950675
(4.627103) can0 17C#00000000318706D3
(4.627230) can0 174#F27F0000366B07DF
(4.627332) can0 178#088000003C950715
(4.637360) can0 17C#0000000040870709
(4.637486) can0 174#EF7F0000316B08B1
(4.637597) can0 178#F87F0125369508F2
(4.637699) can0 17C#000000004B870832
(4.647590) can0 174#F27F00002A6B096B
(4.647716) can0 178#F57F0239339509C9
(4.647818) can0 17C#000000004B87092F
(4.657832) can0 290#0050000000000000
(4.657922) can0 550#00000000000000C0
(4.658030) can0 174#F57F0000286B0AC1
(4.658140) can0 178#0080032139950AA6
(4.668075) can0 17C#000000004E870A81
(4.668215) can0 174#F57F0000276B0B5A
(4.668319) can0 178#0E80042041950B68
(4.678318) can0 17C#000000004B870B15
(4.678452) can0 174#F57F00002D6B0C06
(4.678563) can0 178#1480000045950C13
(4.688576) can0 17C#0000000043870C4A
(4.688709) can0 174#F57F0000306B0D86
(4.688811) can0 178#1180000041950D3C
(4.688914) can0 17C#0000000037870D19
(4.698804) can0 174#F57F00002B6B0E39
(4.698930) can0 178#0B80012234950E0C
(4.699033) can0 17C#000000002F870E2A
(4.709052) can0 290#0040000000000000
(4.709179) can0 12B#0000000000013F77
(4.709249) can0 128#1388030000EC7882
(4.709318) can0 300#0F00000000000000
(4.709389) can0 174#F57F0000236B0F28
(4.709492) can0 178#038002202C950F4E
(4.719289) can0 17C#000000003D870F2C
(4.719416) can0 174#FD7F0000206B00CD
(4.719519) can0 178#008003322F9500F6
(4.729540) can0 17C#0000000050870042
(4.729667) can0 290#0050000000000000
(4.729771) can0 12B#0000000000013F77
(4.729841) can0 128#1388030000EC78A2
(4.739775) can0 174#FD7F0000276B015A
(4.739903) can0 178#00800420379501F6
(4.740006) can0 17C#00000000558701D6
(4.750032) can0 290#0050000000000000
(4.750123) can0 174#FA7F00002E6B0270
(4.750229) can0 178#06800523399502DB
(4.750331) can0 17C#000000004A87026F
(4.750435) can0 174#F57F0000336B03AC
(4.760261) can0 178#08800632319503CD
(4.760388) can0 17C#0000000032870336
(4.760491) can0 290#0030000000000000
(4.770504) can0 12B#0000000000013F77
(4.770602) can0 12A#1228012000000000
(4.770672) can0 550#0000000000000040
(4.770780) can0 174#F57F0000366B0476
(4.770884) can0 178#068007212E9504F4
(4.780747) can0 17C#00000000298704FD
(4.780876) can0 450#0000000000000000
(4.780948) can0 174#F57F0000336B05E2
(4.781050) can0 178#0080082734950538
(4.790990) can0 17C#0000000038870577
(4.791117) can0 290#0040000000000000
(4.791221) can0 12B#0000000000013F77
(4.791291) can0 174#F27F0000316B0648
(4.801247) can0 178#068000003F950685
(4.801373) can0 17C#000000004D870691
(4.801476) can0 174#EF7F0000396B0706
(4.801595) can0 178#0B80012045950719
(4.811476) can0 17C#0000000056870714
(4.811611) can0 290#0040000000000000
(4.811682) can0 174#F57F00003E6B08E6
(4.811800) can0 178#0E800000399508F4
(4.821719) can0 17C#000000004D870837
(4.821854) can0 290#0050000000000000
(4.821958) can0 300#0F00000000000000
(4.822037) can0 174#FA7F00003C6B09A4
(4.831962) can0 178#0080011223950997
(4.832088) can0 17C#00000000408709AF
(4.832191) can0 450#0000000000000000
(4.832263) can0 290#0060000000000000
(4.842205) can0 12B#0000000000013F77
(4.842301) can0 174#FD7F0000356B0A8E
(4.842407) can0 178#F27F020F16950ADF
(4.842510) can0 17C#0000000038870ACC
(4.852462) can0 290#0030000000000000
(4.852597) can0 12B#0000000000013F77
(4.852667) can0 128#1388030000EC7882
(4.852769) can0 174#008000002A6B0B4B
(4.852874) can0 178#EF7F030213950B31
(4.862691) can0 17C#0000000034870BDB
(4.862818) can0 174#FD7F0000236B0CDD
(4.862920) can0 178#F57F04051B950C40
(4.872935) can0 17C#0000000038870C82
(4.873062) can0 174#F87F0000236B0DF4
(4.873164) can0 178#0380051226950D38
(4.883177) can0 17C#000000004D870D5E
(4.883303) can0 17C#000000005C870EEE
(4.883406) can0 450#0000000000000000
(4.883478) can0 290#0050000000000000
(4.893420) can0 12B#0000000000013F77
(4.893514) can0 128#1388030000EC78C2
(4.893639) can0 17C#000000005E870FF0
(4.893742) can0 290#0030000000000000
(4.903665) can0 12B#0000000000013F77
(4.903755) can0 174#EA7F0000276B0070
(4.903867) can0 290#0040000000000000
(4.903979) can0 12B#0000000000013F77
(4.904049) can0 128#1388030000EC7822
(4.904149) can0 290#0050000000000000
(4.913923) can0 12B#0000000000013F77
(4.914013) can0 174#EF7F00001A6B02D3
(4.914119) can0 290#0030000000000000
(4.914223) can0 12B#0000000000013F77
(4.914293) can0 128#1388030000EC7842
(4.924149) can0 290#0020000000000000
(4.924276) can0 12B#0000000000013F77
(4.924346) can0 174#00800000276B0475
(4.924448) can0 178#16800C08349504D8
(4.934392) can0 290#0040000000000000
(4.934519) can0 12B#0000000000014F77
(4.934629) can0 128#1388030000EC7862
(4.944634) can0 290#0030000000000000
(4.944762) can0 12B#0000000000013F77
(4.944870) can0 174#03800000336B06B6
(4.954880) can0 178#0B800E0731950688
(4.955006) can0 290#0050000000000000
(4.955110) can0 12B#0000000000013F77
(4.955180) can0 128#1388030000EC7882
(4.965134) can0 290#0050000000000000
(4.965229) can0 12B#0000000000013F77
(4.965303) can0 12A#1228012000000000
(4.965373) can0 550#00000000000000C0
(4.965481) can0 290#0050000000000000
(4.965560) can0 12B#0000000000013F77
(4.965630) can0 128#1388030000EC78A2
(4.965731) can0 290#0040000000000000
(4.965835) can0 12B#0000000000013F77
(4.965905) can0 174#F57F0000306B0AD5
(4.975364) can0 178#1680000037950AAC
(4.975490) can0 17C#0000000037870A4A
(4.975601) can0 290#0050000000000000
(4.985608) can0 12B#0000000000013F77
(4.985697) can0 128#1388030000EC78C2
(4.985803) can0 290#0050000000000000
(4.985874) can0 12B#0000000000013F77
(4.985944) can0 174#F57F00002A6B0C8C
(4.986046) can0 178#FD7F022034950CDC
(4.995849) can0 128#1388030000EC7822
(4.995975) can0 12E#0000000000000020
(4.996078) can0 12A#1228012000000000
(4.996147) can0 12B#0000000000013F77
(4.996217) can0 174#F57F00002A6B0EB6
(5.006092) can0 178#F27F042344950E29
(5.006217) can0 17C#000000001F870E02
(5.006319) can0 174#EF7F00002A6B0F7A
(5.016349) can0 178#F87F05234C950F3A
(5.016474) can0 17C#0000000038870FA5
(5.016585) can0 290#0050000000000000
(5.016660) can0 12B#0000000000013F77
(5.016733) can0 174#F57F00002A6B0010
(5.016835) can0 178#0080062247950050
(5.026579) can0 17C#0000000050870042
(5.026706) can0 174#FA7F00002D6B01DB
(5.026808) can0 178#068007243C950155
(5.036821) can0 17C#00000000518701D0
(5.036948) can0 290#0040000000000000
(5.037051) can0 550#0000000000000040
(5.047064) can0 174#FA7F0000316B02EE
(5.047189) can0 178#FA7F0823369502EE
(5.047291) can0 17C#0000000042870263
(5.057307) can0 450#0000000000000000
(5.057397) can0 174#F57F0000336B03AC
(5.057503) can0 178#E77F0920339503F5
(5.057613) can0 17C#0000000038870339
(5.067565) can0 290#0060000000000000
(5.067692) can0 174#F57F0000306B0473
(5.067794) can0 178#E17F0A2137950450
(5.067896) can0 17C#000000003C87046C
(5.077793) can0 290#0030000000000000
(5.077920) can0 12B#0000000000013F77
(5.077990) can0 174#F57F00002A6B0579
(5.078091) can0 178#EA7F0B293F950582
(5.088036) can0 17C#000000003C870571
(5.088169) can0 290#0030000000000000
(5.088239) can0 12B#0000000000013F77
(5.088308) can0 174#FA7F0000276B0687
(5.088418) can0 178#FA7F0000479506DA
(5.098279) can0 17C#00000000358706D5
(5.098412) can0 290#0040000000000000
(5.098515) can0 12B#0000000000014F77
(5.108522) can0 300#0F00000000000000
(5.108626) can0 174#F57F0000276B07C6
(5.108732) can0 178#0080000048950789
(5.108835) can0 17C#00000000358707C8
(5.118765) can0 450#0000000000000000
(5.118856) can0 174#EF7F0000306B083E
(5.118962) can0 178#068000FF419508C4
(5.119064) can0 17C#00000000428708B1
(5.129021) can0 290#0050000000000000
(5.129148) can0 12B#0000000000013F77
(5.129251) can0 174#EF7F0000366B0926
(5.129353) can0 178#068000003995093B
(5.139251) can0 17C#0000000047870925
(5.139377) can0 290#0040000000000000
(5.139481) can0 12B#0000000000013F77
(5.139559) can0 174#EF7F0000386B0A08
(5.149494) can0 178#0380012036950A8E
(5.149627) can0 17C#0000000037870A4A
(5.149730) can0 290#0040000000000000
(5.149800) can0 12B#0000000000013F77
(5.149871) can0 128#1388030000EC7842
(5.159737) can0 12E#0000000000000040
(5.159865) can0 174#EF7F0000316B0B96
(5.159967) can0 178#0080022236950BED
(5.169979) can0 17C#000000002A870BCA
(5.170111) can0 290#0050000000000000
(5.170216) can0 12B#0000000000013F77
(5.170286) can0 12A#1228012000000000
(5.170356) can0 550#0000000000000080
(5.180236) can0 174#EF7F0000286B0C5E
(5.180362) can0 178#008003263E950C96
(5.180464) can0 17C#0000000029870C15
(5.180572) can0 450#0000000000000000
(5.180644) can0 290#0060000000000000
(5.190465) can0 12B#0000000000013F77
(5.190563) can0 128#1388030000EC7862
(5.190669) can0 174#F27F0000286B0D1C
(5.190771) can0 178#F87F042545950D80
(5.200708) can0 17C#0000000035870D1A
(5.200835) can0 290#0030000000000000
(5.200939) can0 174#F87F0000336B0ECB
(5.210951) can0 178#FD7F052048950EAF
(5.211077) can0 17C#0000000042870EFF
(5.211180) can0 290#0040000000000000
(5.221194) can0 12B#0000000000014F77
(5.221321) can0 128#1388030000EC7882
(5.221422) can0 12E#0000000000000080
(5.231451) can0 174#FA7F0000396B0F63
(5.231591) can0 178#0680062145950F81
(5.231694) can0 17C#000000003D870F2C
(5.231797) can0 290#0030000000000000
(5.241680) can0 12B#0000000000013F77
(5.241814) can0 174#FA7F0000366B005E
(5.241924) can0 178#1180072139950025
(5.251925) can0 17C#0000000029870089
(5.252060) can0 290#0050000000000000
(5.252164) can0 12B#0000000000013F77
(5.252233) can0 300#0F00000000000000
(5.252304) can0 174#FA7F00002E6B0157
(5.262173) can0 178#11800820299501C1
(5.262299) can0 17C#000000001F8701B9
(5.262402) can0 450#0000000000000000
(5.262481) can0 290#0040000000000000
(5.272409) can0 174#FA7F00002A6B0276
(5.272543) can0 178#038009251E9502FE
(5.272645) can0 17C#00000000218702BF
(5.282655) can0 174#FD7F00002A6B03E5
(5.282781) can0 178#F87F0A292095033B
(5.282889) can0 17C#0000000026870328
(5.282990) can0 174#F57F0000236B04E7
(5.292913) can0 178#F57F0000299504E5
(5.293039) can0 17C#000000002F8704F8
(5.293142) can0 290#0050000000000000
(5.303138) can0 174#F27F00001D6B0555
(5.303264) can0 178#FA7F01203695051A
(5.303366) can0 17C#000000003D8705FE
(5.313381) can0 174#F57F0000176B06F3
(5.313507) can0 178#088000003E95060B
(5.313618) can0 17C#0000000053870680
(5.323624) can0 450#0000000000000000
(5.323715) can0 174#FA7F0000156B07B1
(5.323828) can0 178#1180012044950747
(5.323932) can0 17C#000000005E870718
(5.333870) can0 178#14800221449508EB
(5.333996) can0 17C#000000005B87082A
(5.334099) can0 290#0040000000000000
(5.344123) can0 17C#000000005387093B
(5.344250) can0 290#0050000000000000
(5.344353) can0 12B#0000000000013F77
(5.344423) can0 174#FA7F0000276B0A1B
(5.344525) can0 290#0050000000000000
(5.344604) can0 12B#0000000000013F77
(5.344674) can0 128#1388030000EC7882
(5.344743) can0 290#0050000000000000
(5.344813) can0 12B#0000000000013F77
(5.344884) can0 174#FA7F0000336B0C4B
(5.354353) can0 178#118006244A950CC4
(5.354478) can0 17C#0000000032870C8D
(5.354589) can0 290#0040000000000000
(5.364597) can0 12B#0000000000013F77
(5.364687) can0 128#1388030000EC78A2
(5.364793) can0 12E#00000000000000A0
(5.364897) can0 290#0050000000000000
(5.374838) can0 12B#0000000000013F77
(5.374928) can0 174#FA7F0000366B0EF8
(5.375034) can0 178#0E8008204F950ECA
(5.375137) can0 290#0060000000000000
(5.385081) can0 12B#0000000000014F77
(5.385208) can0 128#1388030000EC78C2
(5.385316) can0 290#0040000000000000
(5.395338) can0 12B#0000000000013F77
(5.395464) can0 12A#1228012000000000
(5.395539) can0 550#0000000000000040
(5.395643) can0 174#008000002B6B000B
(5.395745) can0 290#0040000000000000
(5.395816) can0 12B#0000000000013F77
(5.395887) can0 128#1388030000EC7822
(5.405569) can0 290#0040000000000000
(5.405659) can0 12B#0000000000013F77
(5.405729) can0 174#FA7F0000306B0261
(5.405835) can0 178#F57F0239429502C1
(5.405938) can0 17C#000000004B8702E0
(5.415810) can0 290#0040000000000000
(5.415901) can0 12B#0000000000013F77
(5.415971) can0 128#1388030000EC7842
(5.416077) can0 12E#0000000000000040
(5.416180) can0 290#0030000000000000
(5.426053) can0 12B#0000000000013F77
(5.426143) can0 174#F57F0000356B04FA
(5.426249) can0 178#0680042048950482
(5.426352) can0 290#0050000000000000
(5.436296) can0 12B#0000000000013F78
(5.436423) can0 128#1388030000EC7862
(5.436524) can0 12E#0000000000000060
(5.446554) can0 290#0060000000000000
(5.446681) can0 12B#0000000000013F77
(5.446784) can0 174#F57F0000406B0601
(5.446891) can0 178#03800000419506F0
(5.456782) can0 12B#0000000000014F77
(5.456909) can0 128#1388030000EC7882
(5.457011) can0 12E#0000000000000080
(5.467025) can0 174#F57F00003E6B075D
(5.467151) can0 174#F57F0000366B08EA
(5.467253) can0 178#008002202C9508FA
(5.477268) can0 17C#000000003C8708F0
(5.477395) can0 290#0050000000000000
(5.477498) can0 12E#00000000000000A0
(5.487511) can0 174#F27F0000336B09F0
(5.487645) can0 178#0E80033229950907
(5.487748) can0 17C#000000004E8709A6
(5.497754) can0 550#0000000000000080
(5.497884) can0 174#EF7F0000366B0A01
(5.497986) can0 178#0E8004202F950A2C
(5.508011) can0 17C#0000000056870A95
(5.508145) can0 450#0000000000000000
(5.508217) can0 174#F57F0000396B0B4B
(5.508319) can0 178#0880052336950BA9
(5.508430) can0 17C#000000004E870B9C
(5.518240) can0 174#FA7F0000366B0CC2
(5.518374) can0 178#0B80063236950C1B
(5.518477) can0 17C#0000000040870CC6
(5.528483) can0 174#F57F0000306B0D86
(5.528625) can0 178#1680072134950DAF
(5.528727) can0 17C#0000000035870D1A
(5.538726) can0 290#0040000000000000
(5.538853) can0 174#F57F0000276B0E33
(5.538963) can0 178#2280082739950EA7
(5.548969) can0 17C#0000000026870EA9
(5.549095) can0 290#0050000000000000
(5.549199) can0 550#00000000000000A0
(5.559225) can0 300#0F00000000000000
(5.559316) can0 174#EF7F0000226B0F76
(5.559422) can0 178#278000003F950F42
(5.559525) can0 17C#0000000015870F10
(5.559632) can0 450#0000000000000000
(5.559703) can0 174#EA7F0000276B0070
(5.569455) can0 178#228001203F9500ED
(5.569585) can0 17C#000000000D8700BF
(5.569688) can0 290#0050000000000000
(5.569758) can0 12B#0000000000013F77
(5.579698) can0 174#E77F00002A6B010E
(5.579824) can0 178#1C8000003E950188
(5.579927) can0 17C#000000001E870136
(5.589941) can0 290#0040000000000000
(5.590068) can0 174#EF7F00002D6B0271
(5.590171) can0 178#0B8001123E9502F0
(5.600184) can0 17C#000000003F8702AE
(5.600310) can0 174#F27F0000336B0322
(5.600413) can0 178#0080020F3E95030C
(5.610440) can0 17C#00000000538703E9
(5.610572) can0 174#F57F0000386B047F
(5.610675) can0 178#FA7F03023A9504B4
(5.610777) can0 17C#00000000558704BF
(5.620669) can0 450#0000000000000000
(5.620760) can0 174#F87F0000386B0584
(5.620875) can0 178#FD7F0405369505D2
(5.620980) can0 17C#000000004A87053C
(5.630914) can0 290#0050000000000000
(5.631041) can0 12B#0000000000013F77
(5.631111) can0 174#FA7F0000336B0699
(5.631213) can0 178#06800512369506DB
(5.641155) can0 17C#0000000042870617
(5.641282) can0 290#0040000000000000
(5.641386) can0 12B#0000000000013F78
(5.651398) can0 128#1388030000EC78C2
(5.651524) can0 12E#00000000000000C0
(5.651638) can0 174#FA7F0000316B0787
(5.661644) can0 178#0B8006143C9507F8
(5.661778) can0 17C#0000000045870780
(5.661884) can0 290#0050000000000000
(5.661994) can0 12B#0000000000014F77
(5.671908) can0 174#FA7F0000336B083F
(5.672034) can0 178#1180072F3F95083D
(5.672136) can0 17C#000000004B870832
(5.682127) can0 290#0050000000000000
(5.682226) can0 12B#0000000000013F78
(5.682332) can0 128#1388030000EC7822
(5.682434) can0 12E#0000000000000020
(5.692378) can0 300#0F00000000000000
(5.692469) can0 174#FA7F00002E6B09BF
(5.692584) can0 178#0B8008023F950988
(5.692686) can0 174#F57F0000286B0AC1
(5.702614) can0 178#0B80090F37950A86
(5.702753) can0 17C#0000000032870AC3
(5.702858) can0 290#0050000000000000
(5.702929) can0 12B#0000000000013F78
(5.703007) can0 128#1388030000EC7842
(5.712857) can0 174#F27F0000276B0BD4
(5.712983) can0 178#11800A1331950B06
(5.713086) can0 17C#000000002C870BCF
(5.723113) can0 174#EF7F0000276B0CD8
(5.723239) can0 178#19800B0331950CC8
(5.723341) can0 17C#000000002E870C9F
(5.723444) can0 174#EF7F0000256B0DC6
(5.733342) can0 178#1C800C0833950DCF
(5.733468) can0 17C#000000002F870D0D
(5.733579) can0 174#EF7F0000276B0EE2
(5.743586) can0 178#16800D2F39950E5B
(5.743712) can0 17C#0000000034870EB2
(5.743815) can0 450#0000000000000000
(5.743887) can0 174#EF7F0000306B0F6D
(5.753828) can0 178#11800E073F950FA5
(5.753954) can0 17C#0000000037870F23
(5.754064) can0 290#0040000000000000
(5.764071) can0 174#F27F0000366B008C
(5.764197) can0 178#11800F0D42950002
(5.764299) can0 17C#000000003C870018
(5.774327) can0 290#0040000000000000
(5.774418) can0 174#F57F0000396B0199
(5.774524) can0 178#0B800002449501DF
(5.774632) can0 17C#0000000042870144
(5.774742) can0 290#0050000000000000
(5.784558) can0 12B#0000000000013F78
(5.784648) can0 178#11800108429502FD
(5.784754) can0 17C#00000000438702EC
(5.784858) can0 290#0060000000000000
(5.794800) can0 17C#00000000438703F1
(5.794927) can0 450#0000000000000000
(5.794998) can0 290#0040000000000000
(5.795101) can0 12B#0000000000014F78
(5.805043) can0 290#0050000000000000
(5.805170) can0 12B#0000000000013F78
(5.805272) can0 128#1388030000EC7822
(5.815285) can0 12E#0000000000000020
(5.815376) can0 290#0040000000000000
(5.815483) can0 12B#0000000000013F77
(5.815594) can0 174#F57F0000366B064C
(5.825550) can0 178#168003212C9506C1
(5.825676) can0 290#0050000000000000
(5.825779) can0 12B#0000000000014F78
(5.825884) can0 128#1388030000EC7842
(5.835771) can0 12E#0000000000000040
(5.835899) can0 290#0050000000000000
(5.835970) can0 12B#0000000000013F78
(5.836073) can0 12A#1228012000000000
(5.836142) can0 550#0000000000000080
(5.846014) can0 174#F57F0000276B087D
(5.846140) can0 290#0050000000000000
(5.846211) can0 12B#0000000000013F78
(5.846286) can0 128#1388030000EC7862
(5.846393) can0 290#0040000000000000
(5.856257) can0 12B#0000000000014F78
(5.856384) can0 174#EF7F0000226B0A1F
(5.856486) can0 178#0E80072447950A80
(5.866500) can0 17C#000000002F870A5E
(5.866635) can0 290#0050000000000000
(5.866738) can0 12B#0000000000013F78
(5.876743) can0 128#1388030000EC7882
(5.876874) can0 12E#0000000000000080
(5.876977) can0 174#EF7F0000236B0B8D
(5.887000) can0 290#0040000000000000
(5.887127) can0 12B#0000000000013F77
(5.887230) can0 174#EF7F0000206B0C52
(5.887332) can0 178#F57F092048950C85
(5.897229) can0 290#0040000000000000
(5.897320) can0 12B#0000000000014F78
(5.897426) can0 128#1388030000EC78A2
(5.897536) can0 290#0050000000000000
(5.907472) can0 12B#0000000000013F78
(5.907606) can0 174#EF7F0000236B0EE4
(5.907709) can0 290#0050000000000000
(5.907788) can0 12B#0000000000014F78
(5.917715) can0 128#1388030000EC78C2
(5.917840) can0 290#0020000000000000
(5.917944) can0 12B#0000000000013F78
(5.927958) can0 174#F57F00002D6B009A
(5.928084) can0 178#148000003695004B
(5.928194) can0 12B#0000000000013F78
(5.928264) can0 128#1388030000EC7822
(5.938220) can0 12E#0000000000000020
(5.938347) can0 12A#1228012000000000
(5.938424) can0 550#00000000000000C0
(5.938536) can0 174#F57F00002A6B022A
(5.938645) can0 178#1C800000349502A0
(5.948449) can0 17C#00000000218702BF
(5.948580) can0 12E#0000000000000040
(5.948692) can0 174#F57F0000306B0320
(5.958692) can0 178#0B800120369503A9
(5.958818) can0 17C#000000002487032B
(5.958922) can0 174#F57F0000366B0476
(5.968935) can0 178#008002223C950459
(5.969061) can0 17C#000000002F8704F8
(5.969164) can0 174#F57F0000336B05E2
(5.979173) can0 178#03800326429505C6
(5.979299) can0 17C#00000000478705B9
(5.979402) can0 290#0050000000000000
(5.989429) can0 174#F87F00002D6B0632
(5.989564) can0 178#0880042544950660
(5.989666) can0 17C#0000000058870600
(5.989770) can0 550#0000000000000020
(5.999659) can0 300#0F00000000000000
(5.999750) can0 174#F57F00002E6B0745
(5.999857) can0 174#F27F0000306B0861
(5.999959) can0 178#038006213C95082D
(6.009903) can0 17C#0000000053870826
(6.010029) can0 174#EF7F00002B6B09BB
(6.010131) can0 178#11800721399509D0
(6.020145) can0 17C#0000000047870925
(6.020271) can0 290#0030000000000000
(6.020374) can0 174#EF7F0000276B0A96
(6.030388) can0 178#1C80082036950A76
(6.030513) can0 17C#000000003C870ACA
(6.030623) can0 174#F57F0000256B0B59
(6.040633) can0 178#1480092536950B00
(6.040759) can0 17C#0000000034870BDB
(6.040867) can0 290#0040000000000000
(6.040969) can0 12B#0000000000013F78
(6.041038) can0 12A#1228012000000000
(6.041107) can0 550#0000000000000040
(6.050891) can0 174#FA7F0000206B0CDF
(6.051017) can0 178#00800A2937950C60
(6.051119) can0 17C#0000000029870C15
(6.061116) can0 450#0000000000000000
(6.061207) can0 290#0020000000000000
(6.061314) can0 12B#0000000000014F78
(6.061416) can0 174#FA7F00001A6B0DE5
(6.071359) can0 178#F57F000039950D08
(6.071485) can0 17C#0000000026870D8E
(6.071604) can0 290#0060000000000000
(6.081604) can0 174#FA7F00001D6B0E48
(6.081729) can0 178#EC7F012042950EF1
(6.081839) can0 17C#0000000035870E3D
(6.091851) can0 290#0050000000000000
(6.091978) can0 174#FD7F00002A6B0F79
(6.092080) can0 178#EC7F000045950F46
(6.102102) can0 17C#000000004B870F61
(6.102236) can0 174#FD7F0000366B00D0
(6.102338) can0 178#F87F012044950082
(6.102449) can0 17C#000000005B8700C2
(6.112331) can0 290#0020000000000000
(6.112458) can0 12B#0000000000013F78
(6.112569) can0 128#1388030000EC7862
(6.122576) can0 12E#0000000000000060
(6.122702) can0 300#0F00000000000000
(6.122773) can0 174#F87F0000366B01F9
(6.122878) can0 178#088002214495011C
(6.132817) can0 17C#00000000618701F8
(6.132944) can0 450#0000000000000000
(6.133015) can0 174#F87F0000306B02DB
(6.133118) can0 178#11800324449502B4
(6.143060) can0 17C#000000005C870272
(6.143187) can0 290#0050000000000000
(6.143290) can0 12B#0000000000013F78
(6.143360) can0 174#00800000276B0326
(6.153317) can0 178#0B80042F419503DC
(6.153443) can0 17C#0000000050870365
(6.153554) can0 290#0040000000000000
(6.153658) can0 174#03800000206B0418
(6.163553) can0 178#0680051239950467
(6.163679) can0 17C#000000003F8704E0
(6.163782) can0 174#038000001F6B05AB
(6.173789) can0 178#0B8006242F950539
(6.173916) can0 17C#0000000032870578
(6.174026) can0 290#0050000000000000
(6.184032) can0 174#FA7F0000236B0681
(6.184158) can0 178#118007262C95060E
(6.184260) can0 17C#000000003287065F
(6.194275) can0 174#F87F00002B6B072A
(6.194401) can0 178#168008202F950704
(6.194503) can0 17C#000000002E870750
(6.204539) can0 174#F57F00002D6B0872
(6.204665) can0 178#118009253395089A
(6.204767) can0 17C#000000002387086E
(6.204873) can0 174#EF7F00002D6B09BE
(6.214761) can0 178#0680000033950934
(6.214893) can0 17C#000000001E8709DE
(6.214996) can0 174#EA7F00002B6B0AA8
(6.225004) can0 178#0080012539950A3C
(6.225130) can0 17C#0000000024870ADE
(6.225233) can0 174#E47F0000286B0B38
(6.235247) can0 178#038002393F950B8A
(6.235373) can0 17C#0000000035870B54
(6.235476) can0 450#0000000000000000
(6.235555) can0 290#0040000000000000
(6.245490) can0 178#0B80032145950C9F
(6.245624) can0 17C#000000004D870C43
(6.245727) can0 290#0040000000000000
(6.245798) can0 17C#0000000059870D40
(6.255733) can0 290#0050000000000000
(6.255861) can0 12B#0000000000013F78
(6.255931) can0 290#0030000000000000
(6.256034) can0 12B#0000000000014F78
(6.265989) can0 128#1388030000EC7882
(6.266115) can0 290#0040000000000000
(6.266218) can0 12B#0000000000013F78
(6.266321) can0 12A#1228012000000000
(6.266390) can0 290#0050000000000000
(6.276218) can0 12B#0000000000013F78
(6.276308) can0 128#1388030000EC78A2
(6.276414) can0 12E#00000000000000A0
(6.276517) can0 174#EF7F0000186B01F7
(6.286461) can0 178#0080022048950159
(6.286596) can0 290#0020000000000000
(6.286699) can0 12B#0000000000014F78
(6.296704) can0 174#EF7F0000176B0256
(6.296830) can0 178#F57F033247950204
(6.296933) can0 290#0020000000000000
(6.297004) can0 12B#0000000000013F78
(6.306948) can0 128#1388030000EC78C2
(6.307073) can0 290#0030000000000000
(6.307177) can0 12B#0000000000014F78
(6.317204) can0 174#F57F00002D6B04EE
(6.317330) can0 290#0040000000000000
(6.317433) can0 12B#0000000000013F78
(6.317544) can0 128#1388030000EC7822
(6.327433) can0 290#0020000000000000
(6.327568) can0 12B#0000000000014F78
(6.327671) can0 174#FA7F0000356B069C
(6.337676) can0 178#088007213C9506D4
(6.337802) can0 290#0030000000000000
(6.337913) can0 12B#0000000000013F78
(6.347921) can0 128#1388030000EC7842
(6.348046) can0 12E#0000000000000040
(6.348157) can0 290#0030000000000000
(6.348228) can0 12B#0000000000014F78
(6.358167) can0 174#FA7F0000336B083F
(6.358293) can0 178#0E80000044950839
(6.358404) can0 290#0030000000000000
(6.358474) can0 12B#0000000000013F78
(6.368424) can0 128#1388030000EC7862
(6.368558) can0 290#0050000000000000
(6.368669) can0 12B#0000000000014F79
(6.368772) can0 12A#1228012000000000
(6.368841) can0 290#0040000000000000
(6.378653) can0 12B#0000000000013F78
(6.378780) can0 128#1388030000EC7882
(6.378884) can0 12E#0000000000000080
(6.388893) can0 174#F27F00002E6B0C04
(6.389020) can0 178#FD7F020F3C950CF2
(6.389122) can0 17C#000000003A870C81
(6.399134) can0 12E#00000000000000A0
(6.399261) can0 174#F87F0000236B0DF4
(6.399363) can0 178#FD7F03023E950DC9
(6.409377) can0 17C#0000000029870D08
(6.409504) can0 174#F57F0000276B0E33
(6.409614) can0 178#0B8004053A950E64
(6.419627) can0 17C#0000000029870E2F
(6.419754) can0 290#0040000000000000
(6.419829) can0 12C#0000000000000000
(6.419903) can0 5A0#00692000000000C9
(6.420008) can0 550#0000000000000060
(6.420110) can0 300#0F00000000000000
(6.420181) can0 174#EF7F00002D6B0FF0
(6.429881) can0 174#EF7F0000336B005A
(6.430007) can0 178#118006142C950062
(6.430109) can0 17C#000000005B8700C2
(6.440106) can0 174#EA7F0000336B0173
(6.440232) can0 178#0B80072F26950182
(6.440334) can0 17C#00000000618701F8
(6.450349) can0 290#0060000000000000
(6.450476) can0 174#EC7F0000336B0287
(6.450586) can0 178#118008022C950202
(6.460593) can0 17C#000000004D8702E5
(6.460720) can0 174#F57F0000306B0320
(6.460822) can0 178#1480090F3E950315
(6.470834) can0 17C#00000000378703BF
(6.470961) can0 290#0040000000000000
(6.471065) can0 550#0000000000000080
(6.481091) can0 174#FA7F0000336B04A3
(6.481217) can0 178#0B800A134A9504A4
(6.481320) can0 174#008000003C6B05F0
(6.481422) can0 178#FA7F0B034D950581
(6.491320) can0 17C#00000000458705BA
(6.491447) can0 174#FD7F0000436B065F
(6.491558) can0 178#F57F0C084C950658
(6.501570) can0 17C#0000000051870683
(6.501697) can0 290#0050000000000000
(6.501815) can0 12B#0000000000013F78
(6.501889) can0 174#FA7F00003C6B0702
(6.511812) can0 178#FA7F0D2F4D950742
(6.511938) can0 17C#000000004E870700
(6.512049) can0 290#0050000000000000
(6.512120) can0 174#F57F0000306B08EF
(6.522051) can0 178#0B800E07509508F1
(6.522177) can0 17C#00000000428708B1
(6.522288) can0 290#0040000000000000
(6.532306) can0 300#0F00000000000000
(6.532397) can0 174#F57F0000256B0963
(6.532503) can0 178#19800F0D4A950929
(6.532614) can0 174#F57F0000206B0ACD
(6.532716) can0 178#1F8000023F950A08
(6.542543) can0 17C#0000000011870A7F
(6.542670) can0 290#0050000000000000
(6.542773) can0 174#F27F0000206B0B5E
(6.552778) can0 178#1C80010836950BA0
(6.552905) can0 17C#000000000A870BFA
(6.553008) can0 290#0050000000000000
(6.553079) can0 174#EC7F00001D6B0C18
(6.563021) can0 178#1C8000002F950C9E
(6.563147) can0 17C#000000000E870CAF
(6.563250) can0 290#0030000000000000
(6.573264) can0 12B#0000000000013F78
(6.573354) can0 174#EA7F00001A6B0D5C
(6.573460) can0 178#148001282F950DED
(6.573570) can0 17C#000000000E870DB2
(6.583521) can0 290#0050000000000000
(6.583656) can0 12B#0000000000014F78
(6.583765) can0 174#EF7F0000176B0ECA
(6.583874) can0 178#0680022031950EFA
(6.593750) can0 17C#0000000010870E84
(6.593879) can0 174#F87F0000156B0FE3
(6.593981) can0 178#FD7F032139950F89
(6.604000) can0 17C#000000001F870F1F
(6.604127) can0 174#F87F00001D6B0054
(6.604229) can0 178#038004233F9500BA
(6.614236) can0 17C#0000000037870098
(6.614362) can0 174#F57F0000276B0188
(6.614465) can0 178#168005233C9501CC
(6.624479) can0 17C#000000005087015F
(6.624613) can0 290#0040000000000000
(6.624717) can0 174#EF7F00002D6B0271
(6.634722) can0 178#24800622369502AB
(6.634848) can0 17C#00000000678702DA
(6.634951) can0 290#0040000000000000
(6.635021) can0 300#0F00000000000000
(6.635092) can0 174#EC7F00002E6B0307
(6.644978) can0 178#248007242F95032E
(6.645104) can0 17C#0000000074870353
(6.645207) can0 174#EF7F0000336B042E
(6.645310) can0 178#1C8008232C95047D
(6.655208) can0 17C#0000000071870489
(6.655334) can0 174#F57F0000366B056B
(6.655437) can0 178#0B8009202F95050B
(6.665460) can0 17C#000000005C870521
(6.665594) can0 290#0050000000000000
(6.665698) can0 178#FA7F0A21339506E0
(6.675694) can0 17C#0000000048870618
(6.675825) can0 290#0050000000000000
(6.675898) can0 12B#0000000000014F78
(6.675968) can0 128#1388030000EC78C2
(6.676070) can0 17C#000000003C87074B
(6.685937) can0 290#0050000000000000
(6.686028) can0 12B#0000000000013F78
(6.686135) can0 450#0000000000000000
(6.686206) can0 290#0050000000000000
(6.686277) can0 12B#0000000000014F78
(6.686379) can0 290#0040000000000000
(6.696193) can0 12B#0000000000013F79
(6.696319) can0 174#EA7F0000276B0AA2
(6.696422) can0 290#0050000000000000
(6.696525) can0 12B#0000000000014F78
(6.706422) can0 128#1388030000EC7842
(6.706556) can0 290#0050000000000000
(6.706627) can0 12B#0000000000014F78
(6.706697) can0 174#E77F0000316B0C17
(6.706799) can0 178#008001203E950C2B
(6.716665) can0 290#0040000000000000
(6.716793) can0 12B#0000000000013F78
(6.716897) can0 128#1388030000EC7862
(6.726911) can0 12E#0000000000000060
(6.727037) can0 290#0040000000000000
(6.727108) can0 12B#0000000000014F78
(6.727211) can0 174#EA7F0000366B0E41
(6.737151) can0 290#0050000000000000
(6.737278) can0 12B#0000000000014F78
(6.737353) can0 128#1388030000EC7882
(6.737465) can0 290#0030000000000000
(6.747408) can0 12B#0000000000013F78
(6.747542) can0 174#EA7F00002B6B007A
(6.747644) can0 290#0040000000000000
(6.747748) can0 12B#0000000000014F78
(6.757637) can0 128#1388030000EC78A2
(6.757763) can0 12E#00000000000000A0
(6.757870) can0 174#EA7F00002A6B01E8
(6.767884) can0 178#168006213E950156
(6.768010) can0 290#0030000000000000
(6.768113) can0 12B#0000000000013F78
(6.778130) can0 12A#1228012000000000
(6.778220) can0 290#0030000000000000
(6.778290) can0 12B#0000000000014F78
(6.778405) can0 128#1388030000EC78C2
(6.778507) can0 12E#00000000000000C0
(6.788373) can0 290#0040000000000000
(6.788500) can0 12B#0000000000014F78
(6.788578) can0 174#EF7F00002B6B043A
(6.788688) can0 12B#0000000000013F78
(6.798619) can0 128#1388030000EC7822
(6.798744) can0 12E#0000000000000020
(6.798847) can0 174#F57F00001C6B0673
(6.798948) can0 178#F27F000042950681
(6.808870) can0 17C#00000000378706D6
(6.809005) can0 12E#0000000000000040
(6.809108) can0 12A#1228012000000000
(6.809177) can0 12C#0000000000000000
(6.809253) can0 5A0#0069200000000089
(6.819095) can0 174#F57F0000156B0856
(6.819221) can0 178#F57F0000349508E4
(6.819323) can0 17C#000000002F870864
(6.829338) can0 174#F57F0000176B0948
(6.829464) can0 178#EF7F01203695090B
(6.829572) can0 17C#0000000023870973
(6.839582) can0 290#0040000000000000
(6.839673) can0 174#00800000206B0A59
(6.839779) can0 178#EC7F022137950A67
(6.839884) can0 17C#0000000024870ADE
(6.849824) can0 290#0050000000000000
(6.849951) can0 174#FD7F00002A6B0B0D
(6.850054) can0 178#F87F03243C950B93
(6.860080) can0 17C#0000000032870BDE
(6.860207) can0 290#0040000000000000
(6.860311) can0 550#00000000000000C0
(6.860415) can0 174#F57F0000316B0C14
(6.870310) can0 178#0080042F47950C57
(6.870436) can0 17C#000000003F870C08
(6.870547) can0 174#F27F0000356B0D81
(6.880554) can0 178#088005124D950DDD
(6.880680) can0 17C#0000000045870D52
(6.880783) can0 174#EF7F0000316B0EFF
(6.890796) can0 178#0E80062444950E12
(6.890922) can0 17C#0000000053870E68
(6.891025) can0 174#F57F00002A6B0FAB
(6.901039) can0 178#118007262F950F77
(6.901165) can0 17C#0000000056870FFC
(6.901275) can0 174#F87F0000256B0070
(6.911295) can0 178#1C8008201D950014
(6.911421) can0 17C#000000004E870053
(6.911524) can0 300#0F00000000000000
(6.911600) can0 174#EF7F0000206B01D3
(6.911702) can0 178#27800925189501DA
(6.921538) can0 17C#0000000040870147
(6.921664) can0 174#EC7F00001A6B0234
(6.921774) can0 178#22800000259502E0
(6.931767) can0 17C#00000000378702A2
(6.931903) can0 174#F27F00001D6B031B
(6.932006) can0 178#088001253495039E
(6.942016) can0 17C#00000000358703BC
(6.942142) can0 174#FD7F0000286B04B5
(6.942253) can0 178#F87F02393E95042B
(6.952253) can0 17C#000000003F8704E0
(6.952380) can0 290#0040000000000000
(6.952451) can0 174#068000002D6B05B4
(6.952562) can0 178#F57F03213F95058C
(6.962510) can0 17C#000000004B8705B3
(6.962645) can0 290#0050000000000000
(6.962748) can0 174#088000002D6B0692
(6.962851) can0 178#FD7F042042950622
(6.972739) can0 17C#0000000055870685
(6.972871) can0 450#0000000000000000
(6.972942) can0 174#06800000276B0781
(6.973045) can0 178#0E8000004595070D
(6.982982) can0 17C#000000005187079E
(6.983109) can0 290#0050000000000000
(6.983184) can0 12B#0000000000014F78
(6.983298) can0 174#00800000206B0863
(6.993225) can0 178#1C800000459508B5
(6.993351) can0 17C#000000004587083B
(6.993454) can0 290#0030000000000000
(7.003468) can0 174#FD7F00001F6B0996
(7.003601) can0 178#2A8001223F9509ED
(7.003702) can0 17C#000000003787096D
(7.013711) can0 174#FA7F0000206B0A91
(7.013837) can0 178#308002203A950A0B
(7.013939) can0 17C#0000000026870ADD
(7.023968) can0 290#0050000000000000
(7.024094) can0 300#0F00000000000000
(7.024165) can0 174#F57F0000286B0BDC
(7.024267) can0 178#248003323C950BAB
(7.024369) can0 174#EF7F00002E6B0C5B
(7.034197) can0 178#1980042041950C0C
(7.034323) can0 17C#0000000024870C90
(7.034425) can0 290#0030000000000000
(7.044440) can0 174#EA7F0000316B0DEC
(7.044572) can0 178#1180052342950D9F
(7.044674) can0 17C#000000003A870D9C
(7.054683) can0 174#EF7F0000336B0EFC
(7.054808) can0 178#0880063244950E8D
(7.054911) can0 17C#0000000050870EE4
(7.064928) can0 174#F57F00002D6B0F21
(7.065054) can0 178#0080072144950FB7
(7.065156) can0 17C#0000000055870F70
(7.075182) can0 290#0050000000000000
(7.075314) can0 178#08800827429500CE
(7.075418) can0 17C#000000004B8700DA
(7.075521) can0 450#0000000000000000
(7.075599) can0 290#0030000000000000
(7.085412) can0 17C#000000003D87018A
(7.085546) can0 290#0030000000000000
(7.085617) can0 12B#0000000000013F78
(7.085719) can0 174#EF7F0000236B0278
(7.095655) can0 178#14800120399502D7
(7.095780) can0 290#0040000000000000
(7.095889) can0 12B#0000000000014F78
(7.105899) can0 128#1388030000EC7882
(7.106025) can0 290#0050000000000000
(7.106128) can0 12B#0000000000014F78
(7.106198) can0 174#F27F0000276B046F
(7.116141) can0 290#0050000000000000
(7.116231) can0 12B#0000000000013F78
(7.116338) can0 128#1388030000EC78A2
(7.116439) can0 290#0050000000000000
(7.116510) can0 12B#0000000000014F78
(7.126397) can0 174#EC7F0000306B067F
(7.126523) can0 290#0040000000000000
(7.126632) can0 12B#0000000000014F78
(7.126702) can0 128#1388030000EC78C2
(7.126804) can0 12E#00000000000000C0
(7.136626) can0 174#EA7F0000316B073E
(7.136752) can0 178#08800405339507F5
(7.136856) can0 17C#00000000318707CE
(7.146872) can0 290#0050000000000000
(7.146999) can0 12B#0000000000014F78
(7.147069) can0 174#EA7F00002E6B081B
(7.147171) can0 290#0040000000000000
(7.157112) can0 12B#0000000000013F78
(7.157239) can0 128#1388030000EC7822
(7.157340) can0 290#0050000000000000
(7.167355) can0 12B#0000000000014F78
(7.167482) can0 12A#1228012000000000
(7.167559) can0 290#0040000000000000
(7.167663) can0 12B#0000000000014F78
(7.167732) can0 128#1388030000EC7842
(7.177602) can0 290#0040000000000000
(7.177693) can0 12B#0000000000014F78
(7.177763) can0 174#FA7F00002A6B0CD0
(7.177871) can0 290#0040000000000000
(7.177942) can0 12B#0000000000013F78
(7.178045) can0 128#1388030000EC7862
(7.178152) can0 12E#0000000000000060
(7.187858) can0 290#0040000000000000
(7.187949) can0 12B#0000000000014F78
(7.188056) can0 174#08800000336B0E6B
(7.188166) can0 12B#0000000000014F78
(7.188236) can0 128#1388030000EC7882
(7.198084) can0 12E#0000000000000080
(7.198218) can0 12A#1228012000000000
(7.198287) can0 12B#0000000000014F79
(7.198396) can0 174#008000003B6B0013
(7.208327) can0 178#14800D2F23950050
(7.208461) can0 17C#000000005887004E
(7.208572) can0 12E#00000000000000A0
(7.218572) can0 174#F27F0000316B011B
(7.218706) can0 178#1F800E0726950199
(7.218808) can0 174#EC7F0000286B021F
(7.228813) can0 178#24800F0D2E950280
(7.228939) can0 17C#000000005687027D
(7.229042) can0 290#0050000000000000
(7.239070) can0 12B#0000000000014F78
(7.239196) can0 174#EC7F0000276B0384
(7.239298) can0 178#27800002339503F3
(7.239400) can0 17C#00000000438703F1
(7.249299) can0 550#0000000000000040
(7.249426) can0 174#F57F00002A6B0464
(7.249537) can0 178#22800108369504CC
(7.259550) can0 17C#00000000358704EF
(7.259676) can0 174#F87F00002A6B059F
(7.259779) can0 178#278000003F950590
(7.269785) can0 17C#000000003A870574
(7.269912) can0 174#FA7F0000276B0687
(7.270014) can0 178#27800128489506C9
(7.280028) can0 17C#000000003C870656
(7.280154) can0 290#0040000000000000
(7.280258) can0 174#F57F0000236B07C0
(7.290285) can0 178#1C8002204F95079F
(7.290411) can0 17C#00000000298707DA
(7.290513) can0 290#0050000000000000
(7.290632) can0 174#EC7F0000256B0848
(7.300514) can0 178#0E8003214F9508D0
(7.300646) can0 17C#0000000013870846
(7.300748) can0 300#0F00000000000000
(7.300820) can0 174#EA7F00002D6B098A
(7.310757) can0 178#0B8004234C950959
(7.310885) can0 174#EA7F00002D6B0AAD
(7.310987) can0 178#168005234A950A4E
(7.321000) can0 17C#000000000A870AE7
(7.321126) can0 174#EC7F0000236B0B6A
(7.321229) can0 178#1980062245950BAA
(7.331243) can0 17C#0000000015870B64
(7.331369) can0 174#EF7F00001D6B0CFF
(7.331472) can0 178#088007243C950CD5
(7.341507) can0 17C#0000000021870C19
(7.341640) can0 290#0040000000000000
(7.341751) can0 12B#0000000000013F78
(7.341854) can0 174#F87F0000236B0DF4
(7.351728) can0 178#F27F082334950D84
(7.351867) can0 17C#000000002E870D82
(7.351970) can0 290#0040000000000000
(7.352041) can0 174#F87F00002A6B0E50
(7.361977) can0 178#EF7F09202F950EB4
(7.362103) can0 17C#000000003A870EBB
(7.362214) can0 174#EF7F0000276B0FFF
(7.372214) can0 178#F27F0A2126950F56
(7.372340) can0 17C#0000000043870F6D
(7.372443) can0 174#EC7F00001F6B0087
(7.382457) can0 178#F87F0B29239500FA
(7.382591) can0 17C#00000000438700D6
(7.382694) can0 290#0050000000000000
(7.392700) can0 12B#0000000000013F78
(7.392790) can0 174#EC7F00001D6B0199
(7.392900) can0 178#FD7F00002C9501D7
(7.393002) can0 17C#000000003F870189
(7.402965) can0 290#0050000000000000
(7.403055) can0 12B#0000000000014F78
(7.403162) can0 174#F27F00001C6B0289
(7.403264) can0 178#00800000369502A1
(7.403367) can0 17C#000000003D8702AD
(7.413186) can0 290#0050000000000000
(7.413277) can0 12B#0000000000014F78
(7.413347) can0 300#0F00000000000000
(7.413418) can0 174#EF7F00001A6B03CE
(7.413524) can0 178#0B8000FF3695032F
(7.413631) can0 17C#00000000458703F4
(7.423429) can0 450#0000000000000000
(7.423520) can0 174#EA7F0000236B0402
(7.423635) can0 178#14800000339504B6
(7.423737) can0 17C#000000004E870427
(7.433672) can0 174#EA7F0000336B0507
(7.433798) can0 178#068001203195058B
(7.433901) can0 17C#00000000458705BA
(7.443917) can0 290#0050000000000000
(7.444007) can0 174#F27F00003C6B06CD
(7.444113) can0 178#F27F022236950676
(7.444223) can0 17C#00000000318706D3
(7.454172) can0 290#0040000000000000
(7.454299) can0 174#FD7F0000386B078A
(7.454401) can0 178#E77F032641950700
(7.454504) can0 17C#000000002687075C
(7.464401) can0 290#0040000000000000
(7.464491) can0 174#008000002E6B086A
(7.464606) can0 178#EC7F0425489508BC
(7.464708) can0 17C#000000002A8708ED
(7.474644) can0 174#008000002A6B0971
(7.474770) can0 178#00800520489509BA
(7.474875) can0 17C#000000003787096D
(7.484889) can0 178#1480062147950AE8
(7.485015) can0 17C#000000003F870A46
(7.485118) can0 290#0040000000000000
(7.485188) can0 12B#0000000000014F77
(7.495130) can0 128#1388030000EC78C2
(7.495255) can0 17C#0000000048870B99
(7.495358) can0 290#0040000000000000
(7.495429) can0 12B#0000000000013F78
(7.505386) can0 174#EF7F0000406B0C02
(7.505513) can0 290#0050000000000000
(7.505624) can0 12B#0000000000014F78
(7.505727) can0 128#1388030000EC7822
(7.515617) can0 12E#0000000000000020
(7.515744) can0 450#0000000000000000
(7.515815) can0 290#0040000000000000
(7.515919) can0 12B#0000000000014F78
(7.515994) can0 174#EA7F0000306B0E44
(7.525860) can0 178#14800A292F950E9E
(7.525986) can0 290#0050000000000000
(7.526089) can0 12B#0000000000014F77
(7.536102) can0 128#1388030000EC7842
(7.536227) can0 290#0040000000000000
(7.536331) can0 12B#0000000000014F78
(7.546345) can0 174#EF7F00001C6B00EC
(7.546471) can0 290#0050000000000000
(7.546582) can0 12B#0000000000014F78
(7.546652) can0 128#1388030000EC7862
(7.556592) can0 12E#0000000000000060
(7.556719) can0 290#0050000000000000
(7.556789) can0 12B#0000000000013F78
(7.556896) can0 12A#1228012000000000
(7.556966) can0 290#0030000000000000
(7.557067) can0 12B#0000000000014F77
(7.566847) can0 128#1388030000EC7882
(7.566972) can0 12E#0000000000000080
(7.567075) can0 290#0050000000000000
(7.577073) can0 12B#0000000000014F78
(7.577200) can0 174#FA7F0000356B04A6
(7.577302) can0 290#0050000000000000
(7.577373) can0 12B#0000000000014F78
(7.577443) can0 128#1388030000EC78A2
(7.587325) can0 290#0050000000000000
(7.587416) can0 12B#0000000000014F78
(7.587486) can0 174#F57F00002E6B0658
(7.587600) can0 290#0050000000000000
(7.587675) can0 12B#0000000000014F78
(7.587749) can0 128#1388030000EC78C2
(7.587851) can0 290#0020000000000000
(7.597561) can0 12B#0000000000014F77
(7.597687) can0 174#F57F0000436B082B
(7.597789) can0 178#F27F07262B9508DC
(7.607802) can0 17C#000000003A8708F5
(7.607929) can0 12B#0000000000014F78
(7.608032) can0 128#1388030000EC7822
(7.618059) can0 12E#0000000000000020
(7.618194) can0 12B#0000000000013F78
(7.618297) can0 174#FD7F0000336B0A8B
(7.618407) can0 178#FD7F092529950A15
(7.628288) can0 12E#0000000000000040
(7.628423) can0 174#FA7F0000236B0B00
(7.628526) can0 178#1180000033950B39
(7.638539) can0 550#0000000000000080
(7.638675) can0 174#F27F00001D6B0CA0
(7.638777) can0 178#1F80012539950C97
(7.648774) can0 17C#0000000043870C4A
(7.648903) can0 174#F27F0000226B0D13
(7.649006) can0 178#2280023936950D75
(7.659022) can0 17C#000000002E870D82
(7.659149) can0 290#0030000000000000
(7.659253) can0 174#F87F0000286B0E53
(7.669274) can0 178#1980032133950EEB
(7.669400) can0 17C#000000001B870E04
(7.669503) can0 290#0050000000000000
(7.669615) can0 174#FA7F00002D6B0F7D
(7.679503) can0 178#1180042036950F3B
(7.679637) can0 17C#000000001C870F93
(7.679740) can0 290#0050000000000000
(7.679811) can0 174#FA7F0000366B005E
(7.689746) can0 178#0E8000003C950095
(7.689875) can0 17C#000000002C870000
(7.689978) can0 550#00000000000000A0
(7.699989) can0 300#0F00000000000000
(7.700080) can0 174#FA7F00003C6B014C
(7.700186) can0 174#FA7F00003B6B02E1
(7.700288) can0 178#038001224295020F
(7.710232) can0 17C#0000000040870260
(7.710359) can0 174#FA7F0000396B03FF
(7.710461) can0 178#FD7F02204295032A
(7.720488) can0 17C#00000000438703F1
(7.720623) can0 290#0050000000000000
(7.720694) can0 12B#0000000000014F77
(7.720796) can0 174#FA7F00003C6B0425
(7.720899) can0 178#038003323F95047D
(7.730718) can0 17C#00000000478704A4
(7.730844) can0 174#FA7F0000406B057A
(7.730947) can0 178#088004203A9505D5
(7.740961) can0 17C#0000000040870533
(7.741087) can0 174#FA7F00003B6B0695
(7.741190) can0 178#0B80052339950649
(7.751204) can0 17C#000000003C870656
(7.751330) can0 174#F87F0000366B07B7
(7.751433) can0 178#0B8006323795075B
(7.761456) can0 17C#000000003C87074B
(7.761590) can0 174#F57F0000316B0860
(7.761692) can0 178#008007213A9508A5
(7.771690) can0 17C#0000000037870870
(7.771825) can0 290#0040000000000000
(7.771929) can0 12B#0000000000014F78
(7.781957) can0 174#F57F00002D6B096F
(7.782083) can0 178#EA7F082742950998
(7.782185) can0 17C#000000003787096D
(7.782295) can0 290#0040000000000000
(7.782365) can0 174#F27F00002A6B0A4C
(7.792175) can0 178#DE7F000042950AC9
(7.792302) can0 17C#000000003C870ACA
(7.792405) can0 300#0F00000000000000
(7.792476) can0 174#EF7F00002A6B0B0E
(7.802426) can0 178#E17F01203C950B3F
(7.802560) can0 17C#000000003D870B58
(7.802671) can0 174#EF7F00002B6B0CD2
(7.812661) can0 178#F27F000034950C1E
(7.812788) can0 17C#0000000038870C82
(7.812894) can0 290#0050000000000000
(7.822906) can0 12B#0000000000014F78
(7.822996) can0 174#EF7F00002D6B0DCA
(7.823102) can0 178#008001122F950DE9
(7.823204) can0 17C#0000000029870D08
(7.833161) can0 290#0030000000000000
(7.833288) can0 12B#0000000000014F78
(7.833358) can0 174#F27F0000316B0EA0
(7.833467) can0 178#0880020F2F950EC8
(7.833580) can0 17C#000000001F870E02
(7.843390) can0 174#F57F0000356B0F35
(7.843516) can0 178#0E80030234950FBB
(7.843624) can0 17C#0000000027870F3B
(7.853633) can0 290#0040000000000000
(7.853760) can0 174#EF7F0000336B005A
(7.853867) can0 178#0E8004053995007A
(7.863879) can0 17C#000000002F87008C
(7.864005) can0 174#EF7F00002E6B01DA
(7.864108) can0 178#0B800512399501E8
(7.874119) can0 17C#0000000029870194
(7.874246) can0 290#0050000000000000
(7.874349) can0 12B#0000000000013F78
(7.884376) can0 174#F27F0000306B02B3
(7.884502) can0 178#0B80061437950211
(7.884612) can0 17C#000000001F87029E
(7.884715) can0 290#0020000000000000
(7.894606) can0 12B#0000000000014F78
(7.894733) can0 128#1388030000EC7842
(7.894835) can0 12E#0000000000000040
(7.894905) can0 174#F57F0000356B03A9
(7.904848) can0 178#0B80072F3795032F
(7.904974) can0 17C#000000001F870383
(7.905077) can0 290#0050000000000000
(7.915091) can0 12B#0000000000014F77
(7.915217) can0 174#00800000386B04EB
(7.915320) can0 178#08800802379504E2
(7.925334) can0 17C#000000002C870474
(7.925461) can0 290#0050000000000000
(7.925539) can0 178#0680090F34950557
(7.925642) can0 17C#000000003C870571
(7.935581) can0 450#0000000000000000
(7.935672) can0 17C#0000000048870618
(7.935779) can0 290#0030000000000000
(7.935889) can0 12B#0000000000014F77
(7.935959) can0 290#0040000000000000
(7.936061) can0 12B#0000000000014F78
(7.945836) can0 174#F57F00002A6B08F8
(7.945962) can0 290#0040000000000000
(7.946033) can0 12B#0000000000014F77
(7.946135) can0 128#1388030000EC78A2
(7.956063) can0 12E#00000000000000A0
(7.956190) can0 290#0030000000000000
(7.956293) can0 12B#0000000000013F78
(7.966306) can0 12A#1228012000000000
(7.966395) can0 290#0040000000000000
(7.966503) can0 12B#0000000000014F78
(7.966613) can0 128#1388030000EC78C2
(7.976556) can0 290#0040000000000000
(7.976647) can0 12B#0000000000014F77
(7.976753) can0 174#EF7F0000206B0C52
(7.976857) can0 290#0040000000000000
(7.976927) can0 12B#0000000000014F78
(7.986792) can0 128#1388030000EC7822
(7.986918) can0 290#0030000000000000
(7.987028) can0 12B#0000000000014F78
(7.987100) can0 174#EF7F0000316B0EFF
(7.997048) can0 178#0B80000037950E87
(7.997175) can0 290#0050000000000000
(7.997278) can0 12B#0000000000014F77
(7.997381) can0 128#1388030000EC7842
(8.007277) can0 12E#0000000000000040
(8.007403) can0 290#0030000000000000
(8.007505) can0 12B#0000000000014F78
(8.017520) can0 174#EF7F0000336B005A
(8.017654) can0 290#0030000000000000
(8.017724) can0 12B#0000000000014F77
(8.017826) can0 128#1388030000EC7862
(8.027763) can0 290#0040000000000000
(8.027895) can0 12B#0000000000014F78
(8.027997) can0 174#EF7F00002B6B0274
(8.038006) can0 12B#0000000000014F78
(8.038095) can0 128#1388030000EC7882
(8.038209) can0 12E#0000000000000080
(8.038312) can0 174#F57F00002B6B03B8
(8.048263) can0 12B#0000000000014F78
(8.048359) can0 12A#1228012000000000
(8.048428) can0 550#00000000000000C0
(8.048544) can0 174#F87F00002D6B0408
(8.048654) can0 128#1388030000EC78A2
(8.048755) can0 12E#00000000000000A0
(8.058492) can0 174#EF7F0000306B05BF
(8.058634) can0 174#EC7F0000306B067F
(8.058735) can0 178#F57F082345950602
(8.068735) can0 17C#000000004B870694
(8.068871) can0 174#EC7F0000316B07ED
(8.068975) can0 178#FA7F09204A950715
(8.078978) can0 17C#0000000055870798
(8.079104) can0 174#F57F0000356B0866
(8.079206) can0 178#03800A214F95082B
(8.089221) can0 17C#00000000588708A6
(8.089347) can0 290#0050000000000000
(8.089450) can0 550#0000000000000020
(8.099478) can0 300#0F00000000000000
(8.099576) can0 174#FA7F0000336B0922
(8.099682) can0 178#08800B294F9509F5
(8.099784) can0 17C#000000005B870937
(8.099891) can0 174#FA7F0000316B0A06
(8.109707) can0 178#0880000048950ADA
(8.109833) can0 17C#000000005B870A10
(8.109937) can0 290#0050000000000000
(8.110007) can0 12B#0000000000014F77
(8.119950) can0 128#1388030000EC7842
(8.120076) can0 174#F57F0000306B0BC8
(8.120178) can0 178#038000003E950BBF
(8.130193) can0 17C#0000000055870B04
(8.130320) can0 290#0030000000000000
(8.130423) can0 174#F57F00002A6B0C8C
(8.140436) can0 178#FD7F00FF2F950C7C
(8.140570) can0 17C#0000000050870CDE
(8.140673) can0 174#FA7F0000276B0D48
(8.150679) can0 178#EF7F000029950DC1
(8.150805) can0 17C#000000004E870DD2
(8.150915) can0 290#0040000000000000
(8.160937) can0 174#F87F0000236B0ED3
(8.161063) can0 178#E77F01202F950E11
(8.161165) can0 17C#000000004A870EF3
(8.161268) can0 450#0000000000000000
(8.161339) can0 174#F57F00002A6B0FAB
(8.171165) can0 178#F27F022239950F05
(8.171291) can0 17C#0000000043870F6D
(8.171394) can0 290#0030000000000000
(8.181408) can0 174#F57F00002E6B0016
(8.181549) can0 178#FD7F0326399500C6
(8.181651) can0 17C#000000003C870018
(8.191651) can0 174#F57F0000316B0195
(8.191777) can0 178#008004252C9501BD
(8.191891) can0 17C#000000003A870100
(8.201896) can0 290#0050000000000000
(8.202031) can0 174#F57F0000306B023D
(8.202133) can0 178#F87F0520239502D7
(8.212150) can0 17C#000000003A870227
(8.212277) can0 290#0040000000000000
(8.212380) can0 300#0F00000000000000
(8.212451) can0 174#F57F0000276B03B2
(8.212562) can0 178#F87F06211E950344
(8.222380) can0 17C#000000003A87033A
(8.222506) can0 174#FA7F0000256B04BE
(8.222616) can0 178#008007211A950409
(8.232624) can0 17C#000000003D8704E3
(8.232751) can0 290#0040000000000000
(8.232826) can0 12B#0000000000014F77
(8.232899) can0 174#008000002A6B05ED
(8.233003) can0 178#088008201D9505AD
(8.242870) can0 17C#0000000040870533
(8.242997) can0 174#00800000286B06C9
(8.243099) can0 178#0E80092526950648
(8.253108) can0 17C#000000004B870694
(8.253235) can0 174#F57F0000256B07C5
(8.253337) can0 178#08800A292F950769
(8.263365) can0 17C#000000005E870718
(8.263492) can0 290#0040000000000000
(8.263570) can0 174#F27F0000256B08F0
(8.263672) can0 178#00800000339508FA
(8.263775) can0 17C#0000000069870801
(8.273596) can0 450#0000000000000000
(8.273686) can0 290#0050000000000000
(8.273794) can0 12B#0000000000014F78
(8.273898) can0 174#F27F00002A6B096B
(8.283837) can0 178#008001203695094E
(8.283963) can0 17C#0000000064870999
(8.284066) can0 174#F87F00002D6B0AAE
(8.294080) can0 178#0B8000003E950A70
(8.294207) can0 17C#000000004E870A81
(8.294309) can0 290#0050000000000000
(8.294380) can0 12B#0000000000014F78
(8.294450) can0 174#FA7F0000306B0B94
(8.304323) can0 178#1480012041950B66
(8.304449) can0 17C#000000003C870BD7
(8.304560) can0 290#0050000000000000
(8.304635) can0 12B#0000000000014F77
(8.314570) can0 174#F87F0000316B0CF2
(8.314696) can0 178#198002213C950C3D
(8.314798) can0 17C#000000003C870C84
(8.314900) can0 290#0020000000000000
(8.324825) can0 12B#0000000000014F77
(8.324915) can0 174#F57F0000366B0D83
(8.325021) can0 178#1C80032436950DA2
(8.325123) can0 17C#0000000043870D57
(8.335052) can0 174#F27F0000396B0EAC
(8.335178) can0 178#1680042F33950E49
(8.335280) can0 17C#0000000045870E75
(8.345295) can0 290#0060000000000000
(8.345422) can0 178#0B80051236950FC8
(8.345524) can0 17C#000000003A870FA6
(8.355545) can0 290#0030000000000000
(8.355672) can0 17C#000000002F87008C
(8.355775) can0 290#0050000000000000
(8.365781) can0 12B#0000000000014F78
(8.365908) can0 290#0050000000000000
(8.365978) can0 12B#0000000000014F77
(8.366081) can0 12A#1228012000000000
(8.366150) can0 290#0030000000000000
(8.376037) can0 12B#0000000000014F77
(8.376127) can0 128#1388030000EC7842
(8.376196) can0 290#0040000000000000
(8.376303) can0 12B#0000000000014F78
(8.376406) can0 174#F57F0000306B0473
(8.376508) can0 178#19800000369504D9
(8.386267) can0 290#0050000000000000
(8.386394) can0 12B#0000000000014F77
(8.386497) can0 128#1388030000EC7862
(8.396510) can0 12E#0000000000000060
(8.396644) can0 290#0020000000000000
(8.396748) can0 12B#0000000000014F77
(8.396818) can0 174#F87F0000276B063D
(8.406753) can0 290#0050000000000000
(8.406883) can0 12B#0000000000014F77
(8.406952) can0 128#1388030000EC7882
(8.407054) can0 12E#0000000000000080
(8.416996) can0 290#0050000000000000
(8.417086) can0 12B#0000000000014F78
(8.417193) can0 174#F27F00002B6B08F9
(8.417295) can0 290#0050000000000000
(8.417366) can0 12B#0000000000014F77
(8.427252) can0 128#1388030000EC78A2
(8.427377) can0 12E#00000000000000A0
(8.427481) can0 174#EF7F0000316B09AC
(8.427591) can0 290#0050000000000000
(8.427662) can0 12B#0000000000014F77
(8.427732) can0 174#EF7F0000366B0A01
(8.437481) can0 290#0040000000000000
(8.437617) can0 12B#0000000000014F77
(8.437687) can0 128#1388030000EC78C2
(8.437788) can0 290#0040000000000000
(8.437860) can0 12B#0000000000014F78
(8.447725) can0 12A#1228012000000000
(8.447819) can0 290#0030000000000000
(8.447939) can0 12B#0000000000014F77
(8.448041) can0 128#1388030000EC7822
(8.457967) can0 12B#0000000000014F77
(8.458057) can0 174#FD7F0000396B0EF0
(8.458171) can0 178#038004203C950E2A
(8.458274) can0 12E#0000000000000040
(8.468210) can0 174#F87F0000396B0FD9
(8.468336) can0 178#038005233F950F6B
(8.468447) can0 17C#0000000010870F99
(8.478467) can0 290#0050000000000000
(8.478610) can0 174#F57F0000386B000B
(8.478713) can0 178#06800632419500A3
(8.478815) can0 17C#0000000010870022
(8.488696) can0 290#0050000000000000
(8.488787) can0 12C#0000000000000000
(8.488858) can0 5A0#0069200000000069
(8.488965) can0 550#0000000000000060
(8.489069) can0 174#F87F0000316B0254
(8.498940) can0 178#FA7F082739950226
(8.499065) can0 17C#000000002E870239
(8.499168) can0 174#FA7F0000306B037C
(8.509182) can0 178#FA7F00003C95037B
(8.509308) can0 17C#000000004287037E
(8.509411) can0 290#0040000000000000
(8.519425) can0 174#FA7F0000336B04A3
(8.519560) can0 178#FA7F01203F950484
(8.519662) can0 17C#000000005887043A
(8.529668) can0 290#0040000000000000
(8.529763) can0 12B#0000000000014F77
(8.529837) can0 174#FD7F0000366B05B9
(8.529944) can0 178#FD7F000047950573
(8.530047) can0 17C#000000005C870521
(8.539927) can0 550#0000000000000080
(8.540054) can0 174#FA7F0000316B069A
(8.540157) can0 178#06800112539506B7
(8.540259) can0 174#EF7F00002A6B0792
(8.550154) can0 178#0880020F5B950773
(8.550280) can0 17C#000000003F8707C7
(8.550384) can0 174#EC7F0000276B084B
(8.560397) can0 178#0B80030257950800
(8.560524) can0 17C#000000002C8708E8
(8.560632) can0 174#EF7F00002A6B0934
(8.570640) can0 178#068004054895099A
(8.570766) can0 17C#000000002987097C
(8.570871) can0 290#0060000000000000
(8.580884) can0 174#EF7F00002E6B0A15
(8.581010) can0 178#008005123F950A17
(8.581113) can0 17C#000000002F870A5E
(8.591139) can0 290#0040000000000000
(8.591267) can0 300#0F00000000000000
(8.591338) can0 174#F57F0000336B0B44
(8.591440) can0 178#068006143C950B82
(8.591551) can0 174#FA7F0000366B0CC2
(8.601369) can0 178#0880072F36950CFC
(8.601503) can0 17C#0000000031870C01
(8.601614) can0 174#FA7F0000366B0DDF
(8.611613) can0 178#0680080233950D10
(8.611745) can0 17C#0000000029870D08
(8.611856) can0 290#0050000000000000
(8.621855) can0 174#F87F0000336B0ECB
(8.621989) can0 178#FD7F090F31950E84
(8.622092) can0 17C#000000001F870E02
(8.632098) can0 290#0050000000000000
(8.632188) can0 12B#0000000000014F77
(8.632258) can0 128#1388030000EC7882
(8.632364) can0 174#F57F00002A6B0FAB
(8.632466) can0 178#FA7F0A1331950F5E
(8.642354) can0 17C#000000001F870F1F
(8.642481) can0 290#0040000000000000
(8.642593) can0 174#EF7F0000276B0044
(8.642695) can0 178#FD7F0B0331950024
(8.652585) can0 17C#000000002687000F
(8.652712) can0 174#F27F0000276B0106
(8.652814) can0 178#00800C0833950151
(8.662826) can0 17C#000000003287010C
(8.662953) can0 290#0040000000000000
(8.663024) can0 174#F27F0000286B02A7
(8.663127) can0 178#06800D2F37950277
(8.673069) can0 17C#000000003A870227
(8.673196) can0 290#0040000000000000
(8.673267) can0 12B#0000000000014F77
(8.673337) can0 174#EF7F00002B6B0369
(8.673439) can0 178#0E800E073A950355
(8.683321) can0 17C#000000003F8703B3
(8.683448) can0 290#0040000000000000
(8.683519) can0 174#EF7F0000306B04A2
(8.683629) can0 178#1C800F0D3F95045D
(8.693560) can0 17C#00000000458704A7
(8.693686) can0 290#0040000000000000
(8.693757) can0 300#0F00000000000000
(8.693828) can0 174#EF7F0000316B0530
(8.693931) can0 178#2A80000244950599
(8.694032) can0 174#EF7F0000306B0698
(8.703814) can0 178#24800108419506E7
(8.703941) can0 17C#000000004787069E
(8.704052) can0 290#0030000000000000
(8.714041) can0 174#EF7F00002D6B0718
(8.714167) can0 178#118000003A950726
(8.714270) can0 17C#000000003A87074E
(8.724284) can0 174#EF7F00002B6B08A6
(8.724410) can0 178#0B80012831950870
(8.724513) can0 17C#0000000031870875
(8.734535) can0 290#0050000000000000
(8.734662) can0 178#0E8002202C9509E6
(8.734765) can0 17C#000000002A8709F0
(8.744770) can0 290#0050000000000000
(8.744861) can0 12B#0000000000014F77
(8.744931) can0 12A#1228012000000000
(8.745001) can0 550#0000000000000040
(8.745109) can0 17C#0000000029870A5B
(8.745212) can0 450#0000000000000000
(8.745283) can0 290#0040000000000000
(8.755027) can0 290#0050000000000000
(8.755154) can0 12B#0000000000014F77
(8.755224) can0 174#F57F0000236B0C0F
(8.755333) can0 290#0050000000000000
(8.755407) can0 12B#0000000000014F78
(8.755509) can0 128#1388030000EC78A2
(8.765256) can0 290#0040000000000000
(8.765383) can0 12B#0000000000014F77
(8.765486) can0 174#F87F0000286B0E53
(8.775499) can0 290#0040000000000000
(8.775598) can0 12B#0000000000014F78
(8.775704) can0 128#1388030000EC78C2
(8.775806) can0 12E#00000000000000C0
(8.785742) can0 12A#1228012000000000
(8.785831) can0 290#0030000000000000
(8.785939) can0 12B#0000000000014F77
(8.786042) can0 174#F57F0000336B008B
(8.795985) can0 178#0B80092031950073
(8.796111) can0 290#0050000000000000
(8.796215) can0 12B#0000000000014F78
(8.806241) can0 128#1388030000EC7822
(8.806367) can0 290#0050000000000000
(8.806438) can0 12B#0000000000014F77
(8.806549) can0 174#FA7F0000276B02F3
(8.806651) can0 290#0040000000000000
(8.816471) can0 12B#0000000000014F78
(8.816605) can0 128#1388030000EC7842
(8.816707) can0 290#0040000000000000
(8.816778) can0 12B#0000000000014F77
(8.826714) can0 12A#1228012000000000
(8.826803) can0 290#0050000000000000
(8.826918) can0 12B#0000000000014F78
(8.827023) can0 128#1388030000EC7862
(8.836957) can0 12E#0000000000000060
(8.837083) can0 174#00800000396B0579
(8.837186) can0 290#0050000000000000
(8.837257) can0 12B#0000000000014F77
(8.847200) can0 174#F27F0000366B06C2
(8.847326) can0 290#0050000000000000
(8.847396) can0 12B#0000000000014F78
(8.847499) can0 128#1388030000EC7882
(8.857456) can0 12B#0000000000014F78
(8.857554) can0 174#EA7F0000306B080A
(8.857660) can0 178#00800222369508CA
(8.857763) can0 128#1388030000EC78A2
(8.857870) can0 12E#00000000000000A0
(8.867686) can0 12A#1228012000000000
(8.867775) can0 174#F27F00002A6B0A4C
(8.867884) can0 178#088004253F950A34
(8.867986) can0 17C#0000000006870AED
(8.877934) can0 290#0030000000000000
(8.878061) can0 12B#0000000000014F77
(8.878172) can0 174#F57F00002A6B0BDF
(8.888177) can0 178#0880052041950BD1
(8.888303) can0 17C#000000001C870BE7
(8.888414) can0 174#F57F0000286B0C8F
(8.898420) can0 178#008006213C950CBE
(8.898554) can0 17C#0000000037870C04
(8.898666) can0 290#0050000000000000
(8.908663) can0 12B#0000000000014F78
(8.908789) can0 174#F87F00002A6B0D77
(8.908896) can0 178#008007212F950D5D
(8.918916) can0 17C#000000004B870D5B
(8.919043) can0 550#00000000000000C0
(8.919146) can0 174#F87F0000306B0E47
(8.919249) can0 178#038008202E950EF3
(8.929143) can0 174#F57F0000356B0F35
(8.929269) can0 178#0680092539950FF1
(8.929372) can0 17C#0000000040870FE1
(8.939386) can0 290#0050000000000000
(8.939477) can0 12B#0000000000014F78
(8.939554) can0 174#F57F0000356B008E
(8.939661) can0 178#0B800A2945950082
(8.939763) can0 17C#000000002C870000
(8.949629) can0 290#0050000000000000
(8.949720) can0 174#F57F0000306B011A
(8.949826) can0 178#11800000479501A5
(8.949929) can0 17C#000000002787019D
(8.959874) can0 174#F57F00002D6B02A0
(8.960000) can0 178#1680012041950229
(8.960102) can0 17C#0000000038870224
(8.970129) can0 290#0050000000000000
(8.970219) can0 12B#0000000000014F77
(8.970326) can0 300#0F00000000000000
(8.970397) can0 174#F87F0000336B034A
(8.970499) can0 178#11800000399503DE
(8.970610) can0 17C#00000000558703EC
(8.980358) can0 174#00800000336B046B
(8.980484) can0 178#168001203A9504AF
(8.980595) can0 17C#000000006087041E
(8.990602) can0 290#0050000000000000
(8.990693) can0 174#06800000306B0529
(8.990799) can0 178#1C800221429505BD
(8.990902) can0 17C#00000000538705A7
(9.000844) can0 290#0050000000000000
(9.000932) can0 174#088000002B6B0697
(9.001037) can0 178#1F8003244A9506C8
(9.001138) can0 17C#000000004D870691
(9.011087) can0 174#0B800000286B07E1
(9.011213) can0 178#2280042F4595074E
(9.011314) can0 17C#000000005187079E
(9.021343) can0 174#06800000236B083C
(9.021477) can0 178#1980051237950817
(9.021586) can0 17C#00000000508708AA
(9.021689) can0 174#FD7F0000206B0938
(9.031582) can0 178#0B8006242C950929
(9.031707) can0 17C#0000000047870925
(9.031818) can0 290#0020000000000000
(9.041816) can0 12B#0000000000014F77
(9.041905) can0 174#F27F0000206B0A43
(9.042019) can0 178#008007262E950A75
(9.042121) can0 17C#000000003C870ACA
(9.052064) can0 290#0040000000000000
(9.052191) can0 12B#0000000000014F78
(9.052293) can0 128#1388030000EC7842
(9.062302) can0 174#EC7F0000236B0B6A
(9.062435) can0 178#0080082036950B69
(9.062546) can0 17C#000000003C870BD7
(9.072555) can0 174#EF7F0000276B0CD8
(9.072680) can0 178#FD7F09253E950CC9
(9.072782) can0 17C#0000000048870CCA
(9.072888) can0 290#0030000000000000
(9.082804) can0 300#0F00000000000000
(9.082894) can0 174#F57F00002A6B0D91
(9.083000) can0 178#F87F000042950D26
(9.083102) can0 17C#000000004E870DD2
(9.093031) can0 174#EF7F00002D6B0EED
(9.093156) can0 178#FD7F012548950EC9
(9.093258) can0 17C#0000000043870E70
(9.103273) can0 290#0030000000000000
(9.103364) can0 12B#0000000000014F78
(9.103434) can0 174#EF7F0000306B0F6D
(9.103548) can0 178#0B80023947950F68
(9.103651) can0 17C#000000002E870FB8
(9.113516) can0 290#0050000000000000
(9.113652) can0 12B#0000000000014F77
(9.113754) can0 174#EF7F0000306B00D6
(9.123759) can0 178#118003213C950019
(9.123888) can0 17C#0000000010870022
(9.123991) can0 290#0040000000000000
(9.134016) can0 12B#0000000000014F78
(9.134142) can0 128#1388030000EC78A2
(9.134244) can0 174#EF7F00002D6B0156
(9.134353) can0 178#1180042033950114
(9.144245) can0 17C#00000000038701AB
(9.144372) can0 290#0020000000000000
(9.144476) can0 174#F57F0000306B023D
(9.154488) can0 178#11800000319502CF
(9.154622) can0 17C#000000000A87020F
(9.154726) can0 450#0000000000000000
(9.154797) can0 178#0E800000349503BE
(9.164731) can0 17C#000000001C87030F
(9.164858) can0 290#0050000000000000
(9.164962) can0 17C#00000000278704F4
(9.174974) can0 290#0050000000000000
(9.175065) can0 12B#0000000000014F77
(9.175171) can0 128#1388030000EC7822
(9.175273) can0 290#0040000000000000
(9.185231) can0 12B#0000000000014F78
(9.185357) can0 174#FD7F0000316B0614
(9.185459) can0 178#1C800332459506E5
(9.185570) can0 17C#0000000042870617
(9.195460) can0 290#0050000000000000
(9.195595) can0 12B#0000000000014F78
(9.195665) can0 128#1388030000EC7842
(9.195767) can0 290#0040000000000000
(9.205703) can0 12B#0000000000014F78
(9.205793) can0 174#FA7F00001C6B0889
(9.205899) can0 290#0050000000000000
(9.206003) can0 12B#0000000000014F78
(9.206073) can0 128#1388030000EC7862
(9.215947) can0 290#0030000000000000
(9.216074) can0 12B#0000000000014F78
(9.216144) can0 174#FD7F0000226B0A1C
(9.216246) can0 178#358007213A950A7D
(9.226189) can0 17C#0000000037870A4A
(9.226315) can0 290#0030000000000000
(9.226386) can0 12B#0000000000014F78
(9.226456) can0 128#1388030000EC7882
(9.226566) can0 12E#0000000000000080
(9.236445) can0 290#0050000000000000
(9.236580) can0 12B#0000000000014F78
(9.236650) can0 12A#1228012000000000
(9.236720) can0 290#0050000000000000
(9.236790) can0 12B#0000000000014F79
(9.236896) can0 128#1388030000EC78A2
(9.236998) can0 290#0050000000000000
(9.237069) can0 12B#0000000000014F78
(9.246675) can0 174#F57F0000256B0E30
(9.246801) can0 290#0050000000000000
(9.246872) can0 12B#0000000000014F78
(9.246942) can0 128#1388030000EC78C2
(9.247044) can0 290#0030000000000000
(9.256919) can0 12B#0000000000014F78
(9.257009) can0 174#FA7F0000306B005B
(9.257115) can0 178#0E80020F3A95002C
(9.257218) can0 17C#0000000050870042
(9.267161) can0 290#0040000000000000
(9.267288) can0 12B#0000000000014F78
(9.267363) can0 128#1388030000EC7822
(9.267471) can0 290#0050000000000000
(9.277404) can0 12B#0000000000014F79
(9.277536) can0 174#EF7F0000356B0265
(9.277638) can0 128#1388030000EC7842
(9.287647) can0 12E#0000000000000040
(9.287773) can0 174#EC7F0000336B039A
(9.287878) can0 174#EA7F00002D6B040B
(9.297905) can0 178#008006142F95047E
(9.298031) can0 17C#000000003D8704E3
(9.298142) can0 290#0020000000000000
(9.298246) can0 12B#0000000000014F78
(9.308138) can0 174#EF7F0000286B05AB
(9.308264) can0 178#0E80072F2F950541
(9.308374) can0 17C#000000003F8705FD
(9.318381) can0 290#0040000000000000
(9.318508) can0 550#0000000000000040
(9.318627) can0 174#F27F0000236B0653
(9.328623) can0 178#14800802339506DC
(9.328750) can0 174#F57F0000206B074C
(9.328852) can0 178#0E80090F349507BF
(9.338867) can0 17C#000000002A870756
(9.338993) can0 290#0050000000000000
(9.339097) can0 174#F57F0000236B087B
(9.349118) can0 178#03800A133A9508A2
(9.349244) can0 17C#0000000015870843
(9.349347) can0 290#0040000000000000
(9.349450) can0 12B#0000000000014F78
(9.349520) can0 174#F57F0000276B0960
(9.359347) can0 178#FA7F0B034495099E
(9.359478) can0 17C#0000000005870946
(9.359592) can0 290#0020000000000000
(9.369592) can0 174#F57F0000276B0A47
(9.369718) can0 178#F87F0C0845950AA1
(9.369820) can0 17C#0000000000870AE8
(9.379833) can0 290#0020000000000000
(9.379924) can0 12B#0000000000014F78
(9.379994) can0 128#1388030000EC78C2
(9.380099) can0 550#0000000000000060
(9.380203) can0 300#0F00000000000000
(9.380274) can0 174#F57F00002E6B0BD9
(9.390076) can0 174#FA7F0000356B0C4E
(9.390202) can0 178#06800E073F950CB5
(9.390305) can0 17C#0000000031870C01
(9.400333) can0 174#00800000386B0D1E
(9.400459) can0 178#08800F0D42950DB5
(9.400570) can0 17C#0000000045870D52
(9.400673) can0 174#FD7F0000386B0E7F
(9.410563) can0 178#0380000245950E39
(9.410690) can0 17C#000000003D870E31
(9.410793) can0 174#F87F0000336B0FD6
(9.420805) can0 178#0080010845950F12
(9.420932) can0 17C#0000000029870F32
(9.421035) can0 290#0050000000000000
(9.431048) can0 12B#0000000000014F78
(9.431138) can0 12A#1228012000000000
(9.431207) can0 550#0000000000000080
(9.431315) can0 174#F57F00002D6B009A
(9.431424) can0 178#FD7F00004A95009F
(9.441291) can0 17C#00000000198700A1
(9.441418) can0 450#0000000000000000
(9.441497) can0 290#0040000000000000
(9.441608) can0 12B#0000000000014F78
(9.441678) can0 174#F57F00002A6B010D
(9.451545) can0 178#068001284A9501AB
(9.451679) can0 17C#000000001687013A
(9.451781) can0 174#F57F00002E6B022C
(9.451895) can0 178#0B8002204A950248
(9.461792) can0 17C#000000001B870298
(9.461919) can0 290#0050000000000000
(9.462029) can0 174#EF7F0000356B0378
(9.472020) can0 178#118003214C950376
(9.472146) can0 17C#00000000238703A1
(9.472249) can0 290#0040000000000000
(9.482263) can0 174#EF7F0000386B04AE
(9.482389) can0 178#1180042347950489
(9.482491) can0 17C#00000000298704FD
(9.492506) can0 300#0F00000000000000
(9.492604) can0 174#F57F0000396B05ED
(9.492710) can0 178#0E8005233F95055F
(9.492813) can0 17C#0000000032870578
(9.502754) can0 450#0000000000000000
(9.502845) can0 174#EF7F0000386B0694
(9.502960) can0 178#16800622369506B3
(9.503062) can0 17C#000000004587069D
(9.513005) can0 290#0050000000000000
(9.513137) can0 174#EC7F0000336B07EE
(9.513242) can0 178#1980072433950778
(9.513344) can0 17C#0000000059870792
(9.523235) can0 290#0050000000000000
(9.523325) can0 174#EA7F0000316B0885
(9.523431) can0 178#19800823369508C2
(9.523541) can0 17C#000000006C870888
(9.533478) can0 290#0050000000000000
(9.533576) can0 174#EC7F0000336B0948
(9.533682) can0 178#14800920369509E9
(9.533784) can0 17C#0000000072870984
(9.543720) can0 290#0040000000000000
(9.543848) can0 174#EF7F0000316B0A8B
(9.543950) can0 178#0B800A2136950A08
(9.553963) can0 17C#000000006E870AB1
(9.554098) can0 450#0000000000000000
(9.554169) can0 290#0040000000000000
(9.554240) can0 174#EF7F00002A6B0B0E
(9.554343) can0 178#03800B2934950B32
(9.564220) can0 17C#000000005E870B84
(9.564346) can0 290#0030000000000000
(9.564450) can0 174#EF7F0000256B0CDB
(9.564561) can0 178#FD7F000031950CCB
(9.574449) can0 17C#000000004D870C43
(9.574580) can0 178#0380000029950D63
(9.574683) can0 17C#000000003A870D9C
(9.584692) can0 290#0040000000000000
(9.584819) can0 17C#0000000032870EB7
(9.584930) can0 290#0040000000000000
(9.585002) can0 12B#0000000000014F79
(9.594936) can0 450#0000000000000000
(9.595027) can0 290#0040000000000000
(9.595098) can0 12B#0000000000014F78
(9.595204) can0 290#0040000000000000
(9.595275) can0 12B#0000000000014F79
(9.595378) can0 128#1388030000EC78A2
(9.605178) can0 12E#00000000000000A0
(9.605305) can0 290#0030000000000000
(9.605409) can0 12B#0000000000014F78
(9.615435) can0 174#EF7F0000386B02E0
(9.615568) can0 290#0040000000000000
(9.615672) can0 12B#0000000000014F79
(9.615775) can0 128#1388030000EC78C2
(9.625664) can0 12E#00000000000000C0
(9.625791) can0 174#EC7F0000396B0395
(9.625896) can0 290#0050000000000000
(9.635910) can0 12B#0000000000014F79
(9.635999) can0 12A#1228012000000000
(9.636069) can0 550#0000000000000040
(9.636176) can0 290#0030000000000000
(9.636280) can0 12B#0000000000014F78
(9.646150) can0 128#1388030000EC7822
(9.646275) can0 290#0050000000000000
(9.646379) can0 12B#0000000000014F79
(9.656393) can0 174#FA7F0000226B060E
(9.656519) can0 178#088007215095068E
(9.656629) can0 17C#0000000048870618
(9.666636) can0 290#0050000000000000
(9.666731) can0 12B#0000000000014F78
(9.666847) can0 128#1388030000EC7842
(9.666949) can0 12E#0000000000000040
(9.676895) can0 290#0030000000000000
(9.677022) can0 12B#0000000000014F79
(9.677125) can0 174#008000002A6B086C
(9.677227) can0 178#168009253995081B
(9.687122) can0 290#0000000000000000
(9.687249) can0 12B#0000000000014F79
(9.687319) can0 128#1388030000EC7862
(9.687421) can0 12E#0000000000000060
(9.697365) can0 290#0050000000000000
(9.697492) can0 12B#0000000000014F78
(9.697603) can0 174#FA7F00002A6B0A9E
(9.707609) can0 290#0050000000000000
(9.707707) can0 12B#0000000000014F79
(9.707814) can0 128#1388030000EC7882
(9.707916) can0 12E#0000000000000080
(9.717851) can0 12B#0000000000014F79
(9.717941) can0 174#F57F0000226B0C80
(9.718047) can0 178#F87F00003C950C7A
(9.718157) can0 128#1388030000EC78A2
(9.728115) can0 12E#00000000000000A0
(9.728241) can0 174#F57F0000236B0D12
(9.728352) can0 178#FD7F01203F950DFF
(9.728454) can0 550#0000000000000080
(9.738344) can0 174#F57F0000286B0EB5
(9.738470) can0 178#FD7F022141950EBA
(9.738588) can0 12E#00000000000000C0
(9.748593) can0 174#F57F0000286B0FA8
(9.748724) can0 178#FA7F032442950F1C
(9.748827) can0 174#F27F0000276B001B
(9.758822) can0 178#FD7F042F3E950046
(9.758948) can0 17C#000000002C870000
(9.759060) can0 290#0030000000000000
(9.769065) can0 174#EF7F00002D6B0156
(9.769191) can0 178#00800512379501D4
(9.769294) can0 17C#0000000026870112
(9.779322) can0 290#0040000000000000
(9.779449) can0 174#F57F0000356B02B4
(9.779560) can0 178#0680062439950291
(9.779662) can0 17C#00000000298702B3
(9.789553) can0 550#00000000000000A0
(9.789680) can0 300#0F00000000000000
(9.789752) can0 174#FA7F0000366B0379
(9.789854) can0 178#0E8007263C95039A
(9.799794) can0 17C#0000000032870336
(9.799921) can0 174#00800000316B0468
(9.800024) can0 178#118008203E95043A
(9.810037) can0 17C#000000003C87046C
(9.810164) can0 174#008000002A6B05ED
(9.810266) can0 178#0B8009253A950549
(9.820280) can0 17C#000000003C870571
(9.820407) can0 174#FD7F0000226B0680
(9.820509) can0 178#0B800000369506E0
(9.830526) can0 17C#0000000038870650
(9.830660) can0 290#0040000000000000
(9.830736) can0 174#FA7F0000236B079C
(9.830849) can0 178#1680012536950751
(9.830950) can0 17C#000000003887074D
(9.840782) can0 174#F57F0000286B08FB
(9.840908) can0 178#2280023937950893
(9.841011) can0 17C#000000003F87087C
(9.851009) can0 450#0000000000000000
(9.851100) can0 174#EC7F00002D6B0959
(9.851206) can0 178#2280032139950954
(9.851308) can0 17C#0000000047870925
(9.861252) can0 174#E77F00002D6B0A4B
(9.861378) can0 178#1680042037950A53
(9.861480) can0 17C#0000000055870A19
(9.871495) can0 290#0050000000000000
(9.871634) can0 174#E47F00002B6B0BB4
(9.871736) can0 178#0880000036950B86
(9.881743) can0 17C#0000000056870B88
(9.881874) can0 290#0040000000000000
(9.881985) can0 174#E47F00002A6B0C68
(9.891994) can0 178#0080000037950C88
(9.892121) can0 17C#0000000045870C4F
(9.892224) can0 290#0040000000000000
(9.892295) can0 300#0F00000000000000
(9.892366) can0 174#EA7F00002E6B0D72
(9.892468) can0 178#038001223C950DF5
(9.902229) can0 17C#000000002C870D81
(9.902356) can0 450#0000000000000000
(9.902435) can0 174#F57F0000386B0EAD
(9.902546) can0 178#0B80022041950E54
(9.912467) can0 17C#0000000015870E0D
(9.912602) can0 290#0040000000000000
(9.912673) can0 174#F87F00003E6B0F53
(9.912775) can0 178#1180033242950F7C
(9.922710) can0 17C#0000000013870F15
(9.922836) can0 290#0040000000000000
(9.922908) can0 12B#0000000000014F79
(9.922978) can0 174#FD7F00003C6B00DF
(9.923080) can0 178#1980042041950090
(9.932953) can0 17C#000000002C870000
(9.933080) can0 290#0050000000000000
(9.933183) can0 12B#0000000000014F78
(9.943209) can0 128#1388030000EC7862
(9.943335) can0 12E#0000000000000060
(9.943438) can0 174#FA7F0000366B0143
(9.943549) can0 178#228005233F9501FF
(9.953439) can0 17C#000000004B8701C7
(9.953572) can0 290#0040000000000000
(9.953676) can0 12B#0000000000014F79
(9.963682) can0 12A#1228012000000000
(9.963771) can0 174#F57F00002D6B02A0
(9.963879) can0 178#278006323E950265
(9.963982) can0 17C#00000000538702F4
(9.973927) can0 450#0000000000000000
(9.974018) can0 174#FA7F0000236B03E8
(9.974124) can0 178#248007213E95036A
(9.974226) can0 17C#000000004B8703FD
(9.984168) can0 290#0050000000000000
(9.984300) can0 174#008000001A6B04D8
(9.984404) can0 178#1C8008273F9504A7
(9.994424) can0 17C#000000004A870421
(9.994559) can0 174#00800000176B0540
(9.994662) can0 178#168000004195055A
(9.994764) can0 17C#00000000458705BA
(10.004653) can0 174#FD7F0000186B06A7
(10.004780) can0 178#168001203E950693
(10.004885) can0 17C#000000002F8706C2
(10.014898) can0 290#0040000000000000
(10.015026) can0 178#11800000399507AA
(10.015130) can0 17C#00000000198707F2
(10.025139) can0 450#0000000000000000
(10.025231) can0 17C#0000000011870845
(10.025339) can0 290#0050000000000000
(10.025444) can0 12B#0000000000014F78
(10.035382) can0 290#0060000000000000
(10.035510) can0 12B#0000000000014F79
(10.035622) can0 174#F87F0000306B0A33
(10.045625) can0 290#0040000000000000
(10.045753) can0 12B#0000000000014F78
(10.045858) can0 128#1388030000EC7842
(10.055884) can0 290#0040000000000000
(10.055976) can0 12B#0000000000014F79
(10.056083) can0 12A#1228012000000000
(10.056154) can0 550#0000000000000080
(10.056259) can0 174#F87F0000276B0CEF
(10.056362) can0 290#0020000000000000
(10.066111) can0 12B#0000000000014F78
(10.066239) can0 128#1388030000EC7862
(10.066341) can0 290#0030000000000000
(10.076354) can0 12B#0000000000014F79
(10.076481) can0 174#F57F00001C6B0E9B
(10.076593) can0 290#0040000000000000
(10.086598) can0 12B#0000000000014F78
(10.086726) can0 128#1388030000EC7882
(10.086829) can0 12E#0000000000000080
(10.096840) can0 174#FA7F00001D6B0F55
(10.096967) can0 178#F27F08022B950FF7
(10.097071) can0 290#0050000000000000
(10.107096) can0 12B#0000000000014F79
(10.107224) can0 174#FA7F0000226B0040
(10.107328) can0 290#0040000000000000
(10.107433) can0 12B#0000000000014F78
(10.117334) can0 128#1388030000EC78A2
(10.117461) can0 12E#00000000000000A0
(10.117572) can0 290#0050000000000000
(10.127570) can0 12B#0000000000014F79
(10.127698) can0 174#F57F0000336B02B1
(10.127802) can0 290#0050000000000000
(10.127874) can0 12B#0000000000014F78
(10.137812) can0 128#1388030000EC78C2
(10.137939) can0 290#0030000000000000
(10.138044) can0 12B#0000000000014F78
(10.138123) can0 174#F57F0000336B04FF
(10.148055) can0 178#FA7F0D2F3C9504A2
(10.148190) can0 17C#000000004287042D
(10.148294) can0 290#0040000000000000
(10.158311) can0 12B#0000000000014F79
(10.158447) can0 128#1388030000EC7822
(10.158559) can0 12E#0000000000000020
(10.158671) can0 174#EF7F0000366B05BA
(10.168549) can0 290#0050000000000000
(10.168685) can0 12B#0000000000014F78
(10.168790) can0 12A#1228012000000000
(10.168861) can0 550#00000000000000C0
(10.178784) can0 12B#0000000000014F79
(10.178912) can0 128#1388030000EC7842
(10.179015) can0 12E#0000000000000040
(10.189027) can0 174#F87F0000226B0812
(10.189154) can0 178#F87F010845950833
(10.189258) can0 17C#0000000064870884
(10.199269) can0 174#FA7F00001F6B0918
(10.199397) can0 178#008000003A950964
(10.199501) can0 17C#000000005C8709BD
(10.209515) can0 174#FA7F0000276B0A1B
(10.209647) can0 178#038001282F950A89
(10.209751) can0 17C#0000000051870A1F
(10.209854) can0 290#0040000000000000
(10.219771) can0 5A0#0069200000000049
(10.219904) can0 550#0000000000000020
(10.220009) can0 300#0F00000000000000
(10.220086) can0 174#F27F00002D6B0BDB
(10.229998) can0 174#EF7F00002D6B0CD7
(10.230126) can0 178#0680032126950CA5
(10.230230) can0 17C#000000003C870C84
(10.240241) can0 290#0010000000000000
(10.240370) can0 174#EF7F00002D6B0DCA
(10.240474) can0 178#0680042325950D18
(10.250484) can0 17C#000000003C870D99
(10.250621) can0 290#0050000000000000
(10.250726) can0 174#EF7F00002D6B0EED
(10.260727) can0 178#1180052326950EEE
(10.260855) can0 17C#0000000045870E75
(10.260959) can0 290#0040000000000000
(10.270984) can0 174#EF7F0000306B0F6D
(10.271111) can0 178#1480062229950F62
(10.271215) can0 17C#0000000058870FF5
(10.271319) can0 550#0000000000000040
(10.281213) can0 174#F27F0000336B0005
(10.281341) can0 178#148007242E950050
(10.281444) can0 17C#00000000618700E5
(10.291456) can0 450#0000000000000000
(10.291563) can0 174#F57F0000336B0196
(10.291671) can0 178#11800823369501E5
(10.291775) can0 17C#00000000598701DC
(10.301706) can0 290#0010000000000000
(10.301835) can0 174#F57F0000316B02B2
(10.301948) can0 178#068009203A95022F
(10.311943) can0 17C#000000004887026C
(10.312084) can0 174#F57F00002D6B03BD
(10.312190) can0 178#08800A213F950399
(10.322204) can0 17C#000000003A87033A
(10.322332) can0 290#0050000000000000
(10.322437) can0 174#F57F0000286B0467
(10.322549) can0 178#14800B29429504F3
(10.332428) can0 17C#00000000358704EF
(10.332564) can0 290#0040000000000000
(10.332669) can0 12B#0000000000014F78
(10.342671) can0 128#1388030000EC7862
(10.342798) can0 300#0F00000000000000
(10.342871) can0 174#F57F0000236B05FA
(10.342974) can0 178#1C800000429505BE
(10.352915) can0 174#F57F0000206B0651
(10.353043) can0 178#148000003C95060A
(10.353147) can0 17C#000000004B870694
(10.363157) can0 290#0040000000000000
(10.363249) can0 174#F57F0000206B074C
(10.363356) can0 178#008000FF3695076E
(10.363460) can0 17C#000000005B870791
(10.373413) can0 174#F87F0000206B0811
(10.373549) can0 178#EC7F0000369508D1
(10.373653) can0 17C#00000000588708A6
(10.373758) can0 290#0020000000000000
(10.383643) can0 12B#0000000000014F78
(10.383734) can0 174#F87F0000206B090C
(10.383842) can0 178#DC7F01203C950935
(10.383952) can0 17C#00000000488709A3
(10.393887) can0 174#EF7F0000236B0A90
(10.394015) can0 178#E17F022248950AF5
(10.394118) can0 17C#0000000032870AC3
(10.404134) can0 174#EA7F00002D6B0BB0
(10.404261) can0 178#F57F03264C950B1A
(10.404365) can0 17C#000000001C870BE7
(10.414371) can0 290#0030000000000000
(10.414500) can0 174#E47F0000336B0CF3
(10.414612) can0 178#0680042542950CB6
(10.424616) can0 17C#0000000018870CB2
(10.424744) can0 290#0050000000000000
(10.424849) can0 174#EA7F0000366B0D66
(10.434859) can0 178#0E80052034950D8D
(10.434986) can0 17C#0000000029870D08
(10.435091) can0 290#0040000000000000
(10.445100) can0 174#F57F0000306B0EA1
(10.445228) can0 178#118006212C950E78
(10.445332) can0 17C#0000000043870E70
(10.455343) can0 300#0F00000000000000
(10.455436) can0 174#F87F0000256B0FCB
(10.455552) can0 178#118007212B950F85
(10.455656) can0 17C#0000000053870F75
(10.465601) can0 174#FA7F00001F6B00ED
(10.465729) can0 178#0B8008202F950008
(10.465833) can0 17C#00000000558700CB
(10.465938) can0 290#0040000000000000
(10.466010) can0 178#038009253795016A
(10.475829) can0 17C#000000005B8701DF
(10.475958) can0 290#0050000000000000
(10.476063) can0 12B#0000000000014F77
(10.486072) can0 17C#00000000618702DF
(10.486200) can0 290#0050000000000000
(10.486273) can0 12B#0000000000014F78
(10.486377) can0 290#0050000000000000
(10.486449) can0 12B#0000000000014F77
(10.496315) can0 12A#1228012000000000
(10.496406) can0 450#0000000000000000
(10.496479) can0 290#0040000000000000
(10.496596) can0 12B#0000000000014F77
(10.496667) can0 290#0040000000000000
(10.496739) can0 12B#0000000000014F78
(10.496843) can0 174#F27F0000286B06D3
(10.506559) can0 290#0060000000000000
(10.506688) can0 12B#0000000000014F77
(10.506792) can0 128#1388030000EC78C2
(10.516801) can0 12E#00000000000000C0
(10.516930) can0 290#0020000000000000
(10.517035) can0 12B#0000000000014F77
(10.517106) can0 174#F27F0000336B08ED
(10.527044) can0 178#03800324379508A1
(10.527172) can0 290#0030000000000000
(10.527277) can0 12B#0000000000014F78
(10.537287) can0 128#1388030000EC7822
(10.537414) can0 290#0050000000000000
(10.537526) can0 12B#0000000000014F77
(10.547538) can0 174#EF7F0000336B0A88
(10.547665) can0 290#0040000000000000
(10.547770) can0 12B#0000000000014F77
(10.547842) can0 128#1388030000EC7842
(10.557776) can0 290#0050000000000000
(10.557905) can0 12B#0000000000014F77
(10.557976) can0 174#EF7F00002B6B0CD2
(10.558080) can0 178#0E8007263C950C21
(10.558190) can0 17C#0000000013870C32
(10.568032) can0 290#0050000000000000
(10.568132) can0 12B#0000000000014F77
(10.568203) can0 128#1388030000EC7862
(10.568310) can0 290#0050000000000000
(10.568391) can0 12B#0000000000014F77
(10.568462) can0 12A#1228012000000000
(10.568539) can0 550#0000000000000040
(10.568619) can0 290#0050000000000000
(10.568692) can0 12B#0000000000014F77
(10.568763) can0 128#1388030000EC7882
(10.568870) can0 290#0030000000000000
(10.578259) can0 12B#0000000000014F77
(10.578358) can0 174#FA7F0000396B00D8
(10.578466) can0 128#1388030000EC78A2
(10.578585) can0 12E#00000000000000A0
(10.588502) can0 174#F57F0000366B011F
(10.588645) can0 174#F27F00002E6B02A2
(10.588755) can0 178#198003213F95027D
(10.598745) can0 17C#000000002A87023F
(10.598875) can0 290#0050000000000000
(10.598980) can0 12B#0000000000014F77
(10.599052) can0 128#1388030000EC78C2
(10.608988) can0 12A#1228012000000000
(10.609086) can0 12C#0000000000000000
(10.609158) can0 5A0#00692000000000C9
(10.609267) can0 550#0000000000000060
(10.609372) can0 174#F87F00002B6B040D
(10.619231) can0 178#06800000419504FE
(10.619358) can0 17C#00000000478704A4
(10.619463) can0 290#0040000000000000
(10.629473) can0 174#FD7F00002D6B0521
(10.629609) can0 178#EF7F000039950531
(10.629713) can0 17C#000000003F8705FD
(10.639716) can0 290#0050000000000000
(10.639845) can0 12B#0000000000014F77
(10.639917) can0 174#00800000286B06C9
(10.640021) can0 178#EC7F01222F9506EB
(10.649959) can0 17C#000000003487065A
(10.650088) can0 174#00800000226B07DB
(10.650192) can0 178#FA7F02202F950705
(10.660216) can0 17C#000000002F8707DF
(10.660344) can0 290#0040000000000000
(10.660449) can0 550#0000000000000080
(10.660563) can0 174#FD7F00001F6B088B
(10.670445) can0 178#0880033234950854
(10.670580) can0 174#F57F0000226B09E9
(10.670684) can0 178#0B800420349509A7
(10.680688) can0 17C#000000003A8709E8
(10.680816) can0 290#0040000000000000
(10.680889) can0 174#F27F00002D6B0AC6
(10.680993) can0 178#068005232E950AA1
(10.690933) can0 17C#000000004B870A08
(10.691062) can0 290#0040000000000000
(10.691134) can0 174#EF7F0000396B0B9A
(10.691238) can0 178#0380063221950B08
(10.701174) can0 17C#000000005E870B84
(10.701302) can0 174#EF7F0000396B0CC9
(10.701406) can0 178#008007211A950CE1
(10.711417) can0 17C#0000000067870C7C
(10.711554) can0 290#0040000000000000
(10.711626) can0 300#0F00000000000000
(10.711699) can0 174#EF7F0000316B0DD8
(10.711810) can0 178#0380082718950D0D
(10.721660) can0 174#F27F0000306B0E2F
(10.721794) can0 178#0B8000001D950EB8
(10.721899) can0 17C#000000005E870EED
(10.731904) can0 174#F57F0000306B0FBC
(10.732032) can0 178#0E80012023950F90
(10.732136) can0 17C#000000004D870F64
(10.742153) can0 290#0050000000000000
(10.742282) can0 174#F57F0000286B0013
(10.742392) can0 178#0E80000029950004
(10.752392) can0 17C#0000000048870056
(10.752520) can0 174#EF7F00001D6B017E
(10.752632) can0 178#088001122F9501A7
(10.752734) can0 17C#00000000598701DC
(10.762648) can0 174#F27F0000156B020A
(10.762776) can0 178#0B80020F299502B6
(10.762883) can0 17C#00000000678702DA
(10.772878) can0 450#0000000000000000
(10.772970) can0 290#0050000000000000
(10.773042) can0 12B#0000000000014F77
(10.773114) can0 174#F57F0000126B0313
(10.773222) can0 178#1480030223950364
(10.773326) can0 17C#00000000678703C7
(10.783118) can0 174#F57F0000156B04CA
(10.783245) can0 178#11800405259504F9
(10.783349) can0 17C#0000000063870492
(10.793361) can0 174#FA7F00001F6B0584
(10.793488) can0 178#00800512299505B1
(10.793601) can0 17C#00000000558705A2
(10.803605) can0 174#FD7F00002B6B0603
(10.803733) can0 178#EC7F06142C95066A
(10.803837) can0 17C#000000003F8706DA
(10.813847) can0 300#0F00000000000000
(10.813939) can0 174#FD7F0000306B0786
(10.814047) can0 178#EC7F072F2C950754
(10.814151) can0 17C#00000000298707DA
(10.824090) can0 174#FA7F0000306B08B3
(10.824217) can0 178#0080080228950832
(10.824321) can0 17C#000000002387086E
(10.834333) can0 174#F87F00002A6B0903
(10.834460) can0 178#0E80090F26950902
(10.834572) can0 17C#000000002C8709F5
(10.844577) can0 290#0050000000000000
(10.844669) can0 174#F57F0000276B0A47
(10.844777) can0 178#08800A132C950AB0
(10.844884) can0 17C#0000000035870A49
(10.854832) can0 290#0050000000000000
(10.854924) can0 174#F57F0000276B0B5A
(10.855032) can0 178#FD7F0B0334950B62
(10.855136) can0 17C#0000000035870B54
(10.855240) can0 178#F57F0C0839950C4B
(10.865061) can0 17C#0000000037870C04
(10.865190) can0 450#0000000000000000
(10.865263) can0 290#0050000000000000
(10.865335) can0 17C#0000000032870D90
(10.865439) can0 290#0040000000000000
(10.875313) can0 12B#0000000000014F77
(10.875404) can0 174#FA7F0000336B0E71
(10.875512) can0 290#0050000000000000
(10.875625) can0 12B#0000000000014F77
(10.875696) can0 128#1388030000EC7842
(10.885555) can0 290#0050000000000000
(10.885647) can0 12B#0000000000014F77
(10.885723) can0 174#F57F0000206B001F
(10.885840) can0 290#0030000000000000
(10.885945) can0 12B#0000000000014F77
(10.886017) can0 128#1388030000EC7862
(10.895790) can0 290#0050000000000000
(10.895919) can0 12B#0000000000014F77
(10.895991) can0 174#F57F0000226B0226
(10.896095) can0 178#2780000036950240
(10.906033) can0 290#0040000000000000
(10.906162) can0 12B#0000000000014F77
(10.906233) can0 128#1388030000EC7882
(10.906337) can0 12E#0000000000000080
(10.916276) can0 290#0050000000000000
(10.916405) can0 12B#0000000000014F77
(10.916476) can0 174#F57F00002B6B04EB
(10.916588) can0 290#0040000000000000
(10.926519) can0 12B#0000000000014F77
(10.926616) can0 128#1388030000EC78A2
(10.926723) can0 290#0040000000000000
(10.926795) can0 12B#0000000000014F77
(10.926867) can0 12A#1228012000000000
(10.926938) can0 290#0050000000000000
(10.927043) can0 12B#0000000000014F77
(10.927115) can0 128#1388030000EC78C2
(10.936762) can0 290#0040000000000000
(10.936895) can0 12B#0000000000014F77
(10.936966) can0 174#F27F0000316B08EE
(10.937070) can0 178#FD7F06221B95088C
(10.947008) can0 290#0050000000000000
(10.947137) can0 12B#0000000000014F77
(10.947208) can0 128#1388030000EC7822
(10.947311) can0 290#0040000000000000
(10.947415) can0 12B#0000000000014F77
(10.947486) can0 174#F57F0000396B0A56
(10.957264) can0 178#1480082328950A0F
(10.957392) can0 128#1388030000EC7842
(10.957495) can0 12E#0000000000000040
(10.967491) can0 12A#1228012000000000
(10.967590) can0 12B#0000000000014F77
(10.967661) can0 174#F57F00002D6B0C06
(10.967769) can0 178#19800A212E950C51
(10.967875) can0 174#F57F00002B6B0D1E
(10.977734) can0 178#0B800B292E950DB9
(10.977863) can0 17C#000000002C870D81
(10.977967) can0 290#0040000000000000
(10.978040) can0 174#F27F00002B6B0EB7
(10.987977) can0 178#068000002C950EF9
(10.988113) can0 17C#000000003D870E31
(10.988218) can0 174#EF7F0000306B0F6D
(10.998220) can0 178#0B8000002B950F88
(10.998355) can0 17C#000000004A870FEE
(10.998460) can0 290#0040000000000000
(10.998540) can0 550#00000000000000C0
(11.008463) can0 174#F27F0000336B0005
(11.008606) can0 178#168000FF2B9500CA
(11.008715) can0 174#FA7F0000306B0146
(11.018706) can0 178#248000002B95011D
(11.018833) can0 17C#000000004B8701C7
(11.018937) can0 290#0050000000000000
(11.028949) can0 174#FD7F0000276B027D
(11.029076) can0 178#2A8001202B95021B
(11.029179) can0 17C#000000003F8702AE
(11.039192) can0 290#0050000000000000
(11.039283) can0 174#FD7F0000206B03EA
(11.039390) can0 178#278002223195036E
(11.039494) can0 17C#0000000032870336
(11.049448) can0 290#0030000000000000
(11.049580) can0 174#F57F0000206B046B
(11.049684) can0 178#228003263C9504A8
(11.049787) can0 17C#000000002687047B
(11.059678) can0 300#0F00000000000000
(11.059769) can0 174#F27F00002A6B05F7
(11.059879) can0 178#168004253C9505BB
(11.059983) can0 174#EF7F0000356B0611
(11.069922) can0 178#0880052034950691
(11.070050) can0 17C#00000000198706EF
(11.070154) can0 174#F57F0000336B07D8
(11.080163) can0 178#08800621369507AC
(11.080291) can0 17C#000000001E870778
(11.080395) can0 174#FA7F00002A6B08A4
(11.090406) can0 178#168007213C9508CA
(11.090541) can0 17C#000000002387086E
(11.090653) can0 174#FA7F0000236B093A
(11.100649) can0 178#24800820399509D3
(11.100777) can0 17C#000000002E8709F6
(11.100884) can0 174#FA7F00001F6B0A3F
(11.110895) can0 178#278009252B950AB1
(11.111022) can0 17C#0000000040870A88
(11.111127) can0 450#0000000000000000
(11.111199) can0 174#00800000226B0B47
(11.121135) can0 178#16800A291D950B66
(11.121263) can0 17C#0000000051870B02
(11.121367) can0 290#0050000000000000
(11.131378) can0 12B#0000000000014F77
(11.131469) can0 174#FA7F00002D6B0C5A
(11.131592) can0 178#0080000020950C1A
(11.131697) can0 17C#0000000053870C52
(11.141627) can0 174#FA7F0000316B0D55
(11.141762) can0 178#F87F01202E950D5C
(11.141870) can0 17C#0000000045870D52
(11.141981) can0 290#0050000000000000
(11.142053) can0 12B#0000000000014F77
(11.142124) can0 174#FA7F00002E6B0EEC
(11.151891) can0 178#FA7F000039950E73
(11.152019) can0 17C#0000000035870E3D
(11.152130) can0 290#0060000000000000
(11.162107) can0 12B#0000000000014F78
(11.162243) can0 128#1388030000EC78C2
(11.162347) can0 12E#00000000000000C0
(11.172350) can0 300#0F00000000000000
(11.172447) can0 174#FA7F0000276B0F72
(11.172573) can0 178#0680012033950F5A
(11.172677) can0 174#FA7F0000256B00CA
(11.182594) can0 178#0E80022129950007
(11.182722) can0 17C#0000000023870086
(11.182827) can0 290#0050000000000000
(11.192836) can0 174#F57F0000236B018E
(11.192963) can0 178#088003242B950173
(11.193067) can0 17C#000000002F870191
(11.203079) can0 174#F27F0000276B0221
(11.203206) can0 178#FD7F042F339502F9
(11.203310) can0 17C#0000000042870263
(11.213322) can0 174#EF7F00002D6B036C
(11.213449) can0 178#FA7F051233950320
(11.213561) can0 17C#0000000048870371
(11.223566) can0 290#0040000000000000
(11.223695) can0 174#EF7F0000356B042B
(11.223799) can0 178#008006242F950411
(11.233808) can0 17C#000000004A870421
(11.233936) can0 450#0000000000000000
(11.234009) can0 290#0020000000000000
(11.234114) can0 174#EF7F0000386B05B3
(11.244064) can0 178#068007262E95051D
(11.244192) can0 17C#000000004A87053C
(11.244296) can0 290#0050000000000000
(11.244401) can0 12B#0000000000014F77
(11.254294) can0 174#EF7F0000356B0611
(11.254421) can0 178#068008202C95062C
(11.254542) can0 17C#000000003D8706D9
(11.264544) can0 290#0050000000000000
(11.264636) can0 12B#0000000000014F77
(11.264707) can0 128#1388030000EC7882
(11.264815) can0 12E#0000000000000080
(11.264920) can0 174#EF7F00002D6B0718
(11.274780) can0 178#F87F09252B9507A3
(11.274907) can0 17C#00000000318707CE
(11.275012) can0 290#0040000000000000
(11.285022) can0 12B#0000000000014F78
(11.285150) can0 174#EF7F00002A6B0829
(11.285254) can0 290#0040000000000000
(11.285326) can0 12B#0000000000014F77
(11.295265) can0 128#1388030000EC78A2
(11.295392) can0 12E#00000000000000A0
(11.295497) can0 450#0000000000000000
(11.295577) can0 290#0060000000000000
(11.305508) can0 12B#0000000000014F77
(11.305607) can0 174#F57F0000336B0A59
(11.305715) can0 178#008002393A950AF9
(11.305819) can0 290#0050000000000000
(11.315751) can0 12B#0000000000014F77
(11.315842) can0 128#1388030000EC78C2
(11.315950) can0 290#0050000000000000
(11.316022) can0 12B#0000000000014F78
(11.316126) can0 174#F57F00002B6B0C03
(11.325994) can0 290#0050000000000000
(11.326091) can0 12B#0000000000014F77
(11.326208) can0 128#1388030000EC7822
(11.326311) can0 12E#0000000000000020
(11.336240) can0 290#0040000000000000
(11.336369) can0 12B#0000000000014F77
(11.336440) can0 12A#1228012000000000
(11.336511) can0 290#0040000000000000
(11.336591) can0 12B#0000000000014F77
(11.336663) can0 128#1388030000EC7842
(11.336766) can0 12E#0000000000000040
(11.336871) can0 290#0050000000000000
(11.346496) can0 12B#0000000000014F78
(11.346632) can0 174#F27F00002E6B0098
(11.346736) can0 290#0050000000000000
(11.346808) can0 12B#0000000000014F77
(11.356723) can0 128#1388030000EC7862
(11.356850) can0 12E#0000000000000060
(11.356955) can0 290#0040000000000000
(11.366966) can0 12B#0000000000014F77
(11.367057) can0 174#F87F0000316B0254
(11.367165) can0 178#19800420399502EE
(11.367269) can0 290#0050000000000000
(11.377209) can0 12B#0000000000014F78
(11.377337) can0 128#1388030000EC7882
(11.377440) can0 290#0050000000000000
(11.377512) can0 12B#0000000000014F77
(11.387452) can0 174#F57F0000256B04E2
(11.387584) can0 178#068006322B950488
(11.387696) can0 17C#0000000034870460
(11.397695) can0 12B#0000000000014F78
(11.397823) can0 128#1388030000EC78A2
(11.397926) can0 12E#00000000000000A0
(11.407938) can0 174#F57F0000206B0651
(11.408066) can0 178#08800827349506CD
(11.408178) can0 17C#00000000278706CE
(11.418183) can0 174#F27F0000236B074E
(11.418310) can0 178#068000003A950711
(11.418422) can0 17C#00000000238707D5
(11.428424) can0 550#0000000000000040
(11.428561) can0 174#EC7F0000286B08CD
(11.428671) can0 178#008001203A950859
(11.438680) can0 17C#000000001C8708C0
(11.438809) can0 174#EC7F00002B6B095C
(11.438913) can0 178#068000003995093B
(11.439017) can0 17C#00000000168709D2
(11.448912) can0 174#EF7F00002A6B0A13
(11.449039) can0 178#0E80011236950A20
(11.449143) can0 17C#000000001C870AFA
(11.459155) can0 290#0040000000000000
(11.459284) can0 12B#0000000000014F77
(11.459388) can0 128#1388030000EC7842
(11.469396) can0 174#EC7F00002B6B0B66
(11.469523) can0 178#1680020F31950B08
(11.469633) can0 17C#000000002F870B43
(11.479639) can0 174#EA7F0000306B0C7E
(11.479766) can0 178#198003022F950C33
(11.479879) can0 17C#0000000038870C82
(11.489884) can0 550#0000000000000060
(11.490013) can0 300#0F00000000000000
(11.490086) can0 174#E17F00002D6B0DCB
(11.490189) can0 174#DE7F0000276B0E69
(11.500125) can0 178#008005123F950E63
(11.500252) can0 17C#0000000024870EAA
(11.500357) can0 290#0050000000000000
(11.510367) can0 174#E47F0000236B0FCC
(11.510495) can0 178#F57F06143E950FB2
(11.510607) can0 17C#000000000D870F04
(11.520612) can0 174#EF7F00002A6B00C1
(11.520739) can0 178#F27F072F369500A8
(11.520843) can0 17C#000000000D8700BF
(11.530857) can0 174#F87F0000366B01F9
(11.530985) can0 178#FD7F08022B95010D
(11.531089) can0 17C#000000001E870136
(11.531192) can0 290#0050000000000000
(11.531264) can0 174#008000003B6B0229
(11.541112) can0 178#0B80090F269502F9
(11.541240) can0 17C#000000003A870227
(11.541345) can0 450#0000000000000000
(11.541418) can0 290#0040000000000000
(11.551339) can0 174#00800000396B0337
(11.551467) can0 178#1C800A132995031C
(11.551585) can0 17C#0000000058870369
(11.561591) can0 290#0050000000000000
(11.561725) can0 12B#0000000000014F78
(11.561839) can0 174#FA7F0000366B042A
(11.571831) can0 178#22800B03299504D7
(11.571958) can0 17C#0000000063870492
(11.572063) can0 290#0050000000000000
(11.572135) can0 12B#0000000000014F78
(11.572206) can0 174#FA7F0000366B0537
(11.582068) can0 178#16800C082C9505D1
(11.582204) can0 17C#00000000598705A8
(11.582309) can0 290#0050000000000000
(11.582381) can0 12B#0000000000014F78
(11.582452) can0 174#F87F00002E6B06BE
(11.592311) can0 178#11800D2F2C9506AC
(11.592438) can0 17C#000000005087060C
(11.592552) can0 290#0030000000000000
(11.602555) can0 12B#0000000000014F78
(11.602647) can0 300#0F00000000000000
(11.602727) can0 174#F57F00001F6B07E2
(11.602835) can0 178#16800E07299507DE
(11.602947) can0 17C#000000004B870789
(11.612797) can0 174#EF7F0000156B0887
(11.612925) can0 178#16800F0D2895083B
(11.613029) can0 17C#00000000488708BE
(11.623040) can0 290#0050000000000000
(11.623169) can0 174#EF7F0000186B091F
(11.623272) can0 178#11800002289509BC
(11.633297) can0 17C#00000000488709A3
(11.633430) can0 290#0050000000000000
(11.633504) can0 12B#0000000000014F79
(11.633616) can0 174#F57F0000236B0A41
(11.633720) can0 178#0680010828950A7D
(11.643526) can0 17C#000000004E870A81
(11.643662) can0 290#0050000000000000
(11.643734) can0 12B#0000000000014F78
(11.643838) can0 128#1388030000EC7882
(11.653769) can0 12E#0000000000000080
(11.653899) can0 174#FA7F00002A6B0B83
(11.654002) can0 178#088000002B950B1B
(11.664012) can0 17C#0000000053870B01
(11.664140) can0 290#0060000000000000
(11.664245) can0 12B#0000000000014F78
(11.664317) can0 12A#1228012000000000
(11.664388) can0 174#FD7F00002A6B0C5E
(11.674255) can0 178#0B8001282F950C15
(11.674382) can0 17C#0000000051870C51
(11.674487) can0 174#06800000276B0D53
(11.684498) can0 178#008002202C950D93
(11.684634) can0 17C#000000004E870DD2
(11.684738) can0 290#0050000000000000
(11.694741) can0 12B#0000000000014F78
(11.694832) can0 174#068000002D6B0E7B
(11.694940) can0 178#FD7F03212C950E05
(11.695044) can0 17C#0000000047870E76
(11.704984) can0 290#0050000000000000
(11.705080) can0 174#FD7F0000316B0FE1
(11.705194) can0 178#FD7F042331950FA9
(11.705302) can0 17C#0000000045870F68
(11.715226) can0 178#00800523369500B4
(11.715354) can0 17C#000000004B8700DA
(11.715459) can0 290#0050000000000000
(11.715539) can0 12B#0000000000014F78
(11.715610) can0 17C#00000000518701D0
(11.725472) can0 450#0000000000000000
(11.725573) can0 290#0040000000000000
(11.725682) can0 290#0030000000000000
(11.725787) can0 12B#0000000000014F78
(11.725859) can0 128#1388030000EC7842
(11.725960) can0 290#0050000000000000
(11.735728) can0 12B#0000000000014F78
(11.735820) can0 174#E77F0000276B04E2
(11.735928) can0 290#0040000000000000
(11.736033) can0 12B#0000000000014F79
(11.745955) can0 128#1388030000EC7862
(11.746082) can0 12E#0000000000000060
(11.746187) can0 290#0030000000000000
(11.756198) can0 12B#0000000000014F78
(11.756326) can0 12A#1228012000000000
(11.756397) can0 550#0000000000000040
(11.756503) can0 290#0020000000000000
(11.766441) can0 12B#0000000000014F78
(11.766540) can0 128#1388030000EC7882
(11.766647) can0 12E#0000000000000080
(11.766752) can0 290#0030000000000000
(11.776684) can0 12B#0000000000014F79
(11.776818) can0 174#FA7F0000316B083C
(11.776924) can0 290#0030000000000000
(11.776996) can0 12B#0000000000014F78
(11.786930) can0 128#1388030000EC78A2
(11.787057) can0 290#0040000000000000
(11.787162) can0 12B#0000000000014F79
(11.797170) can0 174#EF7F00002B6B0A9C
(11.797298) can0 290#0030000000000000
(11.797403) can0 12B#0000000000014F78
(11.807413) can0 128#1388030000EC78C2
(11.807548) can0 290#0040000000000000
(11.807659) can0 12B#0000000000014F78
(11.807731) can0 174#F57F00002D6B0C06
(11.817656) can0 178#0B80022225950C1F
(11.817784) can0 290#0010000000000000
(11.817894) can0 12B#0000000000014F79
(11.827914) can0 128#1388030000EC7822
(11.828041) can0 290#0050000000000000
(11.828154) can0 12B#0000000000014F78
(11.828259) can0 174#F57F0000256B0E30
(11.838147) can0 178#1C8004252C950E04
(11.838275) can0 12B#0000000000014F78
(11.838355) can0 128#1388030000EC7842
(11.838458) can0 12E#0000000000000040
(11.848390) can0 174#F57F0000256B0F2D
(11.848518) can0 178#1F80052033950FD9
(11.848637) can0 17C#0000000038870FA5
(11.858637) can0 12A#1228012000000000
(11.858731) can0 550#0000000000000080
(11.858842) can0 174#F57F00002A6B0010
(11.858946) can0 128#1388030000EC7862
(11.868873) can0 12E#0000000000000060
(11.869001) can0 174#F57F00002D6B0187
(11.869105) can0 174#EF7F0000306B02EC
(11.879114) can0 178#008008202E950288
(11.879241) can0 17C#000000004887026C
(11.879346) can0 290#0030000000000000
(11.889357) can0 174#EF7F0000356B0378
(11.889484) can0 178#FD7F0925379503F1
(11.889596) can0 17C#00000000458703F4
(11.899601) can0 174#F57F0000316B04FC
(11.899729) can0 178#00800A293A95040D
(11.899833) can0 17C#0000000048870422
(11.909843) can0 550#00000000000000A0
(11.909972) can0 300#0F00000000000000
(11.910044) can0 174#FA7F0000286B0526
(11.910148) can0 174#FA7F0000206B060D
(11.920088) can0 178#008001202C9506E2
(11.920216) can0 17C#0000000056870609
(11.920321) can0 174#FA7F0000226B0713
(11.920423) can0 178#0080000029950756
(11.930345) can0 17C#0000000059870792
(11.930473) can0 174#FA7F0000276B0821
(11.930585) can0 178#0B8001202695087E
(11.940573) can0 17C#0000000060870882
(11.940706) can0 290#0050000000000000
(11.940813) can0 174#F87F00002B6B098C
(11.950815) can0 178#0E8002212895097D
(11.950943) can0 17C#0000000064870999
(11.951048) can0 290#0040000000000000
(11.961057) can0 174#F57F0000306B0AD5
(11.961185) can0 178#118003242C950A00
(11.961289) can0 17C#0000000064870ABE
(11.971300) can0 174#FA7F00002B6B0B0C
(11.971428) can0 178#0E80042F2F950B59
(11.971540) can0 17C#0000000060870BA5
(11.981551) can0 290#0040000000000000
(11.981643) can0 12B#0000000000014F79
(11.981759) can0 174#FD7F0000276B0CDB
(11.981867) can0 178#0880051233950C81
(11.991794) can0 17C#0000000058870CD2
(11.991922) can0 174#FA7F0000236B0D4E
(11.992026) can0 178#0080062436950D7F
(12.002029) can0 17C#0000000047870D51
(12.002156) can0 290#0010000000000000
(12.002266) can0 174#F87F0000226B0E5C
(12.012272) can0 178#F27F072633950E86
(12.012399) can0 17C#000000002E870EA5
(12.012503) can0 290#0020000000000000
(12.022537) can0 300#0F00000000000000
(12.022629) can0 174#F57F00002B6B0F24
(12.022736) can0 178#EC7F08202B950F22
(12.022846) can0 17C#0000000023870F3D
(12.022954) can0 174#F57F0000366B0002
(12.032758) can0 178#F27F09252C950012
(12.032888) can0 17C#000000002A870005
(12.032992) can0 290#0020000000000000
(12.033064) can0 12B#0000000000014F78
(12.043001) can0 174#F87F0000386B01F0
(12.043128) can0 178#038000002F9501FA
(12.043232) can0 17C#0000000040870147
(12.053244) can0 290#0010000000000000
(12.053372) can0 174#F87F0000306B02DB
(12.053476) can0 178#148001252995021C
(12.063487) can0 17C#0000000060870250
(12.063623) can0 290#0040000000000000
(12.063727) can0 12B#0000000000014F78
(12.063798) can0 128#1388030000EC78C2
(12.073730) can0 12E#00000000000000C0
(12.073858) can0 174#EF7F0000256B0360
(12.073962) can0 178#1180023921950370
(12.083973) can0 17C#0000000074870353
(12.084101) can0 290#0020000000000000
(12.084205) can0 12B#0000000000014F78
(12.084276) can0 174#EC7F00001F6B04F3
(12.094216) can0 178#0680032120950448
(12.094343) can0 17C#000000006E870417
(12.094447) can0 174#EA7F00001C6B05B1
(12.104459) can0 178#0380042029950574
(12.104599) can0 17C#00000000538705A7
(12.104705) can0 290#0040000000000000
(12.114704) can0 174#EC7F0000206B0667
(12.114832) can0 178#F87F00003395062E
(12.114936) can0 17C#0000000038870650
(12.115039) can0 290#0010000000000000
(12.124962) can0 174#F27F00002A6B07CD
(12.125089) can0 178#EC7F000034950769
(12.125193) can0 17C#000000002C870753
(12.135188) can0 174#F87F00002E6B0818
(12.135315) can0 178#EC7F0122349508D5
(12.135419) can0 17C#0000000029870861
(12.145430) can0 174#FA7F00002B6B0936
(12.145566) can0 178#F27F0220369509EA
(12.145670) can0 17C#000000002F870979
(12.155674) can0 178#F57F03322F950AB0
(12.155801) can0 17C#0000000042870A8B
(12.155906) can0 290#0020000000000000
(12.165918) can0 17C#000000004A870B9A
(12.166046) can0 290#0030000000000000
(12.166151) can0 12B#0000000000014F77
(12.176159) can0 290#0020000000000000
(12.176288) can0 12B#0000000000014F78
(12.176392) can0 128#1388030000EC78A2
(12.186402) can0 12E#00000000000000A0
(12.186536) can0 290#0030000000000000
(12.186641) can0 12B#0000000000014F77
(12.196645) can0 12A#1228012000000000
(12.196736) can0 290#0020000000000000
(12.196845) can0 12B#0000000000014F78
(12.196949) can0 128#1388030000EC78C2
(12.206890) can0 290#0020000000000000
(12.206982) can0 12B#0000000000014F77
(12.207090) can0 174#EC7F0000206B0029
(12.207194) can0 290#0010000000000000
(12.217145) can0 12B#0000000000014F77
(12.217236) can0 128#1388030000EC7822
(12.217343) can0 290#0010000000000000
(12.217415) can0 12B#0000000000014F78
(12.217519) can0 174#EC7F00001C6B0231
(12.217631) can0 178#00800000349502A2
(12.227374) can0 290#0030000000000000
(12.227503) can0 12B#0000000000014F77
(12.227615) can0 128#1388030000EC7842
(12.237618) can0 290#0050000000000000
(12.237747) can0 12B#0000000000014F77
(12.237818) can0 174#F57F0000236B04E7
(12.237922) can0 290#0010000000000000
(12.247862) can0 12B#0000000000014F77
(12.247953) can0 128#1388030000EC7862
(12.248060) can0 290#0030000000000000
(12.248173) can0 12B#0000000000014F78
(12.258108) can0 174#EA7F0000286B06B8
(12.258236) can0 178#FA7F0405399506FD
(12.258355) can0 17C#0000000038870650
(12.268351) can0 290#0010000000000000
(12.268480) can0 12B#0000000000014F77
(12.268601) can0 128#1388030000EC7882
(12.278596) can0 12E#0000000000000080
(12.278724) can0 290#0030000000000000
(12.278829) can0 12B#0000000000014F77
(12.278901) can0 12A#1228012000000000
(12.278972) can0 12B#0000000000014F77
(12.279043) can0 128#1388030000EC78A2
(12.288832) can0 12E#00000000000000A0
(12.288960) can0 174#EF7F0000396B0A87
(12.289064) can0 178#1180080237950A72
(12.299075) can0 17C#0000000026870ADD
(12.299203) can0 290#0020000000000000
(12.299308) can0 12B#0000000000014F77
(12.299379) can0 12E#00000000000000C0
(12.309321) can0 174#FA7F0000396B0B17
(12.309448) can0 178#1180090F37950B4A
(12.309560) can0 17C#0000000027870B4F
(12.309663) can0 290#0030000000000000
(12.319578) can0 174#FA7F00002E6B0CD6
(12.319706) can0 178#0B800A1339950C88
(12.319810) can0 17C#000000002F870C10
(12.329804) can0 12C#0000000000000000
(12.329896) can0 5A0#00692000000000A9
(12.330004) can0 550#0000000000000020
(12.330116) can0 300#0F00000000000000
(12.330191) can0 174#F87F00001F6B0DD6
(12.340047) can0 174#F57F0000156B0E18
(12.340174) can0 178#06800C083F950E33
(12.340278) can0 17C#000000003F870E32
(12.350290) can0 174#F57F0000146B0F8A
(12.350417) can0 178#FA7F0D2F41950FA0
(12.350521) can0 17C#0000000048870FED
(12.360541) can0 174#F57F0000186B003B
(12.360668) can0 178#EA7F0E073A950002
(12.360772) can0 17C#0000000050870042
(12.370775) can0 290#0030000000000000
(12.370868) can0 12B#0000000000014F77
(12.370939) can0 174#EF7F0000206B01D3
(12.371047) can0 178#E17F0F0D2F95016A
(12.371151) can0 17C#000000004E87014E
(12.381018) can0 290#0030000000000000
(12.381110) can0 550#0000000000000040
(12.381220) can0 174#EC7F00002A6B021C
(12.381323) can0 178#E77F000228950200
(12.391261) can0 174#EA7F00002E6B03D4
(12.391389) can0 178#FA7F010823950313
(12.391493) can0 17C#00000000538703E9
(12.401510) can0 290#0030000000000000
(12.401610) can0 12B#0000000000014F77
(12.401689) can0 174#EF7F00002D6B043F
(12.401797) can0 178#0E8000002395047F
(12.401918) can0 17C#0000000061870491
(12.411766) can0 174#F57F00002A6B0579
(12.411897) can0 178#148001282595050A
(12.412009) can0 17C#0000000067870589
(12.412113) can0 174#FA7F00002A6B0602
(12.421990) can0 178#0880022028950688
(12.422118) can0 17C#000000005E870605
(12.422231) can0 290#0040000000000000
(12.432233) can0 300#0F00000000000000
(12.432326) can0 174#FD7F00002D6B071B
(12.432433) can0 178#FA7F0321299507F7
(12.432545) can0 17C#000000004E870700
(12.442476) can0 174#F57F0000336B0863
(12.442611) can0 178#EF7F042328950862
(12.442715) can0 17C#0000000037870870
(12.452719) can0 290#0040000000000000
(12.452811) can0 12B#0000000000014F77
(12.452883) can0 174#EF7F0000386B092F
(12.452991) can0 178#F87F05232B9509AE
(12.453094) can0 17C#000000001E8709DE
(12.462962) can0 290#0020000000000000
(12.463091) can0 12B#0000000000014F77
(12.463162) can0 174#EA7F00003C6B0A3A
(12.463266) can0 178#0B8006222F950AEB
(12.473205) can0 17C#0000000010870AF0
(12.473333) can0 290#0020000000000000
(12.473405) can0 12B#0000000000014F77
(12.473482) can0 174#E47F0000396B0BAF
(12.473602) can0 178#1980072434950B6E
(12.483448) can0 17C#0000000010870BED
(12.483580) can0 174#E77F0000316B0C17
(12.483684) can0 178#1C80082333950C0B
(12.493691) can0 17C#000000001F870C38
(12.493819) can0 450#0000000000000000
(12.493892) can0 174#EF7F0000286B0D43
(12.493996) can0 178#0B80092031950DF2
(12.503938) can0 17C#0000000035870D1A
(12.504066) can0 290#0020000000000000
(12.504147) can0 174#F57F0000226B0EBA
(12.504250) can0 178#FA7F0A212E950E95
(12.504352) can0 17C#0000000038870EB8
(12.514193) can0 290#0010000000000000
(12.514322) can0 174#FA7F0000226B0FFB
(12.514425) can0 178#EC7F0B2929950F9E
(12.524420) can0 17C#0000000029870F32
(12.524556) can0 174#FA7F0000276B00C9
(12.524660) can0 178#F27F00002995001F
(12.534663) can0 17C#0000000023870086
(12.534791) can0 300#0F00000000000000
(12.534864) can0 174#FA7F0000286B0152
(12.534968) can0 178#F87F00002B950169
(12.544908) can0 17C#000000002E87011E
(12.545036) can0 174#008000002A6B02BE
(12.545140) can0 178#008000FF2B95029A
(12.555149) can0 17C#000000003A870227
(12.555277) can0 174#038000002A6B0344
(12.555387) can0 178#FD7F00002E9503EE
(12.565392) can0 17C#000000004087037D
(12.565520) can0 290#0030000000000000
(12.565633) can0 178#F87F01202E9504A9
(12.575635) can0 17C#00000000478704A4
(12.575763) can0 290#0050000000000000
(12.575870) can0 12B#0000000000014F77
(12.575942) can0 17C#000000005087052B
(12.585880) can0 290#0010000000000000
(12.586008) can0 12B#0000000000014F77
(12.586080) can0 450#0000000000000000
(12.586153) can0 290#0010000000000000
(12.586225) can0 12B#0000000000014F77
(12.586296) can0 128#1388030000EC7842
(12.586400) can0 290#0010000000000000
(12.586472) can0 12B#0000000000014F77
(12.586551) can0 174#EF7F0000256B08AF
(12.596120) can0 290#0020000000000000
(12.596249) can0 12B#0000000000014F77
(12.596321) can0 128#1388030000EC7862
(12.596424) can0 290#0030000000000000
(12.606377) can0 12B#0000000000014F77
(12.606468) can0 174#EF7F0000226B0A1F
(12.606584) can0 290#0020000000000000
(12.606689) can0 12B#0000000000014F77
(12.606761) can0 128#1388030000EC7882
(12.606870) can0 290#0030000000000000
(12.616608) can0 12B#0000000000014F77
(12.616699) can0 174#F57F00002D6B0C06
(12.616807) can0 178#1480092529950CCD
(12.616911) can0 290#0010000000000000
(12.626849) can0 12B#0000000000014F77
(12.626940) can0 128#1388030000EC78A2
(12.627048) can0 12E#00000000000000A0
(12.627152) can0 290#0010000000000000
(12.627225) can0 12B#0000000000014F77
(12.627296) can0 174#008000003B6B0EB5
(12.637092) can0 290#0020000000000000
(12.637221) can0 12B#0000000000014F77
(12.637292) can0 128#1388030000EC78C2
(12.637396) can0 290#0030000000000000
(12.647335) can0 12B#0000000000014F77
(12.647426) can0 12A#1228012000000000
(12.647498) can0 290#0030000000000000
(12.647578) can0 12B#0000000000014F77
(12.647649) can0 128#1388030000EC7822
(12.647757) can0 290#0010000000000000
(12.647868) can0 12B#0000000000014F77
(12.647939) can0 174#EF7F0000256B027D
(12.657580) can0 12B#0000000000014F77
(12.657671) can0 128#1388030000EC7842
(12.657778) can0 12E#0000000000000040
(12.657889) can0 174#EF7F00002A6B03E6
(12.667821) can0 174#EF7F00002E6B04B3
(12.667954) can0 178#F27F042F2695047A
(12.668059) can0 17C#0000000032870465
(12.678064) can0 12E#0000000000000060
(12.678199) can0 12A#1228012000000000
(12.678270) can0 12C#0000000000000000
(12.678350) can0 174#F57F00002E6B0658
(12.678454) can0 178#FD7F062439950670
(12.688307) can0 17C#00000000238706C8
(12.688442) can0 174#F57F00002A6B0743
(12.688554) can0 178#FA7F0726419507EA
(12.698562) can0 17C#00000000278707D3
(12.698690) can0 290#0040000000000000
(12.698796) can0 12B#0000000000014F77
(12.698867) can0 174#F57F0000276B087D
(12.698970) can0 178#F27F08203E950858
(12.708809) can0 17C#000000002F870864
(12.708938) can0 290#0040000000000000
(12.709010) can0 174#FD7F00002B6B09B8
(12.709122) can0 178#E77F09253695097D
(12.719036) can0 17C#0000000043870923
(12.719164) can0 550#0000000000000080
(12.719270) can0 174#00800000316B0ACE
(12.729279) can0 178#E47F00002E950A2D
(12.729406) can0 174#FA7F0000396B0B17
(12.729510) can0 178#EF7F012529950B7C
(12.739522) can0 17C#000000004B870B15
(12.739657) can0 290#0040000000000000
(12.739734) can0 174#F57F0000416B0C5C
(12.739845) can0 178#FD7F023921950C69
(12.749765) can0 17C#000000004A870CC9
(12.749897) can0 174#EF7F0000416B0D90
(12.750001) can0 178#038003211B950D21
(12.760008) can0 17C#0000000047870D51
(12.760136) can0 290#0030000000000000
(12.760241) can0 174#F57F00003C6B0EAB
(12.770251) can0 178#088004201B950EA5
(12.770378) can0 17C#000000003A870EBB
(12.770483) can0 300#0F00000000000000
(12.770563) can0 174#00800000396B0FAB
(12.780494) can0 178#0B80000021950F87
(12.780627) can0 174#03800000366B0071
(12.780731) can0 178#06800000299500D6
(12.790737) can0 17C#00000000458700D3
(12.790871) can0 290#0040000000000000
(12.790976) can0 174#038000002E6B0178
(12.800993) can0 178#FD7F012229950159
(12.801121) can0 17C#000000005E870156
(12.801225) can0 174#00800000236B023D
(12.801329) can0 178#FD7F0220259502ED
(12.811223) can0 17C#00000000678702DA
(12.811351) can0 174#FA7F0000186B0340
(12.811455) can0 178#0B800332239503EE
(12.821471) can0 17C#000000006487034B
(12.821607) can0 174#F57F0000186B044F
(12.821719) can0 178#16800420239504EB
(12.831708) can0 17C#000000005C87043C
(12.831850) can0 174#EC7F0000206B0540
(12.831955) can0 178#16800523269505AF
(12.841957) can0 17C#00000000518705A4
(12.842085) can0 174#EC7F00002A6B0668
(12.842197) can0 178#14800632239506BD
(12.852194) can0 17C#000000004787069E
(12.852323) can0 174#F57F00002D6B07C9
(12.852426) can0 178#118007211E9507CC
(12.862443) can0 17C#0000000040870709
(12.862579) can0 174#FD7F0000316B08B2
(12.862683) can0 178#1180082720950843
(12.872680) can0 17C#00000000408708B2
(12.872808) can0 290#0020000000000000
(12.872914) can0 300#0F00000000000000
(12.872987) can0 174#00800000356B09EF
(12.882925) can0 178#118000002595091E
(12.883053) can0 17C#0000000045870926
(12.883157) can0 174#008000003E6B0A48
(12.893169) can0 178#0B8001202E950A48
(12.893296) can0 17C#0000000047870A02
(12.893401) can0 290#0040000000000000
(12.893505) can0 12B#0000000000014F77
(12.893584) can0 128#1388030000EC7842
(12.893655) can0 174#00800000446B0B12
(12.903425) can0 178#0880000037950B09
(12.903562) can0 17C#0000000042870B96
(12.903666) can0 174#FA7F00003C6B0CCD
(12.913652) can0 178#0B8001123F950CD9
(12.913780) can0 17C#0000000035870C07
(12.913889) can0 290#0030000000000000
(12.923897) can0 174#F57F0000336B0D0A
(12.924025) can0 178#0680020F3F950DF6
(12.924129) can0 17C#000000002A870D84
(12.934138) can0 290#0030000000000000
(12.934230) can0 178#0380030237950ECC
(12.934338) can0 17C#0000000024870EAA
(12.934443) can0 450#0000000000000000
(12.934515) can0 17C#000000001F870F1F
(12.944381) can0 290#0040000000000000
(12.944510) can0 12B#0000000000014F77
(12.944589) can0 290#0030000000000000
(12.944694) can0 12B#0000000000014F77
(12.944766) can0 128#1388030000EC78A2
(12.954624) can0 12E#00000000000000A0
(12.954753) can0 174#FD7F00002B6B0150
(12.954857) can0 178#06800614339501D6
(12.964870) can0 290#0020000000000000
(12.964999) can0 12B#0000000000014F77
(12.965070) can0 174#FA7F0000316B02EE
(12.965174) can0 290#0030000000000000
(12.975110) can0 12B#0000000000014F77
(12.975201) can0 128#1388030000EC78C2
(12.975308) can0 12E#00000000000000C0
(12.975413) can0 290#0030000000000000
(12.975490) can0 12B#0000000000014F77
(12.975574) can0 174#F27F0000356B0474
(12.985353) can0 178#F27F090F28950491
(12.985480) can0 290#0040000000000000
(12.985594) can0 12B#0000000000014F77
(12.985665) can0 128#1388030000EC7822
(12.995611) can0 290#0020000000000000
(12.995739) can0 12B#0000000000014F77
(12.995811) can0 174#F27F0000276B0655
(12.995915) can0 178#EF7F0B032F950678
(12.996019) can0 17C#00000000238706C8
(13.005839) can0 290#0020000000000000
(13.005929) can0 12B#0000000000014F77
(13.006000) can0 128#1388030000EC7842
(13.006106) can0 290#0020000000000000
(13.006177) can0 12B#0000000000014F77
(13.006247) can0 12A#1228012000000000
(13.006317) can0 290#0030000000000000
(13.006421) can0 12B#0000000000014F77
(13.006491) can0 128#1388030000EC7862
(13.016082) can0 290#0030000000000000
(13.016173) can0 12B#0000000000014F77
(13.016244) can0 174#F57F0000226B0ACE
(13.016351) can0 178#EC7F0F0D23950A49
(13.016455) can0 17C#000000003C870ACA
(13.026325) can0 290#0020000000000000
(13.026453) can0 12B#0000000000014F77
(13.026524) can0 128#1388030000EC7882
(13.026638) can0 12E#0000000000000080
(13.036569) can0 290#0030000000000000
(13.036697) can0 12B#0000000000014F77
(13.036768) can0 174#EF7F0000276B0CD8
(13.036874) can0 12B#0000000000014F77
(13.036945) can0 128#1388030000EC78A2
(13.046810) can0 12E#00000000000000A0
(13.046939) can0 12A#1228012000000000
(13.047009) can0 12C#0000000000000000
(13.047081) can0 12B#0000000000014F77
(13.047152) can0 174#F57F0000276B0E33
(13.047255) can0 178#1480012829950ECF
(13.057053) can0 17C#000000002F870E2A
(13.057181) can0 12E#00000000000000C0
(13.057285) can0 174#FD7F0000276B0FFC
(13.067296) can0 178#0E8002202F950F24
(13.067424) can0 174#00800000276B0001
(13.067535) can0 178#008003213395007B
(13.077547) can0 17C#000000002E870003
(13.077675) can0 290#0030000000000000
(13.077747) can0 174#FA7F0000286B0152
(13.077851) can0 178#FA7F04233995018D
(13.087785) can0 17C#0000000034870109
(13.087914) can0 550#00000000000000C0
(13.088019) can0 174#FA7F0000236B02F5
(13.088128) can0 178#03800523399502EF
(13.098041) can0 17C#0000000040870260
(13.098182) can0 450#0000000000000000
(13.098256) can0 174#FA7F00001A6B0343
(13.098368) can0 178#0B80062234950386
(13.108268) can0 17C#00000000478703F7
(13.108404) can0 290#0020000000000000
(13.108509) can0 174#FA7F0000176B0495
(13.118511) can0 178#0B800724349504D6
(13.118655) can0 17C#000000004287042D
(13.118759) can0 290#0040000000000000
(13.128754) can0 12B#0000000000014F77
(13.128845) can0 174#FA7F00001C6B0508
(13.128953) can0 178#038008233E95059E
(13.129057) can0 17C#0000000032870578
(13.138997) can0 174#FA7F0000226B060E
(13.139125) can0 178#FA7F09204895060B
(13.139229) can0 17C#00000000198706EF
(13.149240) can0 290#0020000000000000
(13.149369) can0 550#0000000000000020
(13.149474) can0 300#0F00000000000000
(13.149555) can0 174#FA7F0000226B0713
(13.159483) can0 178#FA7F0A214495073F
(13.159618) can0 17C#0000000008870765
(13.159723) can0 174#FA7F00001F6B0805
(13.169726) can0 178#FA7F0B2936950839
(13.169853) can0 17C#000000000A8708DD
(13.169958) can0 174#FA7F0000206B09B6
(13.179969) can0 178#008000002B9509F3
(13.180102) can0 17C#00000000188709DB
(13.180209) can0 174#FA7F0000256B0A18
(13.190225) can0 178#088000002C950A8C
(13.190353) can0 17C#0000000029870A5B
(13.190458) can0 290#0020000000000000
(13.190538) can0 174#F27F0000276B0BD4
(13.190642) can0 178#118000FF39950B90
(13.200455) can0 17C#0000000031870B52
(13.200591) can0 174#EF7F0000226B0C51
(13.200695) can0 178#0E8000003F950C85
(13.210698) can0 17C#0000000031870C01
(13.210826) can0 174#EF7F00001F6B0DE1
(13.210930) can0 178#038001203F950D5E
(13.220941) can0 17C#0000000032870D90
(13.221069) can0 174#EF7F0000276B0EE2
(13.221173) can0 178#0380022239950EE5
(13.231184) can0 17C#000000003A870EBB
(13.231312) can0 290#0030000000000000
(13.231417) can0 174#EF7F0000356B0FE4
(13.241434) can0 178#0880032634950F6C
(13.241570) can0 17C#000000004A870FEE
(13.241682) can0 290#0040000000000000
(13.251669) can0 12B#0000000000014F77
(13.251768) can0 174#F27F0000336B0005
(13.251879) can0 178#008004252F95002C
(13.251983) can0 17C#00000000538700CE
(13.261914) can0 290#0040000000000000
(13.262006) can0 12B#0000000000014F77
(13.262086) can0 128#1388030000EC7862
(13.262199) can0 12E#0000000000000060
(13.262314) can0 12A#1228012000000000
(13.262385) can0 300#0F00000000000000
(13.262458) can0 174#FA7F00002D6B01DB
(13.272155) can0 178#E47F05202C950174
(13.272283) can0 17C#000000004E87014E
(13.272387) can0 450#0000000000000000
(13.272460) can0 290#0040000000000000
(13.272540) can0 174#FA7F0000286B0275
(13.282401) can0 178#D67F06212C95021C
(13.282536) can0 17C#0000000042870263
(13.282641) can0 290#0030000000000000
(13.282744) can0 174#F87F00002A6B03D1
(13.292657) can0 178#E17F07212E950330
(13.292785) can0 17C#00000000298703AE
(13.292894) can0 290#0030000000000000
(13.292966) can0 12B#0000000000014F77
(13.293037) can0 174#F57F00002A6B0464
(13.302886) can0 178#F57F0820339504CF
(13.303021) can0 17C#000000001C87045C
(13.303126) can0 290#0050000000000000
(13.313127) can0 12B#0000000000014F77
(13.313218) can0 174#F57F00002A6B0579
(13.313326) can0 178#068009253395052C
(13.313430) can0 17C#00000000318705F4
(13.323370) can0 290#0030000000000000
(13.323499) can0 12B#0000000000014F77
(13.323583) can0 12A#1228012000000000
(13.323658) can0 550#0000000000000080
(13.323764) can0 174#F57F00002E6B0658
(13.333615) can0 178#0E800A292F9506A7
(13.333742) can0 17C#000000004B870694
(13.333847) can0 450#0000000000000000
(13.333920) can0 290#0010000000000000
(13.343857) can0 174#F57F0000316B07DB
(13.343984) can0 178#11800000319507A6
(13.344088) can0 17C#000000005B870791
(13.354107) can0 174#F27F0000336B08ED
(13.354234) can0 178#0E80012036950852
(13.354338) can0 17C#0000000060870882
(13.364342) can0 290#0050000000000000
(13.364471) can0 12B#0000000000014F77
(13.364550) can0 178#0B800000339509D2
(13.364654) can0 17C#0000000061870910
(13.374586) can0 290#0030000000000000
(13.374715) can0 17C#000000005E870A99
(13.374819) can0 290#0030000000000000
(13.374892) can0 12B#0000000000014F77
(13.374963) can0 128#1388030000EC7842
(13.384841) can0 12E#0000000000000040
(13.384970) can0 450#0000000000000000
(13.385042) can0 290#0020000000000000
(13.385147) can0 12B#0000000000014F77
(13.385219) can0 174#F57F00002A6B0C8C
(13.385322) can0 290#0050000000000000
(13.395071) can0 12B#0000000000014F78
(13.395199) can0 128#1388030000EC7862
(13.395302) can0 290#0040000000000000
(13.405314) can0 12B#0000000000014F77
(13.405442) can0 174#F57F00001A6B0E9E
(13.405554) can0 290#0030000000000000
(13.415558) can0 12B#0000000000014F78
(13.415686) can0 128#1388030000EC7882
(13.415789) can0 12E#0000000000000080
(13.425800) can0 290#0040000000000000
(13.425929) can0 12B#0000000000014F77
(13.426033) can0 12A#1228012000000000
(13.426104) can0 290#0030000000000000
(13.436043) can0 12B#0000000000014F78
(13.436170) can0 128#1388030000EC78A2
(13.436274) can0 290#0030000000000000
(13.436346) can0 12B#0000000000014F77
(13.446286) can0 174#FA7F0000316B02EE
(13.446413) can0 178#16800925379502C0
(13.446517) can0 290#0030000000000000
(13.446597) can0 12B#0000000000014F78
(13.456537) can0 128#1388030000EC78C2
(13.456664) can0 290#0040000000000000
(13.456769) can0 12B#0000000000014F78
(13.456840) can0 174#F57F0000336B04FF
(13.466772) can0 290#0010000000000000
(13.466904) can0 12B#0000000000014F77
(13.467014) can0 128#1388030000EC7822
(13.477017) can0 12E#0000000000000020
(13.477145) can0 290#0040000000000000
(13.477251) can0 12B#0000000000014F78
(13.477353) can0 174#EF7F0000306B0698
(13.487273) can0 12B#0000000000014F78
(13.487365) can0 128#1388030000EC7842
(13.487472) can0 12E#0000000000000040
(13.487585) can0 12B#0000000000014F77
(13.497500) can0 174#F87F0000286B081D
(13.497636) can0 178#118000002C950880
(13.497740) can0 12E#0000000000000060
(13.507743) can0 174#F87F0000236B0980
(13.507874) can0 178#0E800000339509E6
(13.507978) can0 550#0000000000000040
(13.517986) can0 174#F27F0000236B0ACF
(13.518122) can0 178#118001222F950A31
(13.518226) can0 174#EC7F0000286B0BEA
(13.528229) can0 178#118002202B950BB3
(13.528364) can0 17C#000000003D870B58
(13.528469) can0 174#EA7F00002A6B0C69
(13.538472) can0 178#0B8003322B950C59
(13.538616) can0 17C#0000000037870C04
(13.538721) can0 290#0030000000000000
(13.548715) can0 174#EA7F00002A6B0D74
(13.548843) can0 178#0B8004202B950D4D
(13.548947) can0 17C#0000000035870D1A
(13.558958) can0 174#EC7F00002E6B0E86
(13.559091) can0 178#1480052326950EDA
(13.559204) can0 17C#0000000038870EB8
(13.569201) can0 290#0010000000000000
(13.569330) can0 12B#0000000000014F78
(13.569434) can0 128#1388030000EC78C2
(13.579466) can0 550#0000000000000060
(13.579603) can0 300#0F00000000000000
(13.579675) can0 174#EF7F00002B6B0FF5
(13.579779) can0 174#F57F0000276B0095
(13.579890) can0 178#148007211B950022
(13.589687) can0 17C#000000004D8700DF
(13.589815) can0 174#F57F00002B6B0182
(13.589919) can0 178#068008271D95012C
(13.599933) can0 17C#000000004E87014E
(13.600061) can0 174#FD7F0000336B0263
(13.600165) can0 178#F57F0000259502A1
(13.610173) can0 17C#00000000538702F4
(13.610301) can0 290#0020000000000000
(13.610406) can0 12B#0000000000014F78
(13.610477) can0 174#03800000366B0356
(13.620416) can0 178#EF7F01202F950342
(13.620551) can0 17C#00000000518703EA
(13.620656) can0 290#0010000000000000
(13.630659) can0 12B#0000000000014F78
(13.630750) can0 174#03800000356B0489
(13.630859) can0 178#FA7F0000399504A1
(13.630963) can0 17C#00000000478704A4
(13.640903) can0 174#06800000336B05A5
(13.641031) can0 178#08800112399505CE
(13.641135) can0 17C#0000000038870577
(13.651145) can0 290#0040000000000000
(13.651273) can0 174#03800000336B06B6
(13.651377) can0 178#1180020F37950602
(13.661388) can0 17C#00000000318706D3
(13.661516) can0 290#0010000000000000
(13.661629) can0 12B#0000000000014F78
(13.661708) can0 128#1388030000EC7882
(13.671633) can0 174#FD7F0000336B070A
(13.671761) can0 178#16800302339507B2
(13.671876) can0 17C#00000000378707CB
(13.671979) can0 290#0020000000000000
(13.681899) can0 174#F87F0000306B0809
(13.682027) can0 178#168004052B9508E2
(13.682131) can0 17C#00000000428708B1
(13.692116) can0 290#0020000000000000
(13.692209) can0 12B#0000000000014F79
(13.692317) can0 300#0F00000000000000
(13.692389) can0 174#F27F00002E6B096D
(13.692493) can0 178#0B80051225950912
(13.702359) can0 17C#000000004D87092A
(13.702496) can0 450#0000000000000000
(13.702577) can0 290#0000000000000000
(13.702690) can0 12B#0000000000014F78
(13.712604) can0 174#F27F00002D6B0AC6
(13.712737) can0 178#0880061420950A8C
(13.712842) can0 17C#0000000051870A1F
(13.722845) can0 290#0050000000000000
(13.722974) can0 12B#0000000000014F78
(13.723046) can0 128#1388030000EC78C2
(13.723149) can0 12E#00000000000000C0
(13.733088) can0 174#FA7F0000306B0B94
(13.733216) can0 178#0680072F1A950B94
(13.733320) can0 17C#0000000048870B99
(13.743331) can0 290#0020000000000000
(13.743460) can0 174#00800000306B0C0F
(13.743572) can0 178#0680080213950C3D
(13.753576) can0 17C#0000000032870C8D
(13.753704) can0 290#0030000000000000
(13.753809) can0 12B#0000000000014F79
(13.763817) can0 174#00800000366B0D17
(13.763945) can0 178#FD7F090F1A950D13
(13.764049) can0 17C#0000000026870D8E
(13.774074) can0 290#0050000000000000
(13.774202) can0 12B#0000000000014F78
(13.774307) can0 12A#1228012000000000
(13.774378) can0 174#FA7F0000416B0E3A
(13.774482) can0 178#F27F0A1329950E85
(13.784303) can0 17C#0000000026870EA9
(13.784431) can0 174#EC7F0000436B0F4E
(13.784543) can0 178#F27F0B0339950FCF
(13.794553) can0 17C#0000000027870F3B
(13.794687) can0 174#E47F0000366B00E6
(13.794793) can0 178#F27F0C0842950091
(13.804789) can0 17C#000000002687000F
(13.804918) can0 290#0020000000000000
(13.805023) can0 174#EA7F0000276B016D
(13.815032) can0 178#F27F0D2F4495015D
(13.815159) can0 17C#0000000026870112
(13.815264) can0 290#0040000000000000
(13.825275) can0 174#F57F0000206B0225
(13.825402) can0 178#EA7F0E073F9502B1
(13.825506) can0 17C#000000002F8702B6
(13.835518) can0 290#0020000000000000
(13.835653) can0 178#EC7F0F0D3495032E
(13.835757) can0 17C#00000000378703BF
(13.845761) can0 450#0000000000000000
(13.845853) can0 17C#000000003A870469
(13.845962) can0 290#0030000000000000
(13.846067) can0 12B#0000000000014F78
(13.846138) can0 290#0050000000000000
(13.856004) can0 12B#0000000000014F78
(13.856095) can0 174#EF7F0000226B0683
(13.856203) can0 178#1180000016950601
(13.856307) can0 290#0030000000000000
(13.866249) can0 12B#0000000000014F79
(13.866377) can0 128#1388030000EC78C2
(13.866448) can0 290#0040000000000000
(13.866561) can0 12B#0000000000014F78
(13.866664) can0 12A#1228012000000000
(13.866735) can0 550#0000000000000040
(13.876506) can0 290#0030000000000000
(13.876641) can0 12B#0000000000014F78
(13.876712) can0 128#1388030000EC7822
(13.876815) can0 290#0040000000000000
(13.886733) can0 12B#0000000000014F78
(13.886824) can0 174#EF7F00002D6B0A99
(13.886932) can0 290#0040000000000000
(13.887004) can0 12B#0000000000014F78
(13.887076) can0 128#1388030000EC7842
(13.887179) can0 290#0020000000000000
(13.896976) can0 12B#0000000000014F79
(13.897103) can0 174#EA7F0000356B0CF7
(13.897207) can0 178#008006223A950C01
(13.907218) can0 17C#000000003F870C08
(13.907347) can0 290#0040000000000000
(13.907452) can0 12B#0000000000014F78
(13.917461) can0 128#1388030000EC7862
(13.917596) can0 290#0020000000000000
(13.917701) can0 12B#0000000000014F78
(13.917773) can0 174#F27F0000306B0E2F
(13.927704) can0 290#0020000000000000
(13.927796) can0 12B#0000000000014F78
(13.927868) can0 128#1388030000EC7882
(13.927976) can0 290#0040000000000000
(13.928088) can0 12B#0000000000014F79
(13.937948) can0 174#F27F0000236B001D
(13.938083) can0 12B#0000000000014F78
(13.938194) can0 128#1388030000EC78A2
(13.948190) can0 12E#00000000000000A0
(13.948327) can0 12B#0000000000014F78
(13.948398) can0 12A#1228012000000000
(13.948469) can0 550#0000000000000080
(13.948591) can0 174#FD7F0000206B02F7
(13.958433) can0 128#1388030000EC78C2
(13.958576) can0 12E#00000000000000C0
(13.958681) can0 174#00800000206B03AC
(13.968690) can0 178#FA7F000016950344
(13.968817) can0 17C#000000001F870383
(13.968922) can0 290#0050000000000000
(13.969027) can0 12B#0000000000014F79
(13.978921) can0 174#FD7F0000236B0435
(13.979048) can0 178#F27F00FF1B9504E6
(13.979152) can0 17C#000000002C870474
(13.989162) can0 290#0040000000000000
(13.989291) can0 12B#0000000000014F78
(13.989395) can0 174#F57F00002B6B05F6
(13.999405) can0 178#F87F00001D950530
(13.999541) can0 17C#0000000032870578
(13.999645) can0 290#0030000000000000
(14.009648) can0 174#EF7F0000306B0698
(14.009774) can0 178#FD7F012021950621
(14.009879) can0 17C#00000000358706D5
(14.019893) can0 290#0030000000000000
(14.019985) can0 12B#0000000000014F78
(14.020056) can0 5A0#0069200000000089
(14.020170) can0 550#00000000000000A0
(14.020277) can0 300#0F00000000000000
(14.020349) can0 174#EC7F0000336B0855
(14.030134) can0 178#118003262895081B
(14.030261) can0 17C#00000000428708B1
(14.030365) can0 290#0030000000000000
(14.030436) can0 174#EF7F0000336B09AF
(14.040386) can0 178#148004252F950909
(14.040513) can0 17C#00000000568709B2
(14.040624) can0 290#0040000000000000
(14.050624) can0 12B#0000000000014F78
(14.050715) can0 174#EF7F0000336B0A88
(14.050822) can0 178#1180052039950ABE
(14.050925) can0 17C#0000000063870A34
(14.060870) can0 290#0020000000000000
(14.060998) can0 174#F87F0000336B0BA2
(14.061101) can0 178#0B80062139950B51
(14.061203) can0 17C#0000000058870B81
(14.071122) can0 550#00000000000000C0
(14.071250) can0 174#FA7F0000366B0CC2
(14.071354) can0 178#0880072131950C83
(14.081349) can0 174#FA7F0000366B0DDF
(14.081482) can0 178#0080082029950DB9
(14.081594) can0 17C#000000001E870DAA
(14.091598) can0 290#0020000000000000
(14.091690) can0 174#FA7F0000336B0E71
(14.091805) can0 178#FA7F092526950E69
(14.091916) can0 17C#0000000015870E0D
(14.101835) can0 290#0040000000000000
(14.101971) can0 12B#0000000000014F78
(14.102042) can0 174#F57F00002D6B0F21
(14.102155) can0 178#F27F0A2926950FCA
(14.112078) can0 17C#000000001C870F93
(14.112206) can0 290#0000000000000000
(14.112311) can0 12B#0000000000014F79
(14.122321) can0 174#F57F0000256B0096
(14.122448) can0 178#F87F000029950077
(14.122560) can0 17C#0000000029870089
(14.132565) can0 290#0040000000000000
(14.132693) can0 300#0F00000000000000
(14.132766) can0 174#F57F00001F6B01AC
(14.132872) can0 178#FD7F01202F95017B
(14.142806) can0 174#F57F0000186B0201
(14.142934) can0 178#03800000319502CC
(14.143038) can0 17C#0000000042870263
(14.153049) can0 174#F57F0000176B039A
(14.153177) can0 178#038001202E95036F
(14.153280) can0 17C#000000004087037D
(14.163306) can0 290#0030000000000000
(14.163435) can0 174#F57F00001D6B04C6
(14.163547) can0 178#FA7F0221299504BA
(14.163650) can0 17C#000000003C87046C
(14.173543) can0 290#0020000000000000
(14.173672) can0 174#F57F0000256B05FF
(14.173782) can0 178#FA7F032423950511
(14.183778) can0 17C#0000000042870530
(14.183907) can0 290#0040000000000000
(14.184012) can0 174#F57F00002E6B0658
(14.194021) can0 178#0080042F2095065F
(14.194149) can0 17C#000000004E87061D
(14.194253) can0 450#0000000000000000
(14.194326) can0 174#FA7F00003B6B0788
(14.204264) can0 178#0E8005121E950728
(14.204392) can0 17C#0000000059870792
(14.204496) can0 174#00800000476B08B9
(14.214507) can0 178#1180062423950863
(14.214639) can0 17C#000000005C8708A0
(14.214743) can0 290#0030000000000000
(14.224750) can0 174#00800000476B09A4
(14.224880) can0 178#0B800726299509ED
(14.224984) can0 17C#000000004D87092A
(14.234993) can0 290#0040000000000000
(14.235122) can0 174#008000003C6B0A4B
(14.235226) can0 178#0880082026950ABE
(14.245236) can0 17C#0000000035870A49
(14.245364) can0 174#00800000306B0B5C
(14.245468) can0 178#0680092520950B1E
(14.255482) can0 17C#0000000029870B46
(14.255618) can0 174#008000002E6B0C1E
(14.255722) can0 178#FA7F000016950CFF
(14.255824) can0 17C#0000000026870C93
(14.265738) can0 178#EC7F012516950D7B
(14.265871) can0 17C#000000002C870D81
(14.265976) can0 290#0020000000000000
(14.275965) can0 17C#0000000034870EB2
(14.276093) can0 290#0030000000000000
(14.276198) can0 12B#0000000000014F79
(14.276269) can0 290#0050000000000000
(14.286208) can0 12B#0000000000014F78
(14.286336) can0 12A#1228012000000000
(14.286406) can0 450#0000000000000000
(14.286479) can0 290#0040000000000000
(14.286592) can0 12B#0000000000014F78
(14.286663) can0 290#0000000000000000
(14.296451) can0 12B#0000000000014F78
(14.296547) can0 174#F57F00003E6B0234
(14.296655) can0 290#0040000000000000
(14.296760) can0 12B#0000000000014F78
(14.296831) can0 128#1388030000EC7882
(14.306694) can0 12E#0000000000000080
(14.306822) can0 174#FA7F0000446B0332
(14.306926) can0 290#0020000000000000
(14.316937) can0 12B#0000000000014F78
(14.317028) can0 174#FA7F0000446B0461
(14.317136) can0 290#0020000000000000
(14.317208) can0 12B#0000000000014F78
(14.317279) can0 128#1388030000EC78A2
(14.317382) can0 290#0010000000000000
(14.327180) can0 12B#0000000000013F78
(14.327308) can0 174#EF7F0000306B0698
(14.327411) can0 178#0B80042037950690
(14.337423) can0 290#0040000000000000
(14.337560) can0 12B#0000000000014F78
(14.337664) can0 128#1388030000EC78C2
(14.347665) can0 290#0020000000000000
(14.347794) can0 12B#0000000000014F78
(14.347866) can0 174#EA7F00002E6B081B
(14.347970) can0 178#0880063236950888
(14.357924) can0 290#0010000000000000
(14.358053) can0 12B#0000000000014F78
(14.358132) can0 128#1388030000EC7822
(14.358236) can0 290#0040000000000000
(14.358349) can0 12B#0000000000014F78
(14.358420) can0 12A#1228012000000000
(14.358491) can0 290#0020000000000000
(14.368157) can0 12B#0000000000014F78
(14.368248) can0 128#1388030000EC7842
(14.368363) can0 12E#0000000000000040
(14.368467) can0 12B#0000000000014F79
(14.378400) can0 174#00800000236B0C9B
(14.378535) can0 178#0B80012033950C9B
(14.378647) can0 17C#0000000026870C93
(14.388643) can0 12E#0000000000000060
(14.388771) can0 174#00800000276B0D80
(14.388877) can0 178#0680000039950D4F
(14.398884) can0 174#00800000286B0E21
(14.399012) can0 178#0680011239950E00
(14.399116) can0 17C#0000000037870E3E
(14.409131) can0 290#0020000000000000
(14.409222) can0 12B#0000000000014F78
(14.409330) can0 12A#1228012000000000
(14.409401) can0 12C#0000000000000000
(14.409473) can0 5A0#0069200000000049
(14.409586) can0 550#0000000000000020
(14.419366) can0 174#EF7F0000356B005F
(14.419494) can0 178#008003023395008B
(14.419606) can0 17C#000000003F870094
(14.429611) can0 174#EC7F0000336B01A0
(14.429738) can0 178#F87F04053795011D
(14.429842) can0 17C#000000003D87018A
(14.439852) can0 290#0000000000000000
(14.439981) can0 174#EC7F0000356B0282
(14.440085) can0 178#F57F051237950267
(14.450098) can0 17C#000000003C870222
(14.450226) can0 174#F57F0000356B03A9
(14.450329) can0 178#FD7F061433950379
(14.450431) can0 17C#00000000458703F4
(14.460354) can0 550#0000000000000040
(14.460483) can0 174#F57F0000306B0473
(14.460595) can0 178#0680072F2F95048E
(14.470582) can0 174#F57F00002D6B05F3
(14.470710) can0 178#068008022B9505EC
(14.470821) can0 17C#0000000038870577
(14.480824) can0 174#F57F0000286B065D
(14.480951) can0 178#0080090F269506B8
(14.481056) can0 17C#000000002C87064E
(14.491067) can0 290#0020000000000000
(14.491195) can0 12B#0000000000014F78
(14.491267) can0 174#FA7F0000256B0799
(14.491371) can0 178#F87F0A132695079E
(14.501310) can0 17C#000000002487075F
(14.501445) can0 174#FD7F0000276B08AF
(14.501557) can0 178#FD7F0B03259508D2
(14.511554) can0 17C#0000000027870868
(14.511682) can0 300#0F00000000000000
(14.511762) can0 174#008000002B6B09FE
(14.511870) can0 178#FD7F0C082695096E
(14.521796) can0 174#FD7F00002D6B0A9A
(14.521932) can0 178#FD7F0D2F2C950A92
(14.522035) can0 17C#0000000042870A8B
(14.532039) can0 174#F87F00002D6B0BB3
(14.532166) can0 178#00800E0733950B3F
(14.532270) can0 17C#0000000047870B1F
(14.542282) can0 174#F57F0000306B0C9B
(14.542409) can0 178#06800F0D33950C6E
(14.542513) can0 17C#000000004B870C46
(14.552546) can0 174#EF7F0000336B0DDB
(14.552674) can0 178#0B80000229950D96
(14.552778) can0 17C#0000000059870D40
(14.552893) can0 290#0010000000000000
(14.562767) can0 12B#0000000000013F78
(14.562897) can0 174#EF7F0000336B0EFC
(14.563001) can0 178#0B8001081E950EC2
(14.573010) can0 17C#0000000067870E46
(14.573138) can0 450#0000000000000000
(14.573211) can0 174#F57F0000336B0F30
(14.573315) can0 178#1680000016950F7A
(14.583253) can0 17C#0000000067870F5B
(14.583381) can0 290#0000000000000000
(14.583487) can0 12B#0000000000014F78
(14.593496) can0 174#00800000306B0093
(14.593632) can0 178#198001281A95002B
(14.593736) can0 17C#000000005B8700C2
(14.603739) can0 290#0050000000000000
(14.603874) can0 12B#0000000000014F78
(14.603945) can0 174#008000002E6B019F
(14.604049) can0 178#16800220259501E6
(14.613982) can0 17C#00000000438701CB
(14.614110) can0 290#0000000000000000
(14.614216) can0 12B#0000000000014F78
(14.614287) can0 174#00800000336B0225
(14.624225) can0 178#0B80032129950263
(14.624353) can0 17C#000000002A87023F
(14.624457) can0 290#0020000000000000
(14.634468) can0 300#0F00000000000000
(14.634569) can0 174#00800000336B0338
(14.634676) can0 178#0B8004232B950351
(14.634788) can0 174#FA7F00002A6B0438
(14.644714) can0 178#0B8005232B950468
(14.644841) can0 17C#000000001B8704D6
(14.644946) can0 290#0020000000000000
(14.645018) can0 174#F87F00001F6B053E
(14.645120) can0 178#0B8006222B950556
(14.654970) can0 17C#00000000278705E9
(14.655098) can0 290#0030000000000000
(14.655203) can0 12B#0000000000013F78
(14.665197) can0 174#F57F00001C6B0673
(14.665324) can0 178#068007242B950694
(14.665428) can0 17C#0000000038870650
(14.675440) can0 178#008008232E95075B
(14.675572) can0 17C#0000000043870785
(14.675677) can0 290#0010000000000000
(14.685683) can0 12B#0000000000014F78
(14.685811) can0 12A#1228012000000000
(14.685882) can0 17C#00000000408708B2
(14.685987) can0 450#0000000000000000
(14.686059) can0 290#0030000000000000
(14.695929) can0 290#0040000000000000
(14.696057) can0 12B#0000000000014F78
(14.696129) can0 174#F87F0000366B0A36
(14.696232) can0 178#FD7F0B292E950A99
(14.706169) can0 290#0040000000000000
(14.706261) can0 12B#0000000000014F78
(14.706332) can0 128#1388030000EC78C2
(14.706446) can0 290#0020000000000000
(14.706561) can0 12B#0000000000013F78
(14.716412) can0 174#F87F0000336B0CF1
(14.716547) can0 290#0020000000000000
(14.716620) can0 12B#0000000000014F78
(14.716724) can0 128#1388030000EC7822
(14.726655) can0 290#0020000000000000
(14.726747) can0 12B#0000000000014F78
(14.726818) can0 174#F87F00002D6B0EDA
(14.726926) can0 290#0020000000000000
(14.726998) can0 12B#0000000000014F78
(14.727070) can0 128#1388030000EC7842
(14.727173) can0 12E#0000000000000040
(14.736899) can0 174#FD7F0000336B0FE2
(14.737027) can0 178#F57F01202C950F83
(14.737130) can0 290#0030000000000000
(14.747154) can0 12B#0000000000014F78
(14.747245) can0 174#FA7F0000366B005E
(14.747353) can0 178#F87F02222E950044
(14.747457) can0 290#0030000000000000
(14.747537) can0 12B#0000000000014F78
(14.747608) can0 128#1388030000EC7862
(14.747712) can0 290#0040000000000000
(14.757384) can0 12B#0000000000013F78
(14.757511) can0 12A#1228012000000000
(14.757590) can0 550#0000000000000040
(14.757663) can0 290#0020000000000000
(14.757775) can0 12B#0000000000014F78
(14.767627) can0 128#1388030000EC7882
(14.767753) can0 12E#0000000000000080
(14.767859) can0 290#0030000000000000
(14.777872) can0 12B#0000000000014F78
(14.777963) can0 174#FA7F0000226B0434
(14.778078) can0 290#0000000000000000
(14.778183) can0 12B#0000000000014F78
(14.778255) can0 128#1388030000EC78A2
(14.788118) can0 12B#0000000000013F78
(14.788246) can0 174#03800000276B06A8
(14.788358) can0 178#168008202095069F
(14.798361) can0 17C#0000000051870683
(14.798489) can0 128#1388030000EC78C2
(14.798608) can0 12E#00000000000000C0
(14.808605) can0 12A#1228012000000000
(14.808696) can0 12C#0000000000000000
(14.808768) can0 174#FA7F0000236B0827
(14.808878) can0 178#0B800A292F950835
(14.808982) can0 17C#000000003C8708F0
(14.818841) can0 174#F27F0000256B09ED
(14.818969) can0 178#FD7F0000319509A2
(14.819073) can0 17C#00000000408709AF
(14.829084) can0 174#EC7F0000286B0AF7
(14.829212) can0 178#EF7F01202B950AB1
(14.829315) can0 17C#0000000050870A90
(14.839330) can0 290#0030000000000000
(14.839464) can0 174#EA7F00002A6B0B3A
(14.839574) can0 178#F27F000020950B53
(14.839676) can0 17C#0000000063870B29
(14.849588) can0 550#0000000000000080
(14.849717) can0 174#EF7F00002D6B0CD7
(14.849820) can0 178#FD7F01201A950C5B
(14.859813) can0 174#F57F0000306B0D86
(14.859941) can0 178#038002211A950DC4
(14.860045) can0 17C#0000000055870D4A
(14.870056) can0 290#0020000000000000
(14.870185) can0 174#FD7F0000306B0E73
(14.870289) can0 178#0380032425950EF4
(14.880299) can0 17C#000000003C870EBE
(14.880427) can0 174#008000002A6B0F3F
(14.880539) can0 178#F87F042F33950F4C
(14.890550) can0 17C#000000002A870FBE
(14.890678) can0 174#00800000256B0002
(14.890782) can0 178#EC7F05123C9500EB
(14.900785) can0 17C#0000000021870085
(14.900914) can0 290#0020000000000000
(14.900986) can0 300#0F00000000000000
(14.901059) can0 174#00800000276B011C
(14.901163) can0 178#EC7F062441950183
(14.911028) can0 174#FA7F00002B6B02F9
(14.911155) can0 178#FA7F07263E95024D
(14.911259) can0 17C#000000001E870211
(14.921271) can0 174#F87F0000306B03C6
(14.921398) can0 178#08800820399503D5
(14.921510) can0 17C#000000002C870327
(14.931521) can0 174#F57F00002D6B04EE
(14.931661) can0 178#08800925369504B9
(14.931775) can0 17C#000000003C87046C
(14.941770) can0 174#F57F00002D6B05F3
(14.941907) can0 178#0B800000349505C4
(14.942011) can0 17C#000000003F8705FD
(14.942116) can0 174#F57F00002E6B0658
(14.952007) can0 178#11800125349506C1
(14.952134) can0 17C#0000000040870614
(14.952239) can0 450#0000000000000000
(14.952311) can0 174#F57F00002A6B0743
(14.962243) can0 178#0B80023936950747
(14.962370) can0 17C#0000000045870780
(14.962481) can0 174#EF7F0000286B082A
(14.972486) can0 178#FD7F0321399508DA
(14.972621) can0 17C#000000004E8708BB
(14.972725) can0 290#0040000000000000
(14.982729) can0 174#EF7F00002A6B0934
(14.982856) can0 178#F27F04203A950981
(14.982960) can0 17C#000000005387093B
(14.992972) can0 290#0030000000000000
(14.993100) can0 12B#0000000000013F78
(14.993172) can0 174#F57F00002A6B0AC2
(14.993275) can0 178#EA7F000037950AB7
(15.003214) can0 17C#000000004A870A87
(15.003341) can0 290#0030000000000000
(15.003412) can0 12B#0000000000014F77
(15.003515) can0 128#1388030000EC7882
(15.013461) can0 300#0F00000000000000
(15.013562) can0 174#F57F0000276B0B5A
(15.013670) can0 178#EC7F000036950BF6
(15.013773) can0 174#F27F0000206B0C0D
(15.023700) can0 178#F87F012236950C72
(15.023827) can0 17C#000000003A870C81
(15.023932) can0 290#0030000000000000
(15.024003) can0 12B#0000000000014F77
(15.024074) can0 128#1388030000EC78A2
(15.033947) can0 174#EF7F00001A6B0D68
(15.034074) can0 178#0080022036950D84
(15.034177) can0 17C#0000000038870D9F
(15.034279) can0 174#EF7F00001C6B0E4A
(15.044202) can0 178#FD7F033231950E07
(15.044330) can0 17C#0000000034870EB2
(15.044433) can0 174#EF7F0000206B0F75
(15.054429) can0 178#F57F042029950FD5
(15.054564) can0 17C#000000003A870FA6
(15.054668) can0 290#0040000000000000
(15.064672) can0 174#F27F0000206B0091
(15.064799) can0 178#EC7F05232695000E
(15.064903) can0 17C#0000000042870059
(15.074917) can0 450#0000000000000000
(15.075009) can0 290#0020000000000000
(15.075117) can0 12B#0000000000014F77
(15.075188) can0 128#1388030000EC7822
(15.075291) can0 178#EA7F0632269501C6
(15.085158) can0 17C#000000004D8701C2
(15.085291) can0 290#0020000000000000
(15.085365) can0 12B#0000000000013F77
(15.085468) can0 17C#000000005B8702F8
(15.095401) can0 290#0010000000000000
(15.095536) can0 12B#0000000000014F78
(15.095640) can0 290#0010000000000000
(15.095712) can0 12B#0000000000014F77
(15.105644) can0 174#FA7F0000276B04BD
(15.105771) can0 290#0030000000000000
(15.105879) can0 12B#0000000000014F77
(15.105950) can0 128#1388030000EC7862
(15.115889) can0 290#0000000000000000
(15.116018) can0 12B#0000000000013F77
(15.116122) can0 174#F57F0000226B0652
(15.126130) can0 178#EF7F00002E950684
(15.126258) can0 17C#000000001F8706EA
(15.126362) can0 290#0020000000000000
(15.136386) can0 12B#0000000000014F77
(15.136514) can0 128#1388030000EC7882
(15.136623) can0 12E#0000000000000080
(15.136727) can0 290#0030000000000000
(15.146617) can0 12B#0000000000014F77
(15.146708) can0 174#E77F00002A6B08FB
(15.146816) can0 290#0020000000000000
(15.146921) can0 12B#0000000000014F77
(15.146992) can0 128#1388030000EC78A2
(15.156860) can0 290#0030000000000000
(15.156994) can0 12B#0000000000013F77
(15.157099) can0 12A#1228012000000000
(15.157170) can0 550#0000000000000080
(15.157243) can0 290#0050000000000000
(15.167102) can0 12B#0000000000014F77
(15.167229) can0 128#1388030000EC78C2
(15.167332) can0 290#0030000000000000
(15.177345) can0 12B#0000000000014F77
(15.177436) can0 174#00800000336B0C83
(15.177552) can0 290#0010000000000000
(15.177657) can0 12B#0000000000014F77
(15.177728) can0 128#1388030000EC7822
(15.187589) can0 290#0010000000000000
(15.187681) can0 12B#0000000000013F77
(15.187789) can0 174#FD7F0000336B0EFF
(15.187896) can0 178#0080080226950E75
(15.197831) can0 290#0040000000000000
(15.197959) can0 12B#0000000000014F77
(15.198063) can0 128#1388030000EC7842
(15.208081) can0 290#0000000000000000
(15.208210) can0 12B#0000000000014F77
(15.208281) can0 174#F27F0000336B0005
(15.208393) can0 178#FD7F0A132B95007C
(15.218324) can0 128#1388030000EC7862
(15.218451) can0 12E#0000000000000060
(15.218571) can0 174#F57F0000386B0116
(15.228571) can0 174#FD7F0000386B02E3
(15.228704) can0 178#06800C08319502A6
(15.228809) can0 17C#0000000038870224
(15.228912) can0 174#FA7F0000316B03F3
(15.238818) can0 178#16800D2F379503D3
(15.238946) can0 17C#0000000038870339
(15.239050) can0 550#00000000000000C0
(15.249045) can0 174#F57F00002B6B04EB
(15.249173) can0 178#22800E07369504D8
(15.249277) can0 17C#0000000032870465
(15.259288) can0 174#F57F0000286B057A
(15.259416) can0 178#1C800F0D3395054A
(15.259519) can0 17C#00000000238705EF
(15.269539) can0 174#FA7F0000286B0601
(15.269667) can0 178#08800002339506A9
(15.269771) can0 17C#0000000016870669
(15.279774) can0 290#0020000000000000
(15.279903) can0 174#F87F00002E6B07A3
(15.280007) can0 178#F27F010834950727
(15.290017) can0 17C#000000000E870760
(15.290145) can0 174#F27F0000336B08ED
(15.290249) can0 178#EC7F000033950858
(15.300260) can0 17C#0000000011870845
(15.300388) can0 550#0000000000000020
(15.300493) can0 300#0F00000000000000
(15.300574) can0 174#EF7F00002E6B0932
(15.310503) can0 178#EF7F012834950994
(15.310638) can0 174#EF7F00002B6B0A9C
(15.310749) can0 178#0380022039950AB6
(15.320746) can0 17C#0000000021870A57
(15.320876) can0 290#0020000000000000
(15.320949) can0 174#EF7F00002A6B0B0E
(15.321052) can0 178#168003213F950BD4
(15.331003) can0 17C#000000001F870B6B
(15.331130) can0 174#F27F00002A6B0C02
(15.331234) can0 178#198004233F950CF7
(15.331338) can0 17C#000000001E870CB7
(15.341232) can0 290#0020000000000000
(15.341324) can0 174#F57F0000276B0D14
(15.341439) can0 178#068005233C950DE9
(15.341551) can0 17C#000000001F870D25
(15.351475) can0 290#0000000000000000
(15.351617) can0 12B#0000000000014F77
(15.351689) can0 174#F87F0000206B0E5F
(15.351801) can0 178#EC7F062237950E1C
(15.361723) can0 17C#0000000018870E88
(15.361851) can0 174#FA7F00001C6B0FDA
(15.361963) can0 178#E17F07242C950F7C
(15.371961) can0 17C#0000000011870F16
(15.372089) can0 174#FA7F0000226B0040
(15.372192) can0 178#F27F082325950092
(15.382209) can0 17C#0000000016870027
(15.382337) can0 174#FA7F0000256B01D7
(15.382441) can0 178#00800920209501CC
(15.392456) can0 17C#000000001F8701B9
(15.392592) can0 290#0040000000000000
(15.392704) can0 12B#0000000000014F77
(15.392777) can0 174#03800000206B0256
(15.402695) can0 178#06800A212095021B
(15.402822) can0 17C#00000000278702BA
(15.402935) can0 290#0010000000000000
(15.412935) can0 300#0F00000000000000
(15.413027) can0 174#00800000186B0388
(15.413135) can0 178#0B800B292595039F
(15.413239) can0 17C#0000000032870336
(15.423178) can0 450#0000000000000000
(15.423271) can0 174#F57F00001A6B044C
(15.423378) can0 178#0E80000029950470
(15.423482) can0 17C#000000003C87046C
(15.423593) can0 290#0030000000000000
(15.433434) can0 174#F27F0000236B0574
(15.433570) can0 178#0B8000002B95055A
(15.433674) can0 17C#00000000438705BF
(15.443661) can0 290#0030000000000000
(15.443753) can0 12B#0000000000014F77
(15.443825) can0 174#EC7F00002B6B06E7
(15.443933) can0 178#088000FF269506B9
(15.444037) can0 17C#0000000043870698
(15.453907) can0 290#0010000000000000
(15.454035) can0 12B#0000000000014F77
(15.454107) can0 174#E77F00002B6B07CF
(15.454218) can0 178#0B800000209507E0
(15.464147) can0 17C#000000003D8707C4
(15.464281) can0 290#0020000000000000
(15.464387) can0 12B#0000000000013F77
(15.474390) can0 12A#1228012000000000
(15.474481) can0 550#0000000000000080
(15.474598) can0 174#E47F0000276B0899
(15.474702) can0 178#0B8001201D9508D6
(15.484633) can0 17C#0000000035870873
(15.484761) can0 450#0000000000000000
(15.484834) can0 290#0020000000000000
(15.484906) can0 174#EA7F0000206B090F
(15.485010) can0 178#0B8002221D950952
(15.494879) can0 17C#00000000268709FA
(15.495007) can0 174#EF7F0000206B0A1C
(15.495111) can0 178#1680032621950A2C
(15.505119) can0 17C#0000000019870A73
(15.505247) can0 290#0030000000000000
(15.505352) can0 12B#0000000000013F77
(15.505423) can0 178#2280042529950B33
(15.515362) can0 17C#000000001F870B6B
(15.515490) can0 290#0030000000000000
(15.515571) can0 17C#0000000024870C90
(15.515675) can0 290#0040000000000000
(15.525620) can0 12B#0000000000014F78
(15.525748) can0 450#0000000000000000
(15.525820) can0 290#0020000000000000
(15.525926) can0 12B#0000000000014F77
(15.526030) can0 174#F87F0000336B0ECB
(15.535848) can0 178#148007212C950E26
(15.535976) can0 290#0030000000000000
(15.536080) can0 12B#0000000000013F78
(15.546091) can0 128#1388030000EC78C2
(15.546218) can0 290#0000000000000000
(15.546323) can0 12B#0000000000014F77
(15.556334) can0 174#FD7F0000366B00D0
(15.556461) can0 290#0040000000000000
(15.556572) can0 12B#0000000000014F78
(15.566578) can0 128#1388030000EC7822
(15.566705) can0 12E#0000000000000020
(15.566810) can0 290#0030000000000000
(15.576820) can0 12B#0000000000014F78
(15.576911) can0 12A#1228012000000000
(15.576982) can0 290#0040000000000000
(15.577091) can0 12B#0000000000013F77
(15.577195) can0 128#1388030000EC7842
(15.587070) can0 290#0010000000000000
(15.587199) can0 12B#0000000000014F78
(15.587303) can0 174#FA7F0000276B04BD
(15.597306) can0 290#0030000000000000
(15.597434) can0 12B#0000000000014F78
(15.597506) can0 128#1388030000EC7862
(15.597617) can0 290#0020000000000000
(15.607563) can0 12B#0000000000014F78
(15.607654) can0 174#00800000306B06DD
(15.607762) can0 290#0030000000000000
(15.607876) can0 12B#0000000000013F77
(15.617794) can0 128#1388030000EC7882
(15.617921) can0 12E#0000000000000080
(15.618026) can0 12A#1228012000000000
(15.618105) can0 290#0030000000000000
(15.618177) can0 12B#0000000000014F78
(15.618279) can0 174#F87F00003B6B0889
(15.628051) can0 290#0030000000000000
(15.628150) can0 12B#0000000000013F78
(15.628258) can0 128#1388030000EC78A2
(15.628369) can0 12B#0000000000014F78
(15.638278) can0 174#F57F00003C6B0ADF
(15.638413) can0 178#068006242F950A64
(15.638517) can0 128#1388030000EC78C2
(15.648521) can0 12E#00000000000000C0
(15.648664) can0 174#FA7F0000366B0B91
(15.648767) can0 178#0B8007262E950B5D
(15.658763) can0 550#0000000000000040
(15.658897) can0 174#FD7F0000336B0CC5
(15.659001) can0 178#0B8008202E950C1B
(15.669006) can0 17C#0000000047870C4C
(15.669134) can0 12E#0000000000000020
(15.669239) can0 174#F87F0000306B0D60
(15.679249) can0 178#0080092529950D00
(15.679377) can0 174#F57F0000316B0E2E
(15.679481) can0 178#0080000021950EAF
(15.689492) can0 17C#0000000026870EA9
(15.689627) can0 174#F87F0000356B0FD3
(15.689737) can0 178#088001251A950F3B
(15.699735) can0 17C#0000000023870F3D
(15.699865) can0 174#00800000366B0096
(15.699969) can0 178#0E8002391B950095
(15.709978) can0 17C#000000002F87008C
(15.710106) can0 290#0010000000000000
(15.710211) can0 550#0000000000000060
(15.720235) can0 300#0F00000000000000
(15.720327) can0 174#03800000366B016C
(15.720435) can0 178#0B8003212395014B
(15.720548) can0 174#06800000396B02F9
(15.720652) can0 178#088004202895029D
(15.730464) can0 17C#000000003C870222
(15.730600) can0 290#0010000000000000
(15.730672) can0 174#06800000366B0362
(15.730776) can0 178#1480000026950374
(15.740707) can0 17C#000000003C87033F
(15.740835) can0 290#0030000000000000
(15.740940) can0 12B#0000000000013F79
(15.750950) can0 174#06800000336B04B8
(15.751078) can0 178#1C8000002395047C
(15.751182) can0 17C#000000004287042D
(15.761193) can0 290#0020000000000000
(15.761322) can0 174#00800000356B0573
(15.761426) can0 178#1C800122269505EF
(15.771436) can0 17C#000000004887053F
(15.771576) can0 174#FA7F00002E6B0604
(15.771688) can0 178#0B8002202C950669
(15.781679) can0 17C#0000000051870683
(15.781815) can0 174#F87F0000286B07A6
(15.781919) can0 178#008003322C950729
(15.791924) can0 17C#000000004D87078C
(15.792052) can0 174#F57F0000256B087E
(15.792156) can0 178#FD7F042029950854
(15.802165) can0 17C#000000003A8708F5
(15.802300) can0 290#0000000000000000
(15.802406) can0 12B#0000000000013F78
(15.812410) can0 174#F57F0000256B0963
(15.812546) can0 178#00800523299509DF
(15.812650) can0 17C#000000002C8709F5
(15.812753) can0 290#0020000000000000
(15.822667) can0 174#F57F00002A6B0AC2
(15.822794) can0 178#FA7F063229950A36
(15.822898) can0 17C#000000002E870AD1
(15.832896) can0 290#0010000000000000
(15.833024) can0 300#0F00000000000000
(15.833097) can0 174#F87F0000316B0BA1
(15.833201) can0 178#F87F072125950B6E
(15.843137) can0 17C#0000000032870BDE
(15.843265) can0 174#F27F0000316B0C9A
(15.843368) can0 178#F57F082723950CCB
(15.853380) can0 17C#000000002F870C10
(15.853508) can0 174#EF7F00002D6B0DCA
(15.853619) can0 178#F87F000023950DF9
(15.863624) can0 17C#0000000035870D1A
(15.863752) can0 174#EF7F00002A6B0E67
(15.863857) can0 178#FD7F012025950ECF
(15.873870) can0 17C#000000003F870E32
(15.873998) can0 290#0020000000000000
(15.874103) can0 174#EF7F0000276B0FFF
(15.884108) can0 178#0080000026950F38
(15.884236) can0 17C#0000000042870FE2
(15.884341) can0 290#0030000000000000
(15.894351) can0 12B#0000000000014F79
(15.894479) can0 174#F57F0000236B0093
(15.894591) can0 178#038001122F95008F
(15.904596) can0 17C#000000003A87001D
(15.904724) can0 450#0000000000000000
(15.904797) can0 290#0020000000000000
(15.904902) can0 174#FA7F0000206B015E
(15.914851) can0 178#FD7F020F2F9501E7
(15.914979) can0 17C#000000002C87011D
(15.915083) can0 174#F57F00001D6B0288
(15.915187) can0 178#FD7F03022895026F
(15.925080) can0 17C#000000001E870211
(15.925208) can0 290#0030000000000000
(15.925313) can0 12B#0000000000014F79
(15.925385) can0 174#EC7F00001C6B032C
(15.935323) can0 178#008004051D95036A
(15.935451) can0 17C#0000000018870309
(15.935564) can0 290#0020000000000000
(15.945568) can0 174#EC7F0000226B045E
(15.945695) can0 178#FD7F05121A95044E
(15.945799) can0 17C#00000000298704FD
(15.955809) can0 178#FA7F0614299505AE
(15.955937) can0 17C#000000004887053F
(15.956041) can0 450#0000000000000000
(15.956114) can0 290#0020000000000000
(15.956186) can0 17C#000000005E870605
(15.966052) can0 290#0010000000000000
(15.966181) can0 12B#0000000000013F79
(15.966285) can0 290#0040000000000000
(15.976295) can0 12B#0000000000014F79
(15.976423) can0 174#FD7F00003B6B08BD
(15.976534) can0 178#0E80090F2695081F
(15.986546) can0 290#0040000000000000
(15.986638) can0 12B#0000000000013F78
(15.986746) can0 128#1388030000EC7862
(15.986849) can0 290#0020000000000000
(15.996781) can0 12B#0000000000014F79
(15.996909) can0 12A#1228012000000000
(15.996980) can0 290#0010000000000000
(15.997085) can0 12B#0000000000014F79
(15.997157) can0 128#1388030000EC7882
(16.007027) can0 290#0020000000000000
(16.007154) can0 12B#0000000000013F78
(16.007257) can0 174#EC7F0000306B0CAD
(16.007358) can0 290#0030000000000000
(16.017283) can0 12B#0000000000014F79
(16.017410) can0 128#1388030000EC78A2
(16.017513) can0 290#0000000000000000
(16.027510) can0 12B#0000000000014F78
(16.027645) can0 174#EF7F0000316B0EFF
(16.027748) can0 290#0000000000000000
(16.027820) can0 12B#0000000000013F79
(16.037753) can0 128#1388030000EC78C2
(16.037893) can0 12E#00000000000000C0
(16.037997) can0 290#0040000000000000
(16.047996) can0 12B#0000000000014F79
(16.048131) can0 174#F57F00003B6B0087
(16.048234) can0 290#0040000000000000
(16.048312) can0 12B#0000000000013F78
(16.058239) can0 128#1388030000EC7822
(16.058373) can0 12E#0000000000000020
(16.058477) can0 290#0020000000000000
(16.068482) can0 12B#0000000000014F79
(16.068625) can0 174#F57F0000516B02E2
(16.068728) can0 178#358001282B950262
(16.078725) can0 290#0020000000000000
(16.078824) can0 12B#0000000000014F79
(16.078895) can0 128#1388030000EC7842
(16.079010) can0 12E#0000000000000040
(16.079114) can0 290#0020000000000000
(16.079186) can0 12B#0000000000013F78
(16.088968) can0 12A#1228012000000000
(16.089062) can0 550#0000000000000080
(16.089178) can0 12B#0000000000014F79
(16.089282) can0 128#1388030000EC7862
(16.099210) can0 12E#0000000000000060
(16.099345) can0 174#EF7F00001A6B06A7
(16.099449) can0 178#068005233E950625
(16.109467) can0 17C#00000000118706E3
(16.109603) can0 174#EA7F0000186B078D
(16.109707) can0 178#118006223E95072C
(16.109810) can0 17C#00000000158707F8
(16.119696) can0 174#E77F00001D6B0859
(16.119824) can0 178#1180072437950817
(16.119928) can0 17C#000000001E8708C3
(16.129940) can0 290#0030000000000000
(16.130068) can0 5A0#0069200000000029
(16.130173) can0 550#00000000000000A0
(16.140182) can0 300#0F00000000000000
(16.140275) can0 174#F87F0000286B0A27
(16.140382) can0 178#FD7F09202F950AC3
(16.140486) can0 17C#0000000015870A79
(16.150425) can0 290#0030000000000000
(16.150517) can0 174#03800000336B0B37
(16.150633) can0 178#F27F0A2137950BB5
(16.150737) can0 17C#0000000008870BF9
(16.160668) can0 290#0030000000000000
(16.160760) can0 12B#0000000000013F79
(16.160870) can0 174#03800000466B0CA5
(16.160974) can0 178#F27F0B293E950C93
(16.170913) can0 17C#0000000016870CBB
(16.171041) can0 174#F57F0000556B0D5F
(16.171152) can0 178#0380000041950D3F
(16.181154) can0 17C#0000000032870D90
(16.181282) can0 290#0040000000000000
(16.181387) can0 12B#0000000000014F79
(16.191397) can0 550#00000000000000C0
(16.191542) can0 174#EA7F0000546B0E12
(16.191645) can0 178#1680000042950E19
(16.201643) can0 17C#000000003F870E32
(16.201779) can0 174#EA7F0000446B0F17
(16.201889) can0 178#1C8000FF2C950F93
(16.201999) can0 17C#0000000031870F26
(16.211901) can0 174#EA7F00002D6B007F
(16.212035) can0 178#118000000D9500D7
(16.212139) can0 17C#000000001887002E
(16.222126) can0 290#0030000000000000
(16.222263) can0 174#EA7F00001A6B01C0
(16.222366) can0 178#03800120059501E5
(16.232369) can0 17C#000000000B8701A7
(16.232497) can0 290#0030000000000000
(16.232577) can0 12B#0000000000014F79
(16.232648) can0 174#EA7F0000116B0267
(16.232752) can0 178#F87F02221A950250
(16.242613) can0 17C#000000000B870280
(16.242742) can0 300#0F00000000000000
(16.242814) can0 174#EF7F00000C6B03D3
(16.242918) can0 178#F27F0326339503B2
(16.252855) can0 17C#000000001F870383
(16.252989) can0 174#F87F0000096B043E
(16.253094) can0 178#F87F0425349504B2
(16.263098) can0 17C#000000004A870421
(16.263226) can0 290#0000000000000000
(16.263331) can0 174#03800000096B05B6
(16.273341) can0 178#118005201E9505BF
(16.273468) can0 17C#0000000071870594
(16.273580) can0 290#0020000000000000
(16.283585) can0 12B#0000000000014F79
(16.283676) can0 174#03800000116B0685
(16.283784) can0 178#27800621089506A3
(16.283894) can0 17C#000000006A87062B
(16.293827) can0 174#F57F00001C6B076E
(16.293954) can0 178#2A800721079507B4
(16.294058) can0 17C#000000003D8707C4
(16.304083) can0 174#EF7F00002A6B0829
(16.304219) can0 178#1180082015950816
(16.304322) can0 17C#00000000188708C6
(16.304427) can0 174#EC7F0000336B0948
(16.314312) can0 178#F87F09252B950905
(16.314440) can0 17C#0000000011870958
(16.314553) can0 174#EF7F0000366B0A01
(16.324557) can0 178#EC7F0A293A950A09
(16.324684) can0 17C#0000000026870ADD
(16.324789) can0 290#0040000000000000
(16.334798) can0 12B#0000000000014F79
(16.334890) can0 174#EC7F0000356B0B77
(16.335004) can0 178#F87F000041950BE4
(16.335110) can0 17C#000000003F870B5B
(16.345041) can0 174#E77F00002D6B0C05
(16.345169) can0 178#0680012045950C30
(16.345273) can0 17C#000000003D870C0B
(16.355284) can0 541#0280000000000000
(16.355418) can0 174#E47F00002D6B0DFF
(16.355538) can0 178#0B8000004C950D68
(16.365535) can0 17C#0000000029870D08
(16.365663) can0 450#0000000000000000
(16.365736) can0 174#EC7F0000396B0E14
(16.365839) can0 178#118001204C950EBE
(16.375770) can0 17C#000000000E870E95
(16.375900) can0 290#0040000000000000
(16.375972) can0 12B#0000000000013F79
(16.376076) can0 128#1388030000EC7882
(16.386013) can0 174#F87F0000446B0F14
(16.386141) can0 178#088002214A950FB3
(16.386244) can0 17C#00000000FA860F4A
(16.396259) can0 290#0040000000000000
(16.396351) can0 178#F87F03244295001D
(16.396458) can0 17C#00000000F48600F8
(16.396571) can0 290#0050000000000000
(16.396674) can0 17C#0000000002870124
(16.406515) can0 290#0020000000000000
(16.406648) can0 12B#0000000000013F79
(16.406719) can0 450#0000000000000000
(16.406797) can0 290#0010000000000000
(16.406908) can0 12B#0000000000014F79
(16.416742) can0 290#0040000000000000
(16.416874) can0 12B#0000000000014F79
(16.416945) can0 174#EA7F0000156B042F
(16.417049) can0 290#0020000000000000
(16.426985) can0 12B#0000000000014F79
(16.427076) can0 128#1388030000EC7822
(16.427183) can0 290#0020000000000000
(16.427255) can0 12B#0000000000013F79
(16.427359) can0 120#0000000000000000
(16.437228) can0 290#0020000000000000
(16.437328) can0 12B#0000000000014F79
(16.437436) can0 128#1388030000EC7842
(16.437547) can0 290#0010000000000000
(16.447471) can0 12B#0000000000014F79
(16.447570) can0 120#0000000000000020
(16.447678) can0 290#0050000000000000
(16.447783) can0 12B#0000000000014F79
(16.447855) can0 128#1388030000EC7862
(16.457714) can0 12E#0000000000000060
(16.457812) can0 174#F87F0000276B0986
(16.457920) can0 290#0000000000000000
(16.458032) can0 12B#0000000000013F79
(16.467957) can0 120#0000000000000040
(16.468093) can0 121#0000000000000040
(16.468206) can0 290#0040000000000000
(16.478200) can0 12B#0000000000014F79
(16.478335) can0 128#1388030000EC7882
(16.478445) can0 290#0020000000000000
(16.488443) can0 12B#0000000000013F79
(16.488587) can0 12A#1228012000000000
(16.488658) can0 290#0030000000000000
(16.488763) can0 12B#0000000000014F79
(16.498707) can0 128#1388030000EC78A2
(16.498834) can0 290#0050000000000000
(16.498947) can0 12B#0000000000014F79
(16.499019) can0 120#0000000000000080
(16.499123) can0 290#0040000000000000
(16.508933) can0 12B#0000000000013F79
(16.509061) can0 128#1388030000EC78C2
(16.509173) can0 120#00000000000000A0
(16.519172) can0 121#00000000000000A0
(16.519299) can0 129#00000000000000A0
(16.519413) can0 128#1388030000EC7822
(16.529414) can0 12E#0000000000000020
(16.529552) can0 12A#1228012000000000
(16.529623) can0 120#00000000000000C0
(16.529727) can0 121#00000000000000C0
(16.539657) can0 129#00000000000000C0
(16.539786) can0 174#00800000356B0220
(16.539893) can0 174#FD7F0000316B037D
(16.549902) can0 178#228006321E95037C
(16.550030) can0 17C#000000008B87035D
(16.550135) can0 120#0000000000000020
(16.560143) can0 121#0000000000000020
(16.560277) can0 129#0000000000000020
(16.560383) can0 174#FA7F0000306B042F
(16.570386) can0 174#FA7F0000306B0532
(16.570514) can0 178#22800827209505F3
(16.570624) can0 17C#000000008A87059C
(16.580629) can0 550#1000000000000050
(16.580758) can0 120#0000000000000040
(16.580867) can0 121#0000000000000040
(16.590878) can0 174#FA7F00002A6B071F
(16.591005) can0 178#2480012029950770
(16.591109) can0 17C#0000000047870783
(16.591212) can0 120#0000000000000060
(16.601131) can0 121#0000000000000060
(16.601259) can0 129#0000000000000060
(16.601364) can0 540#02000000100000E3
(16.611358) can0 174#F27F00002B6B09E4
(16.611502) can0 178#1F800112209509FE
(16.611614) can0 120#0000000000000080
(16.621602) can0 121#0000000000000080
(16.621738) can0 129#0000000000000080
(16.621843) can0 300#0F00000000000000
(16.621923) can0 174#FA7F0000276B0B06
(16.631849) can0 178#2D80030223950BD5
(16.631977) can0 17C#000000001C870BE7
(16.632082) can0 120#00000000000000A0
(16.642087) can0 121#00000000000000A0
(16.642223) can0 129#00000000000000A0
(16.642334) can0 174#F87F0000226B0C66
(16.652330) can0 174#F57F00001F6B0D30
(16.652458) can0 178#2280051237950D9D
(16.652570) can0 17C#0000000029870D08
(16.662581) can0 290#0040000000000000
(16.662674) can0 120#00000000000000C0
(16.662782) can0 121#00000000000000C0
(16.662892) can0 129#00000000000000C0
(16.672816) can0 174#F57F0000226B0FA7
(16.672944) can0 178#1680072F3C950F6C
(16.673048) can0 17C#000000002A870FBE
(16.683059) can0 120#0000000000000020
(16.683186) can0 121#0000000000000020
(16.683291) can0 129#0000000000000020
(16.693315) can0 174#F57F00001D6B00B2
(16.693443) can0 178#168008023C9500AE
(16.693556) can0 174#F87F00001D6B0149
(16.693660) can0 178#1480090F36950123
(16.703552) can0 17C#000000001C870135
(16.703681) can0 120#0000000000000040
(16.703785) can0 121#0000000000000040
(16.713788) can0 129#0000000000000040
(16.713916) can0 540#02000000100000E3
(16.713993) can0 174#F57F00001D6B0395
(16.714105) can0 178#08800B032B950380
(16.724031) can0 17C#00000000358703BC
(16.724159) can0 120#0000000000000060
(16.724270) can0 121#0000000000000060
(16.734273) can0 129#0000000000000060
(16.734402) can0 174#EC7F0000256B04D4
(16.734506) can0 178#FD7F0C083195047D
(16.744517) can0 300#0F00000000000000
(16.744617) can0 174#EA7F0000366B058E
(16.744725) can0 178#F87F0D2F3C950505
(16.744829) can0 17C#000000002A87056C
(16.754759) can0 120#0000000000000080
(16.754893) can0 121#0000000000000080
(16.754997) can0 129#0000000000000080
(16.765002) can0 174#F87F0000496B0779
(16.765130) can0 178#08800F0D4C95076E
(16.765235) can0 17C#00000000198707F2
(16.775245) can0 290#0020000000000000
(16.775374) can0 120#00000000000000A0
(16.775478) can0 121#00000000000000A0
(16.785491) can0 129#00000000000000A0
(16.785627) can0 174#00800000336B09EA
(16.785732) can0 178#00800108429509D6
(16.785834) can0 17C#00000000348709E1
(16.795747) can0 290#0000000000000000
(16.795879) can0 129#00000000000000C0
(16.795984) can0 174#00800000286B0A55
(16.805974) can0 178#FA7F000039950A07
(16.806102) can0 17C#0000000055870B04
(16.806207) can0 290#0040000000000000
(16.816217) can0 12B#0000000000013F79
(16.816313) can0 178#F57F022036950C0D
(16.816429) can0 17C#000000004B870C46
(16.816543) can0 290#0020000000000000
(16.826460) can0 12B#0000000000014F79
(16.826597) can0 128#1388030000EC7862
(16.826700) can0 12E#0000000000000060
(16.836703) can0 290#0020000000000000
(16.836795) can0 12B#0000000000014F79
(16.836867) can0 120#0000000000000040
(16.836975) can0 121#0000000000000040
(16.837080) can0 541#0280000000000000
(16.837153) can0 290#0030000000000000
(16.846946) can0 12B#0000000000013F79
(16.847074) can0 290#0010000000000000
(16.847180) can0 12B#0000000000014F78
(16.857189) can0 120#0000000000000060
(16.857317) can0 121#0000000000000060
(16.857421) can0 290#0030000000000000
(16.867432) can0 12B#0000000000014F79
(16.867568) can0 128#1388030000EC78A2
(16.867671) can0 290#0030000000000000
(16.867744) can0 12B#0000000000013F79
(16.877675) can0 120#0000000000000080
(16.877809) can0 290#0020000000000000
(16.877915) can0 12B#0000000000014F79
(16.887933) can0 128#1388030000EC78C2
(16.888068) can0 12E#00000000000000C0
(16.888173) can0 290#0000000000000000
(16.888285) can0 12B#0000000000013F78
(16.898161) can0 12A#1228012000000000
(16.898259) can0 550#1000000000000050
(16.898332) can0 290#0040000000000000
(16.898449) can0 12B#0000000000014F79
(16.898562) can0 128#1388030000EC7822
(16.908404) can0 12E#0000000000000020
(16.908536) can0 290#0050000000000000
(16.908649) can0 12B#0000000000013F78
(16.918647) can0 120#00000000000000C0
(16.918781) can0 290#0020000000000000
(16.918891) can0 12B#0000000000014F79
(16.928892) can0 128#1388030000EC7842
(16.929019) can0 290#0020000000000000
(16.929092) can0 12B#0000000000013F79
(16.929196) can0 120#0000000000000020
(16.939133) can0 290#0020000000000000
(16.939225) can0 12B#0000000000014F78
(16.939333) can0 128#1388030000EC7862
(16.939437) can0 12E#0000000000000060
(16.949385) can0 12B#0000000000013F78
(16.949513) can0 120#0000000000000040
(16.949624) can0 121#0000000000000040
(16.959618) can0 128#1388030000EC7882
(16.959745) can0 12E#0000000000000080
(16.959850) can0 174#F57F0000276B0B5A
(16.969867) can0 120#0000000000000060
(16.970000) can0 121#0000000000000060
(16.970106) can0 129#0000000000000060
(16.980107) can0 174#FD7F00002D6B0CD4
(16.980235) can0 178#1680032644950CBB
(16.980339) can0 174#FA7F0000366B0DDF
(16.980441) can0 178#1680042541950D9E
(16.990372) can0 17C#0000000034870D95
(16.990501) can0 290#0000000000000000
(16.990615) can0 550#1000000000000090
(17.000592) can0 120#0000000000000080
(17.000717) can0 121#0000000000000080
(17.000820) can0 174#F57F00002B6B0F24
(17.010833) can0 178#198006212E950FB4
(17.010961) can0 17C#0000000026870FB4
(17.011065) can0 120#00000000000000A0
(17.021076) can0 121#00000000000000A0
(17.021204) can0 129#00000000000000A0
(17.021308) can0 540#02000000100000E3
(17.021384) can0 174#F57F00001D6B01AF
(17.031319) can0 178#0B8008202395011F
(17.031447) can0 17C#000000002387019B
(17.031565) can0 120#00000000000000C0
(17.041564) can0 121#00000000000000C0
(17.041699) can0 129#00000000000000C0
(17.041803) can0 550#10000000000000B0
(17.051810) can0 300#0F00000000000000
(17.051903) can0 174#EF7F0000126B03C2
(17.052025) can0 178#14800A292995031A
(17.052130) can0 120#0000000000000020
(17.062048) can0 121#0000000000000020
(17.062184) can0 129#0000000000000020
(17.062288) can0 174#EF7F0000236B052B
(17.072291) can0 178#24800120369505D4
(17.072418) can0 17C#000000004E87053A
(17.072523) can0 120#0000000000000040
(17.082555) can0 121#0000000000000040
(17.082682) can0 129#0000000000000040
(17.082787) can0 174#EF7F0000336B0614
(17.082894) can0 174#F27F0000396B0759
(17.092777) can0 178#22800120419507FF
(17.092904) can0 17C#0000000048870705
(17.093009) can0 120#0000000000000060
(17.103020) can0 121#0000000000000060
(17.103154) can0 129#0000000000000060
(17.103259) can0 174#FA7F0000356B0927
(17.113263) can0 178#118003243F9509B3
(17.113390) can0 17C#000000002C8709F5
(17.113495) can0 290#0030000000000000
(17.123506) can0 120#0000000000000080
(17.123640) can0 121#0000000000000080
(17.123744) can0 129#0000000000000080
(17.133749) can0 174#FA7F0000306B0A89
(17.133879) can0 540#02000000100000E3
(17.133955) can0 174#F57F00002A6B0BDF
(17.134067) can0 178#088005123E950B57
(17.143992) can0 120#00000000000000A0
(17.144124) can0 121#00000000000000A0
(17.144234) can0 129#00000000000000A0
(17.154240) can0 174#EF7F00002A6B0C5D
(17.154368) can0 178#168006243C950C07
(17.154472) can0 300#0F00000000000000
(17.154553) can0 174#EF7F00002B6B0DCF
(17.164478) can0 178#248007263A950D3E
(17.164613) can0 17C#000000003F870D15
(17.164718) can0 450#0000000000000000
(17.164791) can0 120#00000000000000C0
(17.174723) can0 121#00000000000000C0
(17.174851) can0 129#00000000000000C0
(17.174956) can0 174#EF7F0000306B0E70
(17.175058) can0 174#EF7F0000336B0FE1
(17.184979) can0 178#2280092536950F71
(17.185107) can0 17C#000000002C870FBB
(17.185212) can0 290#0030000000000000
(17.185284) can0 12B#0000000000013F78
(17.185356) can0 120#0000000000000020
(17.195206) can0 121#0000000000000020
(17.195334) can0 129#0000000000000020
(17.195439) can0 174#F57F0000366B0002
(17.205458) can0 174#00800000366B018B
(17.205594) can0 178#088001252E9501B3
(17.205698) can0 17C#0000000037870185
(17.215692) can0 290#0030000000000000
(17.215784) can0 12B#0000000000014F78
(17.215894) can0 120#0000000000000040
(17.215998) can0 121#0000000000000040
(17.225936) can0 129#0000000000000040
(17.226064) can0 174#038000002D6B02D3
(17.226169) can0 174#03800000286B0347
(17.236178) can0 178#148003212695031D
(17.236306) can0 17C#0000000050870365
(17.236410) can0 129#0000000000000060
(17.246421) can0 174#FA7F0000256B04BE
(17.246557) can0 178#168004202895046B
(17.246661) can0 17C#00000000518705A4
(17.256664) can0 290#0040000000000000
(17.256793) can0 12B#0000000000014F78
(17.256865) can0 120#0000000000000080
(17.256969) can0 17C#000000005987068F
(17.266909) can0 541#0280000000000000
(17.267002) can0 290#0030000000000000
(17.267111) can0 12B#0000000000014F78
(17.267183) can0 128#1388030000EC78C2
(17.267286) can0 450#0000000000000000
(17.267359) can0 290#0010000000000000
(17.277164) can0 12B#0000000000013F77
(17.277292) can0 290#0020000000000000
(17.277397) can0 12B#0000000000014F78
(17.277501) can0 128#1388030000EC7822
(17.287393) can0 290#0020000000000000
(17.287485) can0 12B#0000000000014F78
(17.287565) can0 120#00000000000000C0
(17.287673) can0 121#00000000000000C0
(17.287783) can0 290#0020000000000000
(17.287859) can0 12B#0000000000013F78
(17.297636) can0 128#1388030000EC7842
(17.297771) can0 290#0020000000000000
(17.297844) can0 12B#0000000000014F77
(17.297948) can0 12A#1228012000000000
(17.298027) can0 290#0040000000000000
(17.307884) can0 12B#0000000000013F78
(17.308012) can0 128#1388030000EC7862
(17.308123) can0 290#0040000000000000
(17.308196) can0 12B#0000000000014F77
(17.318122) can0 120#0000000000000040
(17.318258) can0 290#0020000000000000
(17.318363) can0 12B#0000000000014F78
(17.328370) can0 128#1388030000EC7882
(17.328497) can0 290#0010000000000000
(17.328618) can0 12B#0000000000013F77
(17.338609) can0 120#0000000000000060
(17.338745) can0 121#0000000000000060
(17.338849) can0 290#0030000000000000
(17.348851) can0 12B#0000000000014F78
(17.348979) can0 128#1388030000EC78A2
(17.349082) can0 290#0010000000000000
(17.359094) can0 12B#0000000000014F77
(17.359230) can0 120#0000000000000080
(17.359334) can0 290#0040000000000000
(17.369339) can0 12B#0000000000013F78
(17.369473) can0 128#1388030000EC78C2
(17.369586) can0 12E#00000000000000C0
(17.369689) can0 120#00000000000000A0
(17.379597) can0 121#00000000000000A0
(17.379725) can0 129#00000000000000A0
(17.379829) can0 128#1388030000EC7822
(17.389823) can0 12E#0000000000000020
(17.389951) can0 174#F27F00003C6B05EA
(17.390055) can0 550#10000000000000D0
(17.400066) can0 120#00000000000000C0
(17.400193) can0 121#00000000000000C0
(17.400297) can0 174#F27F0000366B07DF
(17.410308) can0 178#0E8006143395074A
(17.410436) can0 17C#000000005887071D
(17.410549) can0 290#0010000000000000
(17.420553) can0 120#0000000000000020
(17.420681) can0 121#0000000000000020
(17.420785) can0 129#0000000000000020
(17.430794) can0 540#02000000100000E4
(17.430928) can0 174#FA7F0000256B093F
(17.431040) can0 178#F27F0802379509AB
(17.441037) can0 120#0000000000000040
(17.441165) can0 121#0000000000000040
(17.441269) can0 129#0000000000000040
(17.451280) can0 174#F87F0000226B0A28
(17.451408) can0 550#1000000000000030
(17.451520) can0 300#0F00000000000000
(17.451605) can0 174#EF7F0000286B0B0D
(17.461523) can0 120#0000000000000060
(17.461657) can0 121#0000000000000060
(17.461761) can0 129#0000000000000060
(17.471787) can0 174#EC7F0000306B0CAD
(17.471915) can0 174#EA7F0000336B0DEF
(17.472019) can0 178#16800C0845950DEA
(17.472123) can0 17C#0000000018870DAF
(17.482014) can0 120#0000000000000080
(17.482142) can0 121#0000000000000080
(17.482255) can0 129#0000000000000080
(17.492252) can0 174#EF7F0000276B0FFF
(17.492380) can0 178#0B800E0741950F35
(17.492485) can0 17C#000000002E870FB8
(17.502500) can0 290#0000000000000000
(17.502638) can0 120#00000000000000A0
(17.502748) can0 121#00000000000000A0
(17.512738) can0 129#00000000000000A0
(17.512871) can0 174#03800000256B01F8
(17.512975) can0 178#FA7F0002299501F7
(17.522981) can0 17C#0000000029870194
(17.523109) can0 120#00000000000000C0
(17.523213) can0 121#00000000000000C0
(17.533224) can0 129#00000000000000C0
(17.533352) can0 540#02000000100000E4
(17.533429) can0 174#03800000306B0353
(17.533549) can0 178#088000001E950352
(17.543467) can0 17C#000000004B8703FD
(17.543608) can0 120#0000000000000020
(17.543713) can0 121#0000000000000020
(17.553710) can0 129#0000000000000020
(17.553838) can0 300#0F00000000000000
(17.553911) can0 174#F87F0000316B0507
(17.554015) can0 178#118002202595051C
(17.563956) can0 120#0000000000000040
(17.564083) can0 121#0000000000000040
(17.564188) can0 129#0000000000000040
(17.564290) can0 174#EF7F00002B6B0600
(17.574212) can0 174#EA7F0000256B0720
(17.574340) can0 178#0B8004232F950723
(17.574444) can0 17C#0000000040870709
(17.584439) can0 120#0000000000000060
(17.584572) can0 121#0000000000000060
(17.584677) can0 129#0000000000000060
(17.594682) can0 174#EF7F0000236B08AA
(17.594809) can0 178#00800523399508DA
(17.594914) can0 17C#00000000428708B1
(17.604927) can0 174#F57F0000256B0963
(17.605055) can0 178#F87F06223A95091A
(17.605159) can0 17C#000000003787096D
(17.615168) can0 120#0000000000000080
(17.615295) can0 121#0000000000000080
(17.615399) can0 129#0000000000000080
(17.625410) can0 174#F57F0000226B0BD3
(17.625546) can0 178#EC7F082333950BF8
(17.625657) can0 17C#0000000031870B52
(17.635653) can0 290#0030000000000000
(17.635782) can0 120#00000000000000A0
(17.635891) can0 121#00000000000000A0
(17.645898) can0 129#00000000000000A0
(17.646026) can0 174#FA7F00002E6B0DCB
(17.646130) can0 178#FD7F0A212B950DB5
(17.656139) can0 17C#0000000048870DD7
(17.656268) can0 290#0030000000000000
(17.656340) can0 129#00000000000000C0
(17.656445) can0 174#F57F00002E6B0EB0
(17.666396) can0 178#FD7F0B2921950E6B
(17.666524) can0 17C#0000000051870E6B
(17.666634) can0 541#0280000000000000
(17.666707) can0 17C#000000004E870FE8
(17.666811) can0 450#0000000000000000
(17.666885) can0 290#0030000000000000
(17.666957) can0 178#0680000028950059
(17.676625) can0 17C#000000003D870097
(17.676754) can0 290#0010000000000000
(17.676861) can0 290#0010000000000000
(17.676934) can0 12B#0000000000014F77
(17.686870) can0 120#0000000000000040
(17.687007) can0 121#0000000000000040
(17.687111) can0 290#0010000000000000
(17.687183) can0 12B#0000000000013F77
(17.697111) can0 128#1388030000EC7882
(17.697243) can0 12E#0000000000000080
(17.697350) can0 290#0040000000000000
(17.707354) can0 12B#0000000000014F77
(17.707482) can0 12A#1228012000000000
(17.707568) can0 290#0040000000000000
(17.707641) can0 12B#0000000000013F77
(17.707745) can0 128#1388030000EC78A2
(17.717598) can0 290#0020000000000000
(17.717736) can0 12B#0000000000014F77
(17.717840) can0 120#0000000000000080
(17.727840) can0 290#0040000000000000
(17.727969) can0 12B#0000000000014F77
(17.728041) can0 128#1388030000EC78C2
(17.728152) can0 12E#00000000000000C0
(17.738083) can0 290#0010000000000000
(17.738220) can0 12B#0000000000013F77
(17.738325) can0 120#00000000000000A0
(17.748331) can0 290#0040000000000000
(17.748460) can0 12B#0000000000014F77
(17.748581) can0 128#1388030000EC7822
(17.758573) can0 290#0030000000000000
(17.758710) can0 12B#0000000000014F77
(17.758782) can0 120#00000000000000C0
(17.758892) can0 290#0030000000000000
(17.758972) can0 12B#0000000000013F77
(17.759075) can0 128#1388030000EC7842
(17.768828) can0 12E#0000000000000040
(17.768962) can0 290#0020000000000000
(17.769069) can0 12B#0000000000014F77
(17.779055) can0 120#0000000000000020
(17.779182) can0 290#0010000000000000
(17.779288) can0 12B#0000000000013F77
(17.789298) can0 128#1388030000EC7862
(17.789425) can0 12A#1228012000000000
(17.789496) can0 550#1000000000000050
(17.789610) can0 120#0000000000000040
(17.799548) can0 121#0000000000000040
(17.799640) can0 12B#0000000000014F77
(17.799748) can0 128#1388030000EC7882
(17.799851) can0 12E#0000000000000080
(17.809784) can0 120#0000000000000060
(17.809912) can0 121#0000000000000060
(17.810016) can0 129#0000000000000060
(17.820027) can0 540#02000000100000E4
(17.820123) can0 174#FA7F00003B6B01C6
(17.820239) can0 178#1C8002212F95011C
(17.820343) can0 17C#00000000458701CE
(17.830270) can0 120#0000000000000080
(17.830397) can0 121#0000000000000080
(17.830502) can0 129#0000000000000080
(17.840512) can0 5A0#00692000000000C9
(17.840649) can0 550#1000000000000070
(17.840754) can0 300#0F00000000000000
(17.840827) can0 120#00000000000000A0
(17.850755) can0 121#00000000000000A0
(17.850886) can0 129#00000000000000A0
(17.850997) can0 174#FA7F00001D6B0587
(17.861012) can0 178#1180062428950562
(17.861140) can0 17C#00000000318705F4
(17.861244) can0 120#00000000000000C0
(17.861349) can0 121#00000000000000C0
(17.871241) can0 129#00000000000000C0
(17.871369) can0 174#F57F0000226B0652
(17.871474) can0 174#F27F00002B6B0742
(17.881484) can0 178#F87F08203A95078D
(17.881620) can0 17C#000000002F8707DF
(17.881733) can0 120#0000000000000020
(17.891727) can0 121#0000000000000020
(17.891868) can0 129#0000000000000020
(17.891972) can0 174#EA7F0000336B0886
(17.901976) can0 174#E47F0000336B099A
(17.902103) can0 178#0B8000002F9509C0
(17.902216) can0 17C#00000000268709FA
(17.912213) can0 290#0030000000000000
(17.912342) can0 120#0000000000000040
(17.912446) can0 121#0000000000000040
(17.922461) can0 129#0000000000000040
(17.922598) can0 174#DE7F0000306B0A8F
(17.922702) can0 540#02000000100000E4
(17.922778) can0 174#E47F00002E6B0B3D
(17.932699) can0 178#168002392B950B19
(17.932827) can0 17C#000000003C870BD7
(17.932932) can0 290#0020000000000000
(17.942943) can0 120#0000001000000070
(17.943070) can0 121#0000000000000060
(17.943175) can0 129#0000000000000060
(17.953188) can0 300#0F00000000000000
(17.953280) can0 174#F87F0000276B0DF2
(17.953388) can0 178#1180042029950D9F
(17.953492) can0 120#0000001000000090
(17.953603) can0 121#0000000000000080
(17.963444) can0 129#0000000000000080
(17.963580) can0 174#00800000256B0EA4
(17.963684) can0 174#038000002A6B0FD8
(17.973671) can0 178#008000002F950FBB
(17.973799) can0 17C#0000000045870F68
(17.973904) can0 120#00000010000000B0
(17.983916) can0 121#00000000000000A0
(17.984043) can0 129#00000000000000A0
(17.984148) can0 174#F57F0000306B011A
(17.994157) can0 178#0B800220339501A4
(17.994285) can0 17C#0000000037870185
(17.994389) can0 120#00000010000000D0
(18.004400) can0 121#00000000000000C0
(18.004534) can0 129#00000000000000C0
(18.004637) can0 174#EF7F0000306B02EC
(18.014643) can0 174#EA7F0000306B03C5
(18.014770) can0 178#118004202C9503B0
(18.014876) can0 17C#000000003C87033F
(18.024887) can0 290#0020000000000000
(18.024983) can0 12B#0000000000014F77
(18.025059) can0 120#0000001000000030
(18.025166) can0 121#0000000000000020
(18.025270) can0 129#0000000000000020
(18.035129) can0 174#EA7F00002E6B0487
(18.035256) can0 178#0080052323950451
(18.035359) can0 174#EC7F0000286B054C
(18.045372) can0 178#F57F06321E950573
(18.045499) can0 17C#00000000438705BF
(18.045611) can0 290#0020000000000000
(18.045683) can0 12B#0000000000014F77
(18.045754) can0 120#0000001000000050
(18.055629) can0 121#0000000000000040
(18.055757) can0 129#0000000000000040
(18.055867) can0 174#F57F0000236B06DD
(18.055971) can0 178#EF7F072120950651
(18.065859) can0 17C#00000000358706D5
(18.065987) can0 174#F87F00001D6B0707
(18.066091) can0 178#F57F082723950704
(18.076100) can0 17C#000000002687075C
(18.076228) can0 450#0000000000000000
(18.076301) can0 129#0000000000000060
(18.076405) can0 174#FA7F00001A6B088C
(18.086343) can0 178#FA7F00002395082A
(18.086471) can0 17C#000000002987097C
(18.086583) can0 290#0030000000000000
(18.096588) can0 12B#0000000000014F77
(18.096679) can0 178#0B80000023950AED
(18.096793) can0 17C#0000000045870A01
(18.096899) can0 290#0020000000000000
(18.106829) can0 290#0010000000000000
(18.106958) can0 12B#0000000000014F77
(18.107030) can0 12A#1228012000000000
(18.107101) can0 450#0000000000000000
(18.107174) can0 290#0040000000000000
(18.107279) can0 12B#0000000000013F77
(18.117072) can0 290#0030000000000000
(18.117201) can0 12B#0000000000014F77
(18.117305) can0 120#00000010000000D0
(18.127315) can0 121#00000000000000C0
(18.127443) can0 290#0040000000000000
(18.127557) can0 12B#0000000000014F77
(18.127628) can0 128#1388030000EC7842
(18.137560) can0 290#0020000000000000
(18.137697) can0 12B#0000000000013F77
(18.137801) can0 120#0000001000000030
(18.147804) can0 290#0020000000000000
(18.147896) can0 12B#0000000000014F77
(18.148005) can0 128#1388030000EC7862
(18.148116) can0 290#0030000000000000
(18.148220) can0 12B#0000000000014F77
(18.148298) can0 120#0000001000000050
(18.158060) can0 290#0050000000000000
(18.158196) can0 12B#0000000000013F77
(18.158300) can0 128#1388030000EC7882
(18.168294) can0 290#0020000000000000
(18.168423) can0 12B#0000000000014F77
(18.168550) can0 120#0000001000000070
(18.178538) can0 290#0020000000000000
(18.178637) can0 12B#0000000000013F77
(18.178745) can0 128#1388030000EC78A2
(18.178848) can0 290#0030000000000000
(18.188773) can0 12B#0000000000014F77
(18.188903) can0 12A#1228012000000000
(18.188975) can0 550#1000000000000090
(18.189080) can0 290#0030000000000000
(18.189153) can0 12B#0000000000014F77
(18.189224) can0 128#1388030000EC78C2
(18.199016) can0 120#00000010000000B0
(18.199151) can0 121#00000000000000A0
(18.199255) can0 129#00000000000000A0
(18.209264) can0 174#F87F00002A6B081E
(18.209392) can0 128#1388030000EC7822
(18.209495) can0 12E#0000000000000020
(18.219502) can0 540#02000000100000E4
(18.219606) can0 120#00000010000000D0
(18.219722) can0 121#00000000000000C0
(18.219826) can0 129#00000000000000C0
(18.229745) can0 12A#1228012000000000
(18.229836) can0 12C#0000000000000000
(18.229908) can0 5A0#0069200000000089
(18.230018) can0 120#0000001000000030
(18.230121) can0 121#0000000000000020
(18.239988) can0 129#0000000000000020
(18.240116) can0 174#FD7F0000276B0DC6
(18.240227) can0 178#0E80012833950D2E
(18.250244) can0 17C#0000000056870DC6
(18.250373) can0 120#0000001000000050
(18.250476) can0 121#0000000000000040
(18.250589) can0 129#0000000000000040
(18.260474) can0 174#FA7F00001F6B0E4B
(18.260609) can0 174#FA7F00001F6B0F56
(18.260713) can0 178#1980032134950F7C
(18.270717) can0 17C#0000000043870F6D
(18.270845) can0 550#10000000000000D0
(18.270951) can0 120#0000001000000070
(18.280959) can0 121#0000000000000060
(18.281087) can0 129#0000000000000060
(18.281192) can0 174#F57F0000286B010E
(18.291203) can0 178#0E8005233995012E
(18.291330) can0 17C#000000002387019B
(18.291435) can0 290#0030000000000000
(18.291516) can0 120#0000001000000090
(18.301445) can0 121#0000000000000080
(18.301580) can0 129#0000000000000080
(18.301693) can0 540#02000000100000E4
(18.301769) can0 174#EF7F00002D6B036C
(18.311688) can0 178#0B8007243395030F
(18.311823) can0 120#00000010000000B0
(18.311927) can0 121#00000000000000A0
(18.321935) can0 129#00000000000000A0
(18.322071) can0 300#0F00000000000000
(18.322149) can0 174#EF7F0000226B05A4
(18.322270) can0 178#08800920319505FD
(18.332174) can0 120#00000010000000D0
(18.332302) can0 121#00000000000000C0
(18.332406) can0 129#00000000000000C0
(18.342427) can0 174#F27F0000276B0748
(18.342563) can0 178#0B800B292F9507E4
(18.342668) can0 17C#000000003F8707C7
(18.342771) can0 120#0000001000000030
(18.352676) can0 121#0000000000000020
(18.352804) can0 129#0000000000000020
(18.352909) can0 174#FA7F0000276B093C
(18.362905) can0 178#1480000033950937
(18.363033) can0 17C#00000000588709BB
(18.363137) can0 120#0000001000000050
(18.373146) can0 121#0000000000000040
(18.373274) can0 129#0000000000000040
(18.373378) can0 174#FA7F0000276B0A1B
(18.383389) can0 174#FA7F0000236B0B00
(18.383517) can0 178#0B80000025950BF5
(18.383630) can0 17C#0000000038870BD1
(18.393632) can0 290#0030000000000000
(18.393724) can0 12B#0000000000013F77
(18.393832) can0 120#0000001000000070
(18.393937) can0 121#0000000000000060
(18.403878) can0 129#0000000000000060
(18.404006) can0 174#FA7F0000226B0CDC
(18.404110) can0 178#0E8001201A950C1C
(18.414118) can0 17C#0000000024870C90
(18.414246) can0 540#02000000100000E5
(18.414356) can0 174#FA7F0000286B0DCE
(18.424361) can0 178#0B8002221D950D26
(18.424489) can0 17C#0000000024870D8D
(18.424602) can0 120#0000001000000090
(18.434605) can0 121#0000000000000080
(18.434733) can0 129#0000000000000080
(18.434837) can0 300#0F00000000000000
(18.434910) can0 174#FA7F0000366B0FE5
(18.444862) can0 178#EC7F042533950F27
(18.444990) can0 17C#000000004E870FE8
(18.445094) can0 450#0000000000000000
(18.445168) can0 120#00000010000000B0
(18.445271) can0 121#00000000000000A0
(18.455090) can0 129#00000000000000A0
(18.455218) can0 174#FA7F00002E6B0157
(18.455322) can0 178#0B8006212F95019E
(18.465333) can0 17C#000000005E870156
(18.465461) can0 290#0010000000000000
(18.465573) can0 129#00000000000000C0
(18.475577) can0 174#FA7F00002D6B02FC
(18.475705) can0 178#24800721319502F1
(18.475809) can0 17C#000000005B8703E5
(18.485818) can0 290#0040000000000000
(18.485948) can0 12B#0000000000013F77
(18.486019) can0 178#118009252F950414
(18.486130) can0 17C#00000000538704BA
(18.496061) can0 450#0000000000000000
(18.496154) can0 290#0020000000000000
(18.496263) can0 12B#0000000000014F78
(18.496368) can0 128#1388030000EC7862
(18.506304) can0 290#0020000000000000
(18.506397) can0 12B#0000000000013F77
(18.506505) can0 120#0000001000000050
(18.506617) can0 290#0020000000000000
(18.506690) can0 12B#0000000000014F78
(18.516555) can0 128#1388030000EC7882
(18.516682) can0 290#0040000000000000
(18.516787) can0 12B#0000000000013F77
(18.526790) can0 120#0000001000000070
(18.526918) can0 121#0000000000000060
(18.527022) can0 290#0020000000000000
(18.537036) can0 12B#0000000000014F78
(18.537164) can0 128#1388030000EC78A2
(18.537267) can0 12E#00000000000000A0
(18.537371) can0 290#0030000000000000
(18.547292) can0 12B#0000000000013F77
(18.547420) can0 120#0000001000000090
(18.547524) can0 290#0020000000000000
(18.557519) can0 12B#0000000000014F78
(18.557660) can0 128#1388030000EC78C2
(18.557764) can0 12E#00000000000000C0
(18.567762) can0 290#0040000000000000
(18.567895) can0 12B#0000000000013F78
(18.568007) can0 120#00000010000000B0
(18.578005) can0 290#0020000000000000
(18.578142) can0 12B#0000000000014F77
(18.578247) can0 128#1388030000EC7822
(18.588248) can0 12E#0000000000000020
(18.588384) can0 290#0010000000000000
(18.588490) can0 12B#0000000000013F78
(18.598491) can0 12A#1228012000000000
(18.598598) can0 290#0030000000000000
(18.598707) can0 12B#0000000000014F77
(18.598811) can0 128#1388030000EC7842
(18.608734) can0 12E#0000000000000040
(18.608864) can0 290#0030000000000000
(18.608936) can0 12B#0000000000013F78
(18.609041) can0 120#0000001000000030
(18.618977) can0 290#0030000000000000
(18.619069) can0 12B#0000000000014F77
(18.619177) can0 128#1388030000EC7862
(18.619281) can0 12B#0000000000013F78
(18.629220) can0 120#0000001000000050
(18.629347) can0 121#0000000000000040
(18.629452) can0 128#1388030000EC7882
(18.639476) can0 12E#0000000000000080
(18.639613) can0 12A#1228012000000000
(18.639684) can0 120#0000001000000070
(18.639788) can0 121#0000000000000060
(18.639896) can0 129#0000000000000060
(18.649706) can0 174#FA7F00002B6B05AA
(18.649834) can0 178#08800321299505D7
(18.649938) can0 17C#000000001687054E
(18.659949) can0 290#0010000000000000
(18.660078) can0 120#0000001000000090
(18.660182) can0 121#0000000000000080
(18.670192) can0 129#0000000000000080
(18.670320) can0 174#FA7F00002D6B0795
(18.670424) can0 178#038000001B95079A
(18.680435) can0 17C#000000002C870753
(18.680571) can0 550#1000000000000050
(18.680677) can0 120#00000010000000B0
(18.690678) can0 121#00000000000000A0
(18.690806) can0 129#00000000000000A0
(18.690910) can0 174#F57F0000286B08FB
(18.700922) can0 174#EF7F0000256B09B2
(18.701050) can0 178#0B80012226950944
(18.701154) can0 17C#00000000348709E1
(18.711163) can0 120#00000010000000D0
(18.711291) can0 121#00000000000000C0
(18.711395) can0 129#00000000000000C0
(18.721406) can0 540#02000000100000E5
(18.721503) can0 174#EF7F0000256B0B88
(18.721627) can0 178#0680033241950BB3
(18.721739) can0 120#0000001000000030
(18.731652) can0 121#0000000000000020
(18.731788) can0 129#0000000000000020
(18.731900) can0 300#0F00000000000000
(18.731975) can0 174#FA7F0000236B0D4E
(18.732077) can0 178#068005233F950D65
(18.741910) can0 120#0000001000000050
(18.742045) can0 121#0000000000000040
(18.742150) can0 129#0000000000000040
(18.752135) can0 174#FA7F0000306B0FE0
(18.752263) can0 178#F27F07212C950FF1
(18.752367) can0 17C#0000000037870F23
(18.762384) can0 290#0020000000000000
(18.762513) can0 12B#0000000000013F77
(18.762632) can0 120#0000001000000070
(18.772624) can0 121#0000000000000060
(18.772752) can0 129#0000000000000060
(18.772858) can0 174#F87F00002E6B01ED
(18.782870) can0 178#F57F00002B95018F
(18.782998) can0 17C#0000000031870180
(18.783103) can0 290#0050000000000000
(18.793107) can0 12B#0000000000013F77
(18.793198) can0 120#0000001000000090
(18.793306) can0 121#0000000000000080
(18.793411) can0 129#0000000000000080
(18.803350) can0 174#00800000236B023D
(18.803478) can0 174#008000001C6B038E
(18.803590) can0 178#FD7F00002B950367
(18.813594) can0 17C#0000000048870371
(18.813723) can0 120#00000010000000B0
(18.813833) can0 121#00000000000000A0
(18.823836) can0 129#00000000000000A0
(18.823964) can0 174#FA7F00001A6B0410
(18.824068) can0 540#02000000100000E5
(18.824145) can0 174#F57F00001F6B05D8
(18.834093) can0 178#0380020F289505B8
(18.834221) can0 120#00000010000000D0
(18.834325) can0 121#00000000000000C0
(18.834429) can0 129#00000000000000C0
(18.844322) can0 174#EF7F0000256B0609
(18.844450) can0 300#0F00000000000000
(18.844523) can0 174#EF7F0000276B0717
(18.844633) can0 178#E47F040529950740
(18.854566) can0 17C#00000000378707CB
(18.854695) can0 450#0000000000000000
(18.854768) can0 290#0040000000000000
(18.854876) can0 120#0000001000000030
(18.864808) can0 121#0000000000000020
(18.864936) can0 129#0000000000000020
(18.865040) can0 174#EA7F00001C6B092D
(18.875051) can0 178#F57F06143C9509FF
(18.875178) can0 17C#0000000045870926
(18.875283) can0 290#0030000000000000
(18.885294) can0 120#0000001000000050
(18.885421) can0 121#0000000000000040
(18.885525) can0 129#0000000000000040
(18.895545) can0 174#FA7F0000206B0B8C
(18.895672) can0 178#FA7F080233950B45
(18.895784) can0 17C#000000004B870B15
(18.905780) can0 290#0030000000000000
(18.905872) can0 12B#0000000000014F77
(18.905981) can0 12A#1228012000000000
(18.906052) can0 129#0000000000000060
(18.906157) can0 174#FD7F00002A6B0C5E
(18.916023) can0 178#0B80090F29950CD9
(18.916151) can0 17C#0000000037870D19
(18.916256) can0 290#0030000000000000
(18.916328) can0 12B#0000000000014F77
(18.916400) can0 178#0B800B0323950EEA
(18.926268) can0 17C#0000000037870E3E
(18.926397) can0 290#0030000000000000
(18.926469) can0 12B#0000000000013F77
(18.926582) can0 290#0020000000000000
(18.926686) can0 12B#0000000000013F78
(18.936524) can0 120#00000010000000B0
(18.936657) can0 121#00000000000000A0
(18.936761) can0 129#00000000000000A0
(18.946751) can0 174#F57F0000336B008B
(18.946882) can0 541#0280000000000000
(18.946955) can0 290#0040000000000000
(18.947060) can0 12B#0000000000014F77
(18.956994) can0 290#0020000000000000
(18.957123) can0 12B#0000000000013F78
(18.957228) can0 120#00000010000000D0
(18.967237) can0 290#0020000000000000
(18.967334) can0 12B#0000000000013F77
(18.967452) can0 128#1388030000EC7842
(18.967563) can0 12E#0000000000000040
(18.977480) can0 290#0010000000000000
(18.977624) can0 12B#0000000000014F78
(18.977729) can0 120#0000001000000030
(18.987723) can0 121#0000000000000020
(18.987851) can0 129#0000000000000020
(18.987956) can0 290#0030000000000000
(18.997966) can0 12B#0000000000013F77
(18.998103) can0 128#1388030000EC7862
(18.998206) can0 290#0030000000000000
(18.998279) can0 12B#0000000000014F78
(19.008209) can0 12A#1228012000000000
(19.008307) can0 550#1000000000000050
(19.008378) can0 290#0030000000000000
(19.008450) can0 12B#0000000000013F77
(19.008571) can0 128#1388030000EC7882
(19.008673) can0 290#0030000000000000
(19.008745) can0 12B#0000000000013F78
(19.018452) can0 120#0000001000000070
(19.018590) can0 290#0040000000000000
(19.018695) can0 12B#0000000000014F77
(19.028709) can0 128#1388030000EC78A2
(19.028835) can0 290#0000000000000000
(19.028941) can0 12B#0000000000013F77
(19.029045) can0 120#0000001000000090
(19.038938) can0 121#0000000000000080
(19.039071) can0 290#0010000000000000
(19.039178) can0 12B#0000000000013F78
(19.049181) can0 128#1388030000EC78C2
(19.049308) can0 12E#00000000000000C0
(19.049412) can0 290#0000000000000000
(19.059424) can0 12B#0000000000014F77
(19.059560) can0 120#00000010000000B0
(19.059663) can0 12B#0000000000013F77
(19.069667) can0 128#1388030000EC7822
(19.069793) can0 12E#0000000000000020
(19.069899) can0 174#F87F00002A6B0D77
(19.079912) can0 120#00000010000000D0
(19.080040) can0 121#00000000000000C0
(19.080143) can0 129#00000000000000C0
(19.090153) can0 174#F57F0000316B0F33
(19.090280) can0 178#08800A2126950F9E
(19.090384) can0 17C#0000000083870FCD
(19.100396) can0 290#0010000000000000
(19.100525) can0 550#1000000000000090
(19.100634) can0 120#0000001000000030
(19.110639) can0 121#0000000000000020
(19.110767) can0 174#FA7F0000206B015E
(19.110873) can0 178#2D8000002F950194
(19.120886) can0 17C#000000005687015A
(19.121014) can0 120#0000001000000050
(19.121118) can0 121#0000000000000040
(19.121221) can0 129#0000000000000040
(19.131141) can0 540#02000000100000E5
(19.131237) can0 174#EC7F00001C6B032C
(19.131353) can0 178#2A8000FF1695032D
(19.131457) can0 120#0000001000000070
(19.141368) can0 121#0000000000000060
(19.141495) can0 129#0000000000000060
(19.141608) can0 174#EA7F0000206B048E
(19.151616) can0 550#10000000000000B0
(19.151745) can0 300#0F00000000000000
(19.151826) can0 174#EC7F0000206B0540
(19.151930) can0 120#0000001000000090
(19.161863) can0 121#0000000000000080
(19.161991) can0 129#0000000000000080
(19.162103) can0 174#F87F0000206B07AA
(19.172096) can0 178#248003262E950747
(19.172224) can0 17C#00000000378707CB
(19.172329) can0 120#00000010000000B0
(19.182339) can0 121#00000000000000A0
(19.182474) can0 129#00000000000000A0
(19.182586) can0 174#FA7F0000286B08A7
(19.192584) can0 174#F87F0000286B0900
(19.192712) can0 178#1C80052031950973
(19.192816) can0 17C#00000000268709FA
(19.202825) can0 290#0010000000000000
(19.202925) can0 12B#0000000000013F78
(19.203034) can0 120#00000010000000D0
(19.203146) can0 121#00000000000000C0
(19.213072) can0 129#00000000000000C0
(19.213200) can0 174#EC7F0000276B0B6C
(19.213305) can0 178#228007213C950B52
(19.223325) can0 17C#0000000026870BC0
(19.223453) can0 120#0000001000000030
(19.223565) can0 121#0000000000000020
(19.223669) can0 129#0000000000000020
(19.233555) can0 540#02000000100000E5
(19.233652) can0 174#EF7F00002B6B0DCF
(19.233768) can0 178#1980092534950DAB
(19.233874) can0 17C#0000000032870D90
(19.243797) can0 120#0000001000000050
(19.243925) can0 121#0000000000000040
(19.244029) can0 129#0000000000000040
(19.254040) can0 174#F87F0000286B0E53
(19.254168) can0 300#0F00000000000000
(19.254249) can0 174#FA7F0000276B0F72
(19.254353) can0 178#278000002B950F5C
(19.264283) can0 17C#000000004D870F64
(19.264411) can0 450#0000000000000000
(19.264484) can0 120#0000001000000070
(19.264597) can0 121#0000000000000060
(19.274526) can0 129#0000000000000060
(19.274662) can0 174#FA7F00002A6B0151
(19.274766) can0 178#118000003E95016E
(19.284769) can0 17C#000000005087015F
(19.284899) can0 120#0000001000000090
(19.285002) can0 121#0000000000000080
(19.295012) can0 129#0000000000000080
(19.295140) can0 174#FA7F0000236B02F5
(19.295251) can0 174#FA7F0000236B03E8
(19.305255) can0 178#F27F02213E9503A9
(19.305382) can0 17C#0000000032870336
(19.305487) can0 120#00000010000000B0
(19.315500) can0 121#00000000000000A0
(19.315637) can0 129#00000000000000A0
(19.315741) can0 174#EF7F0000336B0533
(19.315843) can0 178#EC7F042F37950548
(19.325757) can0 17C#00000000298705E0
(19.325888) can0 129#00000000000000C0
(19.325992) can0 174#EA7F0000396B062F
(19.335984) can0 178#FD7F0512379506C1
(19.336111) can0 178#118006243495074A
(19.336215) can0 17C#00000000278707D3
(19.346227) can0 290#0030000000000000
(19.346356) can0 178#168007262F9508AA
(19.346460) can0 17C#0000000027870868
(19.356469) can0 290#0030000000000000
(19.356570) can0 12B#0000000000014F79
(19.356678) can0 450#0000000000000000
(19.356751) can0 290#0010000000000000
(19.356857) can0 12B#0000000000013F78
(19.366713) can0 120#0000001000000050
(19.366840) can0 290#0000000000000000
(19.366946) can0 12B#0000000000013F78
(19.367017) can0 128#1388030000EC7882
(19.376955) can0 12E#0000000000000080
(19.377089) can0 290#0030000000000000
(19.377196) can0 12B#0000000000014F78
(19.387198) can0 120#0000001000000070
(19.387326) can0 290#0030000000000000
(19.387398) can0 12B#0000000000013F78
(19.387503) can0 128#1388030000EC78A2
(19.397441) can0 12E#00000000000000A0
(19.397586) can0 174#F57F0000286B0D92
(19.397690) can0 290#0040000000000000
(19.407684) can0 12B#0000000000014F78
(19.407812) can0 12A#1228012000000000
(19.407884) can0 290#0000000000000000
(19.407989) can0 12B#0000000000013F78
(19.417944) can0 128#1388030000EC78C2
(19.418077) can0 290#0010000000000000
(19.418183) can0 12B#0000000000013F79
(19.418295) can0 120#00000010000000B0
(19.428170) can0 290#0010000000000000
(19.428262) can0 12B#0000000000014F78
(19.428379) can0 128#1388030000EC7822
(19.428483) can0 290#0030000000000000
(19.438413) can0 12B#0000000000013F78
(19.438557) can0 541#0280000000000000
(19.438630) can0 290#0020000000000000
(19.438736) can0 12B#0000000000013F78
(19.438815) can0 128#1388030000EC7842
(19.448656) can0 290#0040000000000000
(19.448790) can0 12B#0000000000014F79
(19.448897) can0 120#0000001000000030
(19.458901) can0 290#0010000000000000
(19.459030) can0 12B#0000000000013F78
(19.459134) can0 128#1388030000EC7862
(19.469142) can0 12E#0000000000000060
(19.469271) can0 12B#0000000000014F78
(19.469375) can0 120#0000001000000050
(19.479385) can0 121#0000000000000040
(19.479513) can0 129#0000000000000040
(19.479624) can0 174#F57F00001A6B0676
(19.489628) can0 12B#0000000000013F79
(19.489756) can0 128#1388030000EC7882
(19.489861) can0 12E#0000000000000080
(19.499873) can0 550#10000000000000D0
(19.500002) can0 120#0000001000000070
(19.500106) can0 121#0000000000000060
(19.510117) can0 12E#00000000000000A0
(19.510245) can0 174#F57F0000276B0960
(19.510349) can0 178#FA7F08272F9509F4
(19.510452) can0 120#0000001000000090
(19.520373) can0 121#0000000000000080
(19.520501) can0 129#0000000000000080
(19.520614) can0 540#02000000100000E5
(19.520690) can0 174#EF7F0000276B0B8B
(19.530601) can0 178#0380012028950B82
(19.530729) can0 541#0280000000000000
(19.530807) can0 120#00000010000000B0
(19.530917) can0 121#00000000000000A0
(19.540843) can0 129#00000000000000A0
(19.540971) can0 550#1000000000000030
(19.541077) can0 300#0F00000000000000
(19.541150) can0 174#EF7F0000396B0DD4
(19.551086) can0 120#00000010000000D0
(19.551213) can0 121#00000000000000C0
(19.551318) can0 129#00000000000000C0
(19.561329) can0 174#FA7F00002E6B0FF1
(19.561456) can0 178#0E80030245950F7C
(19.561569) can0 17C#0000000026870FB4
(19.571578) can0 290#0020000000000000
(19.571707) can0 120#0000001000000030
(19.571819) can0 121#0000000000000020
(19.581815) can0 129#0000000000000020
(19.581943) can0 174#00800000286B0087
(19.582056) can0 174#038000002B6B01F1
(19.592057) can0 178#118005123F95013C
(19.592185) can0 17C#000000003D87018A
(19.592290) can0 290#0000000000000000
(19.602300) can0 120#0000001000000050
(19.602436) can0 121#0000000000000040
(19.602549) can0 129#0000000000000040
(19.612558) can0 174#00800000336B0225
(19.612686) can0 174#F87F0000336B034A
(19.612791) can0 178#2280072F28950351
(19.612896) can0 17C#000000004A870372
(19.622786) can0 120#0000001000000070
(19.622921) can0 121#0000000000000060
(19.623026) can0 129#0000000000000060
(19.633029) can0 540#02000000100000E5
(19.633126) can0 174#F87F00001D6B053D
(19.633242) can0 178#1180090F339505EA
(19.633346) can0 541#0280000000000000
(19.633419) can0 120#0000001000000090
(19.643272) can0 121#0000000000000080
(19.643400) can0 300#0F00000000000000
(19.643473) can0 174#FA7F0000156B07B1
(19.643586) can0 178#F87F0B032C9507DE
(19.653515) can0 17C#000000005187079E
(19.653648) can0 450#0000000000000000
(19.653721) can0 120#00000010000000B0
(19.653825) can0 121#00000000000000A0
(19.663758) can0 129#00000000000000A0
(19.663893) can0 174#FA7F0000186B088F
(19.663997) can0 178#03800C0829950854
(19.674001) can0 174#F87F0000206B090C
(19.674129) can0 178#0B800D2F2995094F
(19.674233) can0 17C#0000000061870910
(19.684244) can0 290#0030000000000000
(19.684373) can0 12B#0000000000013F79
(19.684445) can0 120#00000010000000D0
(19.684557) can0 121#00000000000000C0
(19.694487) can0 129#00000000000000C0
(19.694623) can0 174#EC7F0000236B0B6A
(19.694735) can0 178#0E800F0D26950B7E
(19.704733) can0 17C#0000000063870B29
(19.704862) can0 290#0010000000000000
(19.704968) can0 120#0000001000000030
(19.705070) can0 121#0000000000000020
(19.714989) can0 129#0000000000000020
(19.715117) can0 174#F57F00001D6B0D33
(19.715221) can0 178#FA7F010820950D39
(19.725216) can0 17C#0000000045870D52
(19.725344) can0 290#0030000000000000
(19.725450) can0 120#0000001000000050
(19.735459) can0 121#0000000000000040
(19.735595) can0 129#0000000000000040
(19.735699) can0 174#FA7F0000286B0FF4
(19.745702) can0 178#1F80012826950F61
(19.745830) can0 17C#0000000042870FE2
(19.745935) can0 129#0000000000000060
(19.755945) can0 174#FA7F0000306B005B
(19.756073) can0 178#198002202C950024
(19.756177) can0 17C#000000004D8700DF
(19.766188) can0 178#0E800321349501ED
(19.766316) can0 17C#000000004E87014E
(19.766420) can0 450#0000000000000000
(19.766494) can0 290#0010000000000000
(19.776431) can0 12B#0000000000013F78
(19.776566) can0 120#0000001000000090
(19.776670) can0 121#0000000000000080
(19.786674) can0 178#0E8004233A9502EF
(19.786809) can0 17C#00000000458702E9
(19.786914) can0 290#0010000000000000
(19.786987) can0 290#0020000000000000
(19.796918) can0 12B#0000000000014F78
(19.797047) can0 120#00000010000000B0
(19.797151) can0 121#00000000000000A0
(19.807173) can0 290#0010000000000000
(19.807302) can0 12B#0000000000013F79
(19.807407) can0 128#1388030000EC7822
(19.807518) can0 290#0040000000000000
(19.817402) can0 12B#0000000000014F78
(19.817547) can0 12A#1228012000000000
(19.817618) can0 290#0030000000000000
(19.817724) can0 12B#0000000000013F79
(19.827645) can0 128#1388030000EC7842
(19.827773) can0 290#0030000000000000
(19.827845) can0 12B#0000000000013F79
(19.827917) can0 120#0000001000000030
(19.828021) can0 290#0030000000000000
(19.828102) can0 12B#0000000000014F78
(19.837891) can0 128#1388030000EC7862
(19.838025) can0 290#0020000000000000
(19.838130) can0 12B#0000000000013F79
(19.848137) can0 541#0280000000000000
(19.848229) can0 290#0040000000000000
(19.848347) can0 12B#0000000000013F79
(19.848423) can0 128#1388030000EC7882
(19.848547) can0 290#0020000000000000
(19.858374) can0 12B#0000000000014F78
(19.858509) can0 120#0000001000000070
(19.858621) can0 290#0000000000000000
(19.868624) can0 12B#0000000000013F79
(19.868752) can0 128#1388030000EC78A2
(19.868857) can0 12E#00000000000000A0
(19.868929) can0 290#0020000000000000
(19.878862) can0 12B#0000000000014F78
(19.878990) can0 120#0000001000000090
(19.879094) can0 121#0000000000000080
(19.889103) can0 290#0040000000000000
(19.889232) can0 12B#0000000000013F79
(19.889337) can0 128#1388030000EC78C2
(19.899349) can0 12B#0000000000013F79
(19.899440) can0 12A#1228012000000000
(19.899512) can0 550#1000000000000050
(19.899629) can0 120#00000010000000B0
(19.899733) can0 12B#0000000000014F78
(19.899836) can0 128#1388030000EC7822
(19.909606) can0 12E#0000000000000020
(19.909735) can0 120#00000010000000D0
(19.909839) can0 121#00000000000000C0
(19.919832) can0 129#00000000000000C0
(19.919960) can0 12E#0000000000000040
(19.920065) can0 540#02000000100000E5
(19.920142) can0 174#F57F0000316B03AF
(19.930075) can0 541#0280000000000000
(19.930172) can0 120#0000001000000030
(19.930289) can0 121#0000000000000020
(19.930394) can0 12C#0000000000000000
(19.930466) can0 5A0#0069200000000069
(19.940318) can0 550#1000000000000070
(19.940447) can0 300#0F00000000000000
(19.940520) can0 120#0000001000000050
(19.940632) can0 121#0000000000000040
(19.950562) can0 129#0000000000000040
(19.950690) can0 174#F57F0000356B07DD
(19.950795) can0 178#0E800A292F9507BA
(19.960804) can0 17C#00000000618707B6
(19.960933) can0 290#0020000000000000
(19.961038) can0 120#0000001000000070
(19.971047) can0 121#0000000000000060
(19.971175) can0 129#0000000000000060
(19.971279) can0 174#EF7F00002B6B08A6
(19.981290) can0 174#EC7F0000206B09DC
(19.981417) can0 178#1C800120299509D2
(19.981522) can0 17C#000000003C8709ED
(19.991546) can0 550#1000000000000090
(19.991675) can0 120#0000001000000090
(19.991787) can0 121#0000000000000080
(20.001790) can0 129#0000000000000080
(20.001917) can0 174#EA7F0000156B0B94
(20.002028) can0 178#008001202E950B60
(20.002131) can0 17C#0000000021870B4A
(20.012024) can0 290#0030000000000000
(20.012158) can0 120#00000010000000B0
(20.012263) can0 121#00000000000000A0
(20.022262) can0 129#00000000000000A0
(20.022389) can0 540#02000000100000E5
(20.022473) can0 174#EF7F0000126B0D64
(20.022593) can0 178#0B8003243A950D9F
(20.032504) can0 541#0280000000000000
(20.032604) can0 120#00000010000000D0
(20.032711) can0 121#00000000000000C0
(20.032815) can0 300#0F00000000000000
(20.032888) can0 174#00800000316B0FA7
(20.042747) can0 178#F57F051239950FEF
(20.042877) can0 120#0000001000000030
(20.042981) can0 121#0000000000000020
(20.052990) can0 129#0000000000000020
(20.053118) can0 174#03800000406B003C
(20.053222) can0 174#03800000436B01AD
(20.063233) can0 178#F27F0726369501B4
(20.063361) can0 17C#000000004E87014E
(20.063465) can0 120#0000001000000050
(20.073476) can0 121#0000000000000040
(20.073612) can0 129#0000000000000040
(20.073716) can0 174#F87F0000276B0354
(20.083719) can0 178#03800925369503DF
(20.083847) can0 17C#0000000066870348
(20.083951) can0 120#0000001000000070
(20.093965) can0 121#0000000000000060
(20.094098) can0 129#0000000000000060
(20.094204) can0 174#F57F0000186B044F
(20.094306) can0 178#06800000319504B6
(20.104228) can0 174#F57F0000156B05D7
(20.104356) can0 178#0080012528950510
(20.104460) can0 17C#000000004887053F
(20.114448) can0 290#0010000000000000
(20.114585) can0 120#0000001000000090
(20.114689) can0 121#0000000000000080
(20.124691) can0 129#0000000000000080
(20.124819) can0 174#EF7F0000146B07B3
(20.124924) can0 178#EF7F0321169507D4
(20.134935) can0 17C#00000000238707D5
(20.135064) can0 290#0020000000000000
(20.135169) can0 120#00000010000000B0
(20.145177) can0 121#00000000000000A0
(20.145305) can0 129#00000000000000A0
(20.145409) can0 174#E17F0000186B091E
(20.155420) can0 178#EC7F000029950952
(20.155556) can0 17C#0000000043870923
(20.155661) can0 450#0000000000000000
(20.155734) can0 129#00000000000000C0
(20.165663) can0 174#E77F0000226B0ACD
(20.165791) can0 178#FD7F000033950A86
(20.165896) can0 17C#0000000047870A02
(20.175908) can0 178#0680012233950B09
(20.176036) can0 17C#000000003F870B5B
(20.176147) can0 290#0020000000000000
(20.176221) can0 12B#0000000000014F77
(20.186149) can0 178#068002202C950C5D
(20.186277) can0 17C#0000000034870C88
(20.186381) can0 290#0020000000000000
(20.186454) can0 12B#0000000000013F78
(20.196405) can0 128#1388030000EC7862
(20.196536) can0 290#0000000000000000
(20.196642) can0 12B#0000000000013F77
(20.196746) can0 12A#1228012000000000
(20.196818) can0 450#0000000000000000
(20.196891) can0 290#0030000000000000
(20.206635) can0 12B#0000000000014F78
(20.206763) can0 290#0040000000000000
(20.206870) can0 12B#0000000000013F77
(20.216880) can0 120#0000001000000070
(20.217008) can0 290#0010000000000000
(20.217113) can0 12B#0000000000013F77
(20.217185) can0 128#1388030000EC78A2
(20.227121) can0 290#0020000000000000
(20.227250) can0 12B#0000000000014F77
(20.227354) can0 541#0280000000000000
(20.227427) can0 290#0030000000000000
(20.237363) can0 12B#0000000000013F78
(20.237500) can0 128#1388030000EC78C2
(20.237611) can0 290#0050000000000000
(20.247608) can0 12B#0000000000014F77
(20.247736) can0 120#00000010000000B0
(20.247840) can0 121#00000000000000A0
(20.247916) can0 290#0010000000000000
(20.257849) can0 12B#0000000000013F77
(20.257984) can0 128#1388030000EC7822
(20.258088) can0 12E#0000000000000020
(20.268098) can0 290#0030000000000000
(20.268227) can0 12B#0000000000013F77
(20.268307) can0 120#00000010000000D0
(20.268411) can0 121#00000000000000C0
(20.278335) can0 290#0020000000000000
(20.278471) can0 12B#0000000000014F78
(20.278583) can0 128#1388030000EC7842
(20.288588) can0 12E#0000000000000040
(20.288716) can0 290#0010000000000000
(20.288822) can0 12B#0000000000013F77
(20.288925) can0 12A#1228012000000000
(20.288996) can0 290#0000000000000000
(20.298837) can0 12B#0000000000013F77
(20.298929) can0 128#1388030000EC7862
(20.299036) can0 12B#0000000000014F77
(20.299141) can0 120#0000001000000050
(20.309064) can0 121#0000000000000040
(20.309192) can0 12B#0000000000013F78
(20.309305) can0 128#1388030000EC7882
(20.319307) can0 12E#0000000000000080
(20.319436) can0 541#0280000000000000
(20.319509) can0 120#0000001000000070
(20.319621) can0 121#0000000000000060
(20.329552) can0 12E#00000000000000A0
(20.329685) can0 12A#1228012000000000
(20.329758) can0 12C#0000000000000000
(20.329830) can0 120#0000001000000090
(20.329935) can0 121#0000000000000080
(20.339793) can0 129#0000000000000080
(20.339922) can0 174#EA7F00002A6B0E53
(20.340026) can0 174#F27F00002D6B0FAF
(20.350036) can0 178#19800A1337950FA5
(20.350164) can0 17C#000000004B870F61
(20.350268) can0 120#00000010000000B0
(20.360279) can0 121#00000000000000A0
(20.360407) can0 129#00000000000000A0
(20.360511) can0 174#EF7F00002E6B00C7
(20.370522) can0 178#14800B032F9500A3
(20.370657) can0 174#EA7F00002A6B01E8
(20.370761) can0 178#0B800C0829950173
(20.380765) can0 17C#00000000518701D0
(20.380897) can0 290#0020000000000000
(20.381002) can0 550#10000000000000D0
(20.391021) can0 120#00000010000000D0
(20.391149) can0 121#00000000000000C0
(20.391253) can0 129#00000000000000C0
(20.391358) can0 174#EF7F0000206B03E9
(20.401251) can0 178#06800E071D95033D
(20.401379) can0 17C#0000000038870339
(20.401484) can0 120#0000001000000030
(20.411494) can0 121#0000000000000020
(20.411633) can0 129#0000000000000020
(20.411747) can0 540#02000000100000E5
(20.411824) can0 174#008000002A6B05ED
(20.421742) can0 178#F87F00021A95059D
(20.421874) can0 17C#0000000032870578
(20.421985) can0 541#0280000000000000
(20.422058) can0 120#0000001000000050
(20.431980) can0 121#0000000000000040
(20.432108) can0 300#0F00000000000000
(20.432181) can0 174#F57F0000396B07D7
(20.432285) can0 178#E77F000020950742
(20.442228) can0 17C#000000004E870700
(20.442357) can0 120#0000001000000070
(20.442467) can0 121#0000000000000060
(20.452466) can0 129#0000000000000060
(20.452602) can0 174#F27F0000356B09F5
(20.452706) can0 178#FD7F02202C9509A1
(20.462708) can0 17C#000000004E8709A6
(20.462837) can0 120#0000001000000090
(20.462941) can0 121#0000000000000080
(20.472952) can0 129#0000000000000080
(20.473080) can0 174#FD7F00003C6B0B10
(20.473184) can0 178#1980042336950B27
(20.483197) can0 17C#000000003C870BD7
(20.483326) can0 120#00000010000000B0
(20.483430) can0 121#00000000000000A0
(20.483540) can0 129#00000000000000A0
(20.493453) can0 174#F87F0000306B0D60
(20.493589) can0 178#388006223E950D1E
(20.493693) can0 17C#000000002E870D82
(20.503680) can0 290#0050000000000000
(20.503809) can0 120#00000010000000D0
(20.503914) can0 121#00000000000000C0
(20.513926) can0 129#00000000000000C0
(20.514054) can0 540#02000000100000E5
(20.514130) can0 174#F27F0000116B0F8D
(20.514242) can0 178#1F80082339950FC4
(20.524166) can0 17C#000000001C870F93
(20.524295) can0 541#0280000000000000
(20.524368) can0 120#0000001000000030
(20.524472) can0 121#0000000000000020
(20.534409) can0 300#0F00000000000000
(20.534502) can0 174#EF7F0000156B0172
(20.534618) can0 178#F27F0A2123950179
(20.534722) can0 17C#000000001B8701BF
(20.544652) can0 120#0000001000000050
(20.544780) can0 121#0000000000000040
(20.544889) can0 129#0000000000000040
(20.554897) can0 174#F27F00001C6B0289
(20.555025) can0 174#F57F0000236B03B4
(20.555129) can0 178#EC7F000039950398
(20.565138) can0 17C#00000000378703BF
(20.565266) can0 290#0030000000000000
(20.565372) can0 12B#0000000000014F77
(20.575381) can0 120#0000001000000070
(20.575509) can0 129#0000000000000060
(20.575621) can0 174#F57F00002D6B04EE
(20.585638) can0 178#FA7F0000419504E5
(20.585766) can0 178#0E8000FF3A95055F
(20.585872) can0 17C#00000000598705A8
(20.585977) can0 290#0000000000000000
(20.595870) can0 12B#0000000000013F77
(20.595998) can0 12A#1228012000000000
(20.596070) can0 178#148000002E950611
(20.596174) can0 17C#000000004B870694
(20.606110) can0 450#0000000000000000
(20.606203) can0 290#0020000000000000
(20.606312) can0 12B#0000000000013F77
(20.606384) can0 120#00000010000000B0
(20.606488) can0 121#00000000000000A0
(20.616353) can0 290#0010000000000000
(20.616482) can0 12B#0000000000013F77
(20.616561) can0 128#1388030000EC7822
(20.616665) can0 290#0000000000000000
(20.626597) can0 12B#0000000000014F77
(20.626725) can0 541#0280000000000000
(20.626798) can0 290#0040000000000000
(20.626904) can0 12B#0000000000013F77
(20.636839) can0 128#1388030000EC7842
(20.636966) can0 12E#0000000000000040
(20.637071) can0 12A#1228012000000000
(20.637147) can0 12C#0000000000000000
(20.637224) can0 290#0030000000000000
(20.647082) can0 12B#0000000000014F77
(20.647210) can0 120#0000001000000030
(20.647314) can0 290#0020000000000000
(20.657325) can0 12B#0000000000013F77
(20.657459) can0 128#1388030000EC7862
(20.657571) can0 12E#0000000000000060
(20.667569) can0 290#0040000000000000
(20.667698) can0 12B#0000000000013F77
(20.667770) can0 120#0000001000000050
(20.667877) can0 121#0000000000000040
(20.677813) can0 129#0000000000000040
(20.677948) can0 290#0010000000000000
(20.678054) can0 12B#0000000000014F77
(20.678165) can0 128#1388030000EC7882
(20.688075) can0 12E#0000000000000080
(20.688204) can0 290#0040000000000000
(20.688316) can0 12B#0000000000013F77
(20.698296) can0 12A#1228012000000000
(20.698388) can0 290#0030000000000000
(20.698505) can0 12B#0000000000013F77
(20.698585) can0 128#1388030000EC78A2
(20.698697) can0 290#0030000000000000
(20.698769) can0 12B#0000000000014F77
(20.708552) can0 120#0000001000000090
(20.708680) can0 290#0040000000000000
(20.708785) can0 12B#0000000000013F77
(20.718782) can0 128#1388030000EC78C2
(20.718910) can0 12B#0000000000014F77
(20.719015) can0 541#0280000000000000
(20.719088) can0 120#00000010000000B0
(20.729025) can0 12B#0000000000013F77
(20.729154) can0 128#1388030000EC7822
(20.729257) can0 12E#0000000000000020
(20.739268) can0 12A#1228012000000000
(20.739359) can0 120#00000010000000D0
(20.739467) can0 121#00000000000000C0
(20.739579) can0 129#00000000000000C0
(20.749511) can0 12E#0000000000000040
(20.749648) can0 174#F57F0000276B07C6
(20.749752) can0 178#1180042F289507AA
(20.759754) can0 17C#00000000358707C8
(20.759885) can0 120#0000001000000030
(20.759989) can0 121#0000000000000020
(20.769997) can0 129#0000000000000020
(20.770125) can0 174#EF7F0000236B08AA
(20.770229) can0 178#16800512289508D5
(20.780254) can0 174#EA7F0000286B0903
(20.780382) can0 178#1680062428950970
(20.780486) can0 17C#000000002987097C
(20.780599) can0 550#1000000000000050
(20.790483) can0 120#0000001000000050
(20.790619) can0 121#0000000000000040
(20.790723) can0 174#F57F0000336B0B44
(20.800726) can0 178#0B80082025950BC8
(20.800854) can0 17C#0000000011870B62
(20.800959) can0 120#0000001000000070
(20.810969) can0 121#0000000000000060
(20.811097) can0 129#0000000000000060
(20.811201) can0 540#02000000100000E5
(20.811278) can0 174#F57F0000206B0D9E
(20.821212) can0 178#FD7F00002E950D48
(20.821340) can0 541#0280000000000000
(20.821413) can0 120#0000001000000090
(20.821517) can0 121#0000000000000080
(20.831455) can0 129#0000000000000080
(20.831599) can0 300#0F00000000000000
(20.831672) can0 174#EF7F00001D6B0FD8
(20.831784) can0 178#F87F023937950F67
(20.841705) can0 120#00000010000000B0
(20.841833) can0 121#00000000000000A0
(20.841945) can0 129#00000000000000A0
(20.851941) can0 174#F57F00002D6B0187
(20.852077) can0 178#E77F0420369501EE
(20.852181) can0 17C#0000000021870198
(20.862184) can0 120#00000010000000D0
(20.862319) can0 121#00000000000000C0
(20.862424) can0 129#00000000000000C0
(20.872429) can0 174#F87F0000286B03D2
(20.872565) can0 178#DE7F00002B9503EF
(20.872670) can0 17C#0000000032870336
(20.872780) can0 120#0000001000000030
(20.882686) can0 121#0000000000000020
(20.882814) can0 129#0000000000000020
(20.882918) can0 174#FA7F0000286B043B
(20.892914) can0 174#FA7F00002A6B0525
(20.893042) can0 178#0B8002201D9505E9
(20.893146) can0 17C#00000000438705BF
(20.903162) can0 120#0000001000000050
(20.903290) can0 121#0000000000000040
(20.903394) can0 129#0000000000000040
(20.913398) can0 174#FA7F00002B6B068D
(20.913526) can0 540#02000000100000E5
(20.913611) can0 174#FA7F0000276B079A
(20.913723) can0 178#11800420289507C2
(20.923641) can0 17C#000000003C87074B
(20.923770) can0 541#0280000000000000
(20.923843) can0 120#0000001000000070
(20.923947) can0 121#0000000000000060
(20.933886) can0 129#0000000000000060
(20.934014) can0 174#FA7F0000236B0827
(20.934118) can0 178#1180052333950831
(20.944127) can0 300#0F00000000000000
(20.944220) can0 174#FA7F0000236B093A
(20.944328) can0 178#168006323495092E
(20.944432) can0 120#0000001000000090
(20.954370) can0 121#0000000000000080
(20.954498) can0 129#0000000000000080
(20.954611) can0 174#F87F00002A6B0A24
(20.964615) can0 174#F57F00002D6B0B55
(20.964743) can0 178#0B80082720950BB5
(20.964847) can0 17C#000000007A870BB2
(20.974872) can0 290#0010000000000000
(20.975001) can0 120#00000010000000B0
(20.975105) can0 121#00000000000000A0
(20.975209) can0 129#00000000000000A0
(20.985099) can0 174#F57F00001C6B0DBC
(20.985227) can0 178#FD7F012012950D4A
(20.985331) can0 17C#0000000066870DEE
(20.995342) can0 290#0010000000000000
(20.995434) can0 129#00000000000000C0
(20.995551) can0 174#F57F0000156B0E18
(20.995655) can0 178#FA7F000016950EC5
(21.005586) can0 178#F87F01121D950F8A
(21.005713) can0 17C#000000003F870F2F
(21.005816) can0 290#0040000000000000
(21.015828) can0 12B#0000000000013F77
(21.015919) can0 178#FA7F020F269500F7
(21.016027) can0 17C#000000003F870094
(21.016131) can0 290#0040000000000000
(21.016203) can0 290#0040000000000000
(21.016275) can0 12B#0000000000014F77
(21.026071) can0 541#0280000000000000
(21.026163) can0 120#0000001000000050
(21.026271) can0 121#0000000000000040
(21.026374) can0 290#0020000000000000
(21.036314) can0 12B#0000000000013F77
(21.036442) can0 128#1388030000EC7882
(21.036553) can0 12E#0000000000000080
(21.046558) can0 450#0000000000000000
(21.046651) can0 290#0040000000000000
(21.046759) can0 12B#0000000000013F77
(21.046831) can0 290#0040000000000000
(21.046903) can0 12B#0000000000014F77
(21.047007) can0 128#1388030000EC78A2
(21.056800) can0 12E#00000000000000A0
(21.056928) can0 290#0030000000000000
(21.057033) can0 12B#0000000000013F77
(21.067045) can0 120#0000001000000090
(21.067173) can0 121#0000000000000080
(21.067277) can0 129#0000000000000080
(21.067379) can0 290#0020000000000000
(21.077302) can0 12B#0000000000013F77
(21.077401) can0 128#1388030000EC78C2
(21.077508) can0 290#0030000000000000
(21.077629) can0 12B#0000000000013F78
(21.087537) can0 12A#1228012000000000
(21.087627) can0 290#0020000000000000
(21.087736) can0 12B#0000000000014F77
(21.087840) can0 128#1388030000EC7822
(21.097777) can0 290#0030000000000000
(21.097906) can0 12B#0000000000013F77
(21.098018) can0 120#00000010000000D0
(21.108015) can0 290#0030000000000000
(21.108115) can0 12B#0000000000014F77
(21.108223) can0 128#1388030000EC7842
(21.108335) can0 290#0010000000000000
(21.118257) can0 12B#0000000000013F77
(21.118394) can0 541#0280000000000000
(21.118467) can0 120#0000001000000030
(21.118587) can0 290#0040000000000000
(21.128500) can0 12B#0000000000013F77
(21.128603) can0 128#1388030000EC7862
(21.128711) can0 290#0030000000000000
(21.128816) can0 12B#0000000000014F77
(21.138743) can0 120#0000001000000050
(21.138874) can0 121#0000000000000040
(21.138978) can0 12B#0000000000013F78
(21.148986) can0 128#1388030000EC7882
(21.149113) can0 12E#0000000000000080
(21.149218) can0 174#EC7F0000286B0F9E
(21.159229) can0 120#0000001000000070
(21.159363) can0 121#0000000000000060
(21.159467) can0 129#0000000000000060
(21.169486) can0 174#F57F0000306B0007
(21.169622) can0 12E#00000000000000A0
(21.169727) can0 174#FA7F0000396B01C5
(21.169831) can0 178#FD7F01282F9501E7
(21.179715) can0 550#1000000000000090
(21.179844) can0 120#0000001000000090
(21.179955) can0 121#0000000000000080
(21.189958) can0 174#EF7F00003C6B03FB
(21.190086) can0 178#11800321239503A0
(21.190190) can0 17C#0000000048870371
(21.200201) can0 120#00000010000000B0
(21.200329) can0 121#00000000000000A0
(21.200433) can0 129#00000000000000A0
(21.210452) can0 540#02000000100000E5
(21.210553) can0 174#F57F00002D6B05F3
(21.210668) can0 178#F87F05232C9505B8
(21.210773) can0 17C#000000005C870521
(21.220687) can0 541#0280000000000000
(21.220780) can0 120#00000010000000D0
(21.220891) can0 121#00000000000000C0
(21.220996) can0 550#10000000000000B0
(21.230935) can0 300#0F00000000000000
(21.231027) can0 174#03800000286B0733
(21.231136) can0 120#0000001000000030
(21.231240) can0 121#0000000000000020
(21.241173) can0 129#0000000000000020
(21.241301) can0 174#008000002D6B08E6
(21.241405) can0 174#FA7F0000316B0921
(21.251416) can0 178#0080092028950928
(21.251560) can0 17C#000000004D87092A
(21.251665) can0 290#0030000000000000
(21.251745) can0 120#0000001000000050
(21.261662) can0 121#0000000000000040
(21.261789) can0 129#0000000000000040
(21.261910) can0 174#F87F0000366B0A36
(21.262018) can0 174#FA7F0000386B0B98
(21.271920) can0 178#1C800B291A950BEE
(21.272047) can0 17C#000000004A870B9A
(21.272152) can0 120#0000001000000070
(21.282145) can0 121#0000000000000060
(21.282279) can0 129#0000000000000060
(21.282384) can0 174#F27F0000366B0D0D
(21.292388) can0 178#0680000023950D58
(21.292516) can0 17C#000000005E870DCA
(21.292629) can0 120#0000001000000090
(21.302631) can0 121#0000000000000080
(21.302765) can0 129#0000000000000080
(21.302872) can0 540#02000000100000E5
(21.302955) can0 174#F27F0000336B0FBE
(21.312876) can0 178#1180000025950F50
(21.313004) can0 17C#0000000069870F52
(21.313109) can0 541#0280000000000000
(21.313182) can0 120#00000010000000B0
(21.323116) can0 121#00000000000000A0
(21.323244) can0 129#00000000000000A0
(21.323349) can0 300#0F00000000000000
(21.323422) can0 174#FA7F0000366B0143
(21.333359) can0 178#168002222695014D
(21.333487) can0 17C#00000000478701CD
(21.333600) can0 450#0000000000000000
(21.333673) can0 120#00000010000000D0
(21.343604) can0 121#00000000000000C0
(21.343732) can0 129#00000000000000C0
(21.343843) can0 174#FD7F0000366B02EA
(21.353845) can0 174#FA7F00002D6B03E1
(21.353973) can0 178#168004252F950361
(21.354077) can0 17C#000000002E870324
(21.364102) can0 290#0020000000000000
(21.364231) can0 120#0000001000000030
(21.364335) can0 121#0000000000000020
(21.364439) can0 129#0000000000000020
(21.374340) can0 174#FA7F0000226B0434
(21.374468) can0 178#1C8005202C95046F
(21.374580) can0 174#FA7F00001F6B0584
(21.384576) can0 178#1680062126950536
(21.384703) can0 17C#000000001B8705CB
(21.384808) can0 120#0000001000000050
(21.394817) can0 121#0000000000000040
(21.394945) can0 129#0000000000000040
(21.395050) can0 174#F87F00001D6B0707
(21.405060) can0 178#0B80082023950751
(21.405188) can0 17C#0000000032870742
(21.405293) can0 290#0040000000000000
(21.415303) can0 129#0000000000000060
(21.415431) can0 174#F57F0000276B087D
(21.415544) can0 178#0B800925209508DF
(21.425554) can0 17C#000000003C8708F0
(21.425682) can0 178#14800A292095094B
(21.425786) can0 17C#000000003F870961
(21.435789) can0 290#0020000000000000
(21.435924) can0 178#1680000023950AB2
(21.436029) can0 17C#0000000042870A8B
(21.446032) can0 290#0030000000000000
(21.446161) can0 12B#0000000000013F78
(21.446233) can0 128#1388030000EC78C2
(21.446336) can0 12E#00000000000000C0
(21.456278) can0 450#0000000000000000
(21.456371) can0 290#0010000000000000
(21.456480) can0 12B#0000000000013F77
(21.456593) can0 290#0040000000000000
(21.456696) can0 12B#0000000000014F78
(21.466542) can0 128#1388030000EC7822
(21.466669) can0 12E#0000000000000020
(21.466774) can0 290#0030000000000000
(21.476761) can0 12B#0000000000013F77
(21.476895) can0 120#00000010000000D0
(21.476999) can0 290#0040000000000000
(21.487004) can0 12B#0000000000013F78
(21.487132) can0 128#1388030000EC7842
(21.487235) can0 12E#0000000000000040
(21.497254) can0 290#0030000000000000
(21.497383) can0 12B#0000000000014F77
(21.497496) can0 12A#1228012000000000
(21.497575) can0 290#0020000000000000
(21.507495) can0 12B#0000000000013F78
(21.507627) can0 128#1388030000EC7862
(21.507731) can0 290#0020000000000000
(21.507808) can0 12B#0000000000014F77
(21.517733) can0 120#0000001000000050
(21.517870) can0 290#0020000000000000
(21.517943) can0 12B#0000000000013F78
(21.518055) can0 128#1388030000EC7882
(21.527976) can0 12E#0000000000000080
(21.528112) can0 290#0020000000000000
(21.528185) can0 12B#0000000000013F77
(21.528298) can0 541#0280000000000000
(21.528371) can0 290#0020000000000000
(21.528443) can0 12B#0000000000014F77
(21.538219) can0 128#1388030000EC78A2
(21.538354) can0 290#0010000000000000
(21.538459) can0 12B#0000000000013F78
(21.548462) can0 120#0000001000000090
(21.548603) can0 121#0000000000000080
(21.548707) can0 290#0050000000000000
(21.558718) can0 12B#0000000000013F77
(21.558846) can0 128#1388030000EC78C2
(21.558950) can0 12E#00000000000000C0
(21.559055) can0 290#0010000000000000
(21.568948) can0 12B#0000000000014F77
(21.569076) can0 120#00000010000000B0
(21.569180) can0 121#00000000000000A0
(21.579190) can0 12B#0000000000013F78
(21.579319) can0 128#1388030000EC7822
(21.579422) can0 12E#0000000000000020
(21.589433) can0 12A#1228012000000000
(21.589538) can0 550#10000000000000D0
(21.589652) can0 120#00000010000000D0
(21.589756) can0 128#1388030000EC7842
(21.599676) can0 12E#0000000000000040
(21.599805) can0 174#EC7F0000276B0B6C
(21.599909) can0 120#0000001000000030
(21.609921) can0 121#0000000000000020
(21.610049) can0 129#0000000000000020
(21.610153) can0 174#EF7F0000286B0C5E
(21.620162) can0 540#02000000100000E6
(21.620295) can0 174#F87F0000276B0DF2
(21.620407) can0 178#1680012231950DFD
(21.630405) can0 541#0280000000000000
(21.630498) can0 120#0000001000000050
(21.630614) can0 121#0000000000000040
(21.630718) can0 550#1000000000000030
(21.640648) can0 300#0F00000000000000
(21.640741) can0 174#F57F0000276B0F2E
(21.640849) can0 120#0000001000000070
(21.640953) can0 121#0000000000000060
(21.650896) can0 129#0000000000000060
(21.651024) can0 174#EA7F0000276B0070
(21.651128) can0 174#E77F0000236B018D
(21.651231) can0 178#1680052323950152
(21.661150) can0 17C#0000000042870144
(21.661279) can0 290#0040000000000000
(21.661384) can0 120#0000001000000090
(21.671377) can0 121#0000000000000080
(21.671513) can0 129#0000000000000080
(21.671624) can0 174#E77F0000206B033B
(21.681624) can0 178#19800721299503C8
(21.681760) can0 17C#000000004287037E
(21.681870) can0 290#0010000000000000
(21.691867) can0 120#00000010000000B0
(21.691995) can0 121#00000000000000A0
(21.692099) can0 129#00000000000000A0
(21.702106) can0 174#F27F0000286B05F4
(21.702241) can0 178#0E80000031950579
(21.702346) can0 17C#000000001E870542
(21.712349) can0 120#00000010000000D0
(21.712476) can0 121#00000000000000C0
(21.712589) can0 129#00000000000000C0
(21.722593) can0 174#F57F0000276B06DB
(21.722721) can0 540#02000000100000E6
(21.722798) can0 174#F57F0000206B074C
(21.722910) can0 178#118000003C950723
(21.732835) can0 541#0280000000000000
(21.732927) can0 120#0000001000000030
(21.733035) can0 121#0000000000000020
(21.733140) can0 129#0000000000000020
(21.743078) can0 300#0F00000000000000
(21.743170) can0 174#00800000186B095A
(21.743279) can0 178#1680020F3F95093B
(21.743383) can0 120#0000001000000050
(21.753334) can0 121#0000000000000040
(21.753462) can0 129#0000000000000040
(21.753572) can0 174#008000001F6B0AF7
(21.753683) can0 178#1180030233950ABD
(21.763565) can0 17C#000000001C870AFA
(21.763694) can0 174#FA7F0000256B0B05
(21.763798) can0 178#118004052E950BC2
(21.773806) can0 17C#0000000024870BC3
(21.773935) can0 290#0000000000000000
(21.774041) can0 120#0000001000000070
(21.784049) can0 121#0000000000000060
(21.784177) can0 129#0000000000000060
(21.784282) can0 174#F57F00001F6B0D30
(21.794292) can0 178#008006143A950D1A
(21.794420) can0 17C#000000003C870D99
(21.794525) can0 290#0020000000000000
(21.804543) can0 12B#0000000000013F77
(21.804672) can0 12A#1228012000000000
(21.804743) can0 120#0000001000000090
(21.804847) can0 121#0000000000000080
(21.814778) can0 129#0000000000000080
(21.814907) can0 174#F57F00001F6B0F0A
(21.815011) can0 178#EC7F08022F950F49
(21.825021) can0 17C#0000000048870FED
(21.825150) can0 290#0030000000000000
(21.825255) can0 120#00000010000000B0
(21.835264) can0 121#00000000000000A0
(21.835392) can0 129#00000000000000A0
(21.835497) can0 174#F57F0000286B0013
(21.845510) can0 174#F27F0000306B0194
(21.845651) can0 178#F57F0A13239501BF
(21.845757) can0 17C#000000004A870148
(21.845862) can0 290#0010000000000000
(21.855766) can0 129#00000000000000C0
(21.855897) can0 174#EF7F0000306B02EC
(21.856001) can0 178#F87F0B0325950234
(21.865993) can0 174#F57F00002A6B0337
(21.866121) can0 178#EC7F0C08239503D1
(21.866225) can0 17C#000000004D8703F8
(21.876236) can0 450#0000000000000000
(21.876329) can0 178#E47F0D2F1B9504A0
(21.876437) can0 17C#000000005E87043F
(21.876550) can0 290#0020000000000000
(21.886479) can0 12B#0000000000014F78
(21.886623) can0 17C#0000000066870506
(21.886728) can0 290#0020000000000000
(21.886800) can0 12B#0000000000013F78
(21.896722) can0 120#0000001000000050
(21.896850) can0 290#0050000000000000
(21.896955) can0 12B#0000000000013F77
(21.906965) can0 128#1388030000EC7882
(21.907092) can0 290#0010000000000000
(21.907197) can0 12B#0000000000014F78
(21.917208) can0 12A#1228012000000000
(21.917307) can0 450#0000000000000000
(21.917380) can0 290#0030000000000000
(21.917489) can0 12B#0000000000013F78
(21.917614) can0 290#0010000000000000
(21.927451) can0 12B#0000000000014F77
(21.927584) can0 120#0000001000000090
(21.927688) can0 121#0000000000000080
(21.937694) can0 290#0020000000000000
(21.937831) can0 12B#0000000000013F78
(21.937936) can0 128#1388030000EC78C2
(21.947951) can0 290#0050000000000000
(21.948089) can0 12B#0000000000013F78
(21.948160) can0 541#0280000000000000
(21.948233) can0 290#0020000000000000
(21.948347) can0 12B#0000000000014F78
(21.948451) can0 128#1388030000EC7822
(21.958180) can0 290#0030000000000000
(21.958315) can0 12B#0000000000013F77
(21.958420) can0 120#00000010000000D0
(21.968423) can0 121#00000000000000C0
(21.968565) can0 290#0010000000000000
(21.968670) can0 12B#0000000000013F78
(21.978666) can0 128#1388030000EC7842
(21.978793) can0 12E#0000000000000040
(21.978866) can0 290#0020000000000000
(21.978971) can0 12B#0000000000014F78
(21.988911) can0 120#0000001000000030
(21.989039) can0 121#0000000000000020
(21.989143) can0 290#0050000000000000
(21.999151) can0 12B#0000000000013F78
(21.999280) can0 128#1388030000EC7862
(21.999390) can0 290#0010000000000000
(22.009394) can0 12B#0000000000014F78
(22.009521) can0 12A#1228012000000000
(22.009599) can0 550#1000000000000050
(22.009704) can0 290#0010000000000000
(22.009775) can0 12B#0000000000013F78
(22.019637) can0 128#1388030000EC7882
(22.019764) can0 12E#0000000000000080
(22.019871) can0 120#0000001000000070
(22.029884) can0 121#0000000000000060
(22.030011) can0 129#0000000000000060
(22.030115) can0 128#1388030000EC78A2
(22.040126) can0 12E#00000000000000A0
(22.040254) can0 540#02000000100000E6
(22.040330) can0 541#0280000000000000
(22.040411) can0 120#0000001000000090
(22.040514) can0 121#0000000000000080
(22.040622) can0 12A#1228012000000000
(22.040693) can0 12C#0000000000000000
(22.040765) can0 5A0#00692000000000C9
(22.050382) can0 550#1000000000000070
(22.050511) can0 120#00000010000000B0
(22.050623) can0 121#00000000000000A0
(22.060611) can0 129#00000000000000A0
(22.060738) can0 174#F27F0000336B08ED
(22.060842) can0 174#FD7F0000366B0925
(22.070852) can0 178#FA7F01203C950989
(22.070985) can0 17C#000000004E8709A6
(22.071091) can0 290#0020000000000000
(22.081095) can0 120#00000010000000D0
(22.081222) can0 121#00000000000000C0
(22.081326) can0 129#00000000000000C0
(22.091338) can0 174#00800000366B0A44
(22.091474) can0 174#00800000306B0B5C
(22.091586) can0 178#068003262E950B0E
(22.101582) can0 17C#000000002F870B43
(22.101719) can0 550#1000000000000090
(22.101824) can0 120#0000001000000030
(22.111824) can0 121#0000000000000020
(22.111960) can0 174#FA7F0000256B0D4B
(22.112064) can0 178#068005202B950DC1
(22.122067) can0 17C#0000000006870DBE
(22.122203) can0 290#0030000000000000
(22.122308) can0 120#0000001000000050
(22.132310) can0 121#0000000000000040
(22.132438) can0 129#0000000000000040
(22.132551) can0 540#02000000100000E6
(22.132627) can0 174#FA7F00001D6B0F55
(22.142568) can0 178#FD7F07212F950F21
(22.142695) can0 541#0280000000000000
(22.142768) can0 120#0000001000000070
(22.142875) can0 121#0000000000000060
(22.142979) can0 300#0F00000000000000
(22.143052) can0 174#FA7F0000206B015E
(22.152796) can0 178#0880092541950112
(22.152924) can0 120#0000001000000090
(22.153028) can0 121#0000000000000080
(22.163039) can0 129#0000000000000080
(22.163167) can0 174#FA7F0000316B03F3
(22.163271) can0 178#068000002B9503F2
(22.173282) can0 17C#00000000298703AE
(22.173410) can0 120#00000010000000B0
(22.173514) can0 121#00000000000000A0
(22.183525) can0 129#00000000000000A0
(22.183657) can0 174#EF7F0000316B0530
(22.183761) can0 178#F87F00002C950597
(22.193768) can0 17C#0000000069870580
(22.193897) can0 290#0020000000000000
(22.194003) can0 120#00000010000000D0
(22.204010) can0 121#00000000000000C0
(22.204138) can0 129#00000000000000C0
(22.204243) can0 174#EF7F0000316B0617
(22.214253) can0 178#F27F0120369506EF
(22.214381) can0 174#F27F00002E6B07CB
(22.214485) can0 178#F27F02213C9507DE
(22.224496) can0 17C#000000006A870736
(22.224633) can0 120#0000001000000030
(22.224737) can0 121#0000000000000020
(22.234742) can0 129#0000000000000020
(22.234874) can0 174#F57F0000226B09E9
(22.234978) can0 178#1480042F239509B8
(22.235087) can0 17C#000000004A8709A0
(22.244999) can0 120#0000001000000050
(22.245126) can0 121#0000000000000040
(22.245231) can0 129#0000000000000040
(22.255225) can0 174#EF7F0000286B0A10
(22.255353) can0 174#EF7F00002A6B0B0E
(22.255457) can0 178#038006240F950B7D
(22.265468) can0 17C#0000000050870B8D
(22.265605) can0 450#0000000000000000
(22.265678) can0 129#0000000000000060
(22.265782) can0 174#EF7F0000286B0C5E
(22.275711) can0 178#FD7F07261A950C53
(22.275839) can0 17C#000000005B870C5E
(22.275944) can0 174#EF7F0000276B0DC5
(22.285954) can0 178#0680082028950DE5
(22.286082) can0 17C#0000000056870DC6
(22.286187) can0 290#0020000000000000
(22.286259) can0 12B#0000000000013F77
(22.296197) can0 120#0000001000000090
(22.296325) can0 178#168009252F950E48
(22.296429) can0 17C#0000000047870E76
(22.306440) can0 290#0030000000000000
(22.306577) can0 17C#0000000038870FA5
(22.306682) can0 290#0000000000000000
(22.316683) can0 12B#0000000000014F78
(22.316811) can0 450#0000000000000000
(22.316885) can0 290#0030000000000000
(22.316990) can0 12B#0000000000013F78
(22.326928) can0 128#1388030000EC7822
(22.327055) can0 290#0040000000000000
(22.327161) can0 12B#0000000000014F77
(22.337183) can0 120#00000010000000D0
(22.337318) can0 290#0000000000000000
(22.337423) can0 12B#0000000000013F78
(22.337544) can0 128#1388030000EC7842
(22.347412) can0 290#0040000000000000
(22.347549) can0 12B#0000000000013F78
(22.347621) can0 541#0280000000000000
(22.347694) can0 120#0000001000000030
(22.347798) can0 290#0020000000000000
(22.357655) can0 12B#0000000000014F78
(22.357791) can0 128#1388030000EC7862
(22.357896) can0 290#0030000000000000
(22.367900) can0 12B#0000000000013F77
(22.368028) can0 120#0000001000000050
(22.368140) can0 290#0000000000000000
(22.378141) can0 12B#0000000000013F78
(22.378269) can0 128#1388030000EC7882
(22.378380) can0 290#0050000000000000
(22.388384) can0 12B#0000000000014F78
(22.388518) can0 120#0000001000000070
(22.388630) can0 121#0000000000000060
(22.398627) can0 290#0030000000000000
(22.398763) can0 12B#0000000000013F77
(22.398870) can0 128#1388030000EC78A2
(22.408872) can0 12E#00000000000000A0
(22.408964) can0 290#0050000000000000
(22.409073) can0 12B#0000000000014F78
(22.409177) can0 12A#1228012000000000
(22.409249) can0 550#1000000000000090
(22.409330) can0 290#0030000000000000
(22.419113) can0 12B#0000000000013F77
(22.419241) can0 128#1388030000EC78C2
(22.419344) can0 290#0040000000000000
(22.429358) can0 12B#0000000000013F78
(22.429486) can0 120#00000010000000B0
(22.429598) can0 290#0020000000000000
(22.429702) can0 12B#0000000000014F77
(22.439616) can0 128#1388030000EC7822
(22.439743) can0 541#0280000000000000
(22.439816) can0 120#00000010000000D0
(22.439920) can0 121#00000000000000C0
(22.449841) can0 128#1388030000EC7842
(22.449968) can0 12E#0000000000000040
(22.450073) can0 12A#1228012000000000
(22.450145) can0 120#0000001000000030
(22.460084) can0 121#0000000000000020
(22.460212) can0 129#0000000000000020
(22.460317) can0 174#FA7F00002A6B0151
(22.470327) can0 178#06800112259501A9
(22.470455) can0 17C#000000002E87011E
(22.470568) can0 290#0040000000000000
(22.480572) can0 120#0000001000000050
(22.480699) can0 121#0000000000000040
(22.480804) can0 129#0000000000000040
(22.490813) can0 174#EF7F0000316B0263
(22.490942) can0 174#EC7F0000356B039F
(22.491046) can0 178#198003021B9503A6
(22.501056) can0 17C#000000001587038C
(22.501185) can0 290#0030000000000000
(22.501290) can0 550#10000000000000D0
(22.511299) can0 120#0000001000000070
(22.511427) can0 121#0000000000000060
(22.511539) can0 129#0000000000000060
(22.521550) can0 174#EC7F0000306B0558
(22.521678) can0 178#06800512269505E4
(22.521788) can0 17C#000000001F8705CD
(22.531804) can0 120#0000001000000090
(22.531932) can0 121#0000000000000080
(22.532036) can0 129#0000000000000080
(22.532141) can0 540#02000000100000E6
(22.532217) can0 174#FD7F0000236B0712
(22.542028) can0 178#0080072F2B95077C
(22.542164) can0 541#0280000000000000
(22.542237) can0 120#00000010000000B0
(22.542341) can0 121#00000000000000A0
(22.552271) can0 300#0F00000000000000
(22.552364) can0 174#038000002B6B0919
(22.552472) can0 178#0B80090F3A950924
(22.552591) can0 17C#000000003787096D
(22.562514) can0 120#00000010000000D0
(22.562654) can0 121#00000000000000C0
(22.562758) can0 129#00000000000000C0
(22.572757) can0 174#F57F00002D6B0B55
(22.572888) can0 178#03800B0331950B4A
(22.572992) can0 17C#000000002C870BCF
(22.583000) can0 120#0000001000000030
(22.583127) can0 121#0000000000000020
(22.583232) can0 129#0000000000000020
(22.593243) can0 174#EA7F0000206B0D7B
(22.593370) can0 178#E77F0D2F29950D99
(22.593475) can0 17C#000000003D870D16
(22.603486) can0 290#0040000000000000
(22.603623) can0 120#0000001000000050
(22.603727) can0 121#0000000000000040
(22.613729) can0 129#0000000000000040
(22.613857) can0 174#F57F00001A6B0F83
(22.613962) can0 178#00800F0D3C950F1C
(22.623974) can0 17C#000000003F870F2F
(22.624103) can0 120#0000001000000070
(22.624207) can0 121#0000000000000060
(22.624309) can0 129#0000000000000060
(22.634231) can0 174#FA7F0000236B00CF
(22.634358) can0 540#02000000100000E6
(22.634435) can0 174#F57F00002D6B0187
(22.634556) can0 178#118001082F95010F
(22.644458) can0 17C#0000000024870111
(22.644594) can0 541#0280000000000000
(22.644667) can0 120#0000001000000090
(22.644771) can0 121#0000000000000080
(22.654700) can0 300#0F00000000000000
(22.654793) can0 174#F57F0000306B0320
(22.654902) can0 178#14800128209503CD
(22.655006) can0 120#00000010000000B0
(22.664944) can0 121#00000000000000A0
(22.665072) can0 129#00000000000000A0
(22.665176) can0 174#FA7F00002B6B04B7
(22.675186) can0 178#1C800220219504E1
(22.675314) can0 174#FA7F00002B6B05AA
(22.675418) can0 178#22800321299505D0
(22.685429) can0 17C#00000000378705F1
(22.685566) can0 129#00000000000000C0
(22.685671) can0 174#F57F00002E6B0658
(22.695672) can0 178#1F800423339506FC
(22.695800) can0 174#EC7F00002D6B07FF
(22.695905) can0 178#118005233395078A
(22.705917) can0 17C#0000000047870783
(22.706045) can0 290#0010000000000000
(22.706151) can0 12B#0000000000014F77
(22.706223) can0 12A#1228012000000000
(22.706294) can0 178#0380062233950811
(22.716158) can0 17C#00000000408708B2
(22.716287) can0 450#0000000000000000
(22.716364) can0 17C#000000003C8709ED
(22.716483) can0 290#0050000000000000
(22.726415) can0 12B#0000000000014F77
(22.726506) can0 290#0020000000000000
(22.726624) can0 12B#0000000000013F77
(22.726728) can0 128#1388030000EC7882
(22.726832) can0 12E#0000000000000080
(22.736644) can0 290#0000000000000000
(22.736773) can0 12B#0000000000013F78
(22.736880) can0 541#0280000000000000
(22.736953) can0 290#0000000000000000
(22.737026) can0 12B#0000000000014F77
(22.746889) can0 128#1388030000EC78A2
(22.747016) can0 290#0030000000000000
(22.747122) can0 12B#0000000000013F77
(22.757130) can0 120#0000001000000090
(22.757266) can0 121#0000000000000080
(22.757370) can0 129#0000000000000080
(22.767373) can0 290#0030000000000000
(22.767465) can0 12B#0000000000013F78
(22.767582) can0 128#1388030000EC78C2
(22.767685) can0 290#0040000000000000
(22.777617) can0 12B#0000000000014F77
(22.777754) can0 120#00000010000000B0
(22.777859) can0 290#0010000000000000
(22.787861) can0 12B#0000000000013F78
(22.787989) can0 128#1388030000EC7822
(22.788101) can0 12E#0000000000000020
(22.798102) can0 174#FA7F0000256B01D7
(22.798238) can0 178#068000002B9501C8
(22.798342) can0 17C#000000001E870136
(22.808350) can0 290#0010000000000000
(22.808442) can0 12B#0000000000014F77
(22.808567) can0 12A#1228012000000000
(22.808639) can0 550#10000000000000D0
(22.808712) can0 290#0030000000000000
(22.808817) can0 12B#0000000000013F77
(22.818597) can0 128#1388030000EC7842
(22.818724) can0 290#0040000000000000
(22.818830) can0 12B#0000000000013F78
(22.818933) can0 120#0000001000000030
(22.828847) can0 290#0010000000000000
(22.828976) can0 12B#0000000000014F77
(22.829080) can0 128#1388030000EC7862
(22.839074) can0 290#0030000000000000
(22.839203) can0 12B#0000000000013F77
(22.839307) can0 541#0280000000000000
(22.839380) can0 290#0020000000000000
(22.849317) can0 12B#0000000000013F78
(22.849445) can0 128#1388030000EC7882
(22.849557) can0 12B#0000000000014F77
(22.859561) can0 120#0000001000000070
(22.859689) can0 121#0000000000000060
(22.859793) can0 128#1388030000EC78A2
(22.869802) can0 12E#00000000000000A0
(22.869937) can0 174#F27F0000306B097C
(22.870042) can0 120#0000001000000090
(22.880045) can0 121#0000000000000080
(22.880173) can0 129#0000000000000080
(22.880245) can0 174#EF7F00002D6B0A99
(22.880349) can0 174#EF7F00002A6B0B0E
(22.890288) can0 178#0E800A290F950B16
(22.890417) can0 17C#000000002A870BCA
(22.890521) can0 290#0010000000000000
(22.900539) can0 12B#0000000000013F77
(22.900667) can0 12A#1228012000000000
(22.900739) can0 550#1000000000000050
(22.900845) can0 120#00000010000000B0
(22.910774) can0 121#00000000000000A0
(22.910903) can0 174#EF7F00002A6B0D40
(22.911007) can0 178#0B80012023950D9E
(22.921031) can0 17C#0000000032870D90
(22.921159) can0 120#00000010000000D0
(22.921263) can0 121#00000000000000C0
(22.921368) can0 129#00000000000000C0
(22.931260) can0 540#02000000100000E6
(22.931357) can0 174#FA7F00002A6B0FF7
(22.931473) can0 178#0E8001203A950F0B
(22.931594) can0 120#0000001000000030
(22.941503) can0 121#0000000000000020
(22.941639) can0 129#0000000000000020
(22.941752) can0 550#1000000000000070
(22.951752) can0 300#0F00000000000000
(22.951844) can0 174#F57F0000236B018E
(22.951960) can0 120#0000001000000050
(22.952064) can0 121#0000000000000040
(22.961989) can0 129#0000000000000040
(22.962125) can0 174#F87F0000276B0354
(22.962229) can0 178#148005122F95032A
(22.972232) can0 17C#000000002F8703AB
(22.972360) can0 120#0000001000000070
(22.972464) can0 121#0000000000000060
(22.982480) can0 129#0000000000000060
(22.982617) can0 174#FA7F00002E6B043E
(22.982721) can0 174#038000002E6B050C
(22.992718) can0 178#008007262F950541
(22.992846) can0 17C#0000000038870577
(22.992951) can0 120#0000001000000090
(23.002966) can0 121#0000000000000080
(23.003093) can0 129#0000000000000080
(23.003204) can0 174#F87F00001D6B0707
(23.013207) can0 178#F57F0925369507D8
(23.013334) can0 17C#000000003D8707C4
(23.013438) can0 290#0020000000000000
(23.013550) can0 120#00000010000000B0
(23.023463) can0 121#00000000000000A0
(23.023598) can0 129#00000000000000A0
(23.023702) can0 540#02000000100000E6
(23.023779) can0 174#F27F0000186B0940
(23.033690) can0 178#0E8001253695099C
(23.033817) can0 17C#00000000188709DB
(23.033922) can0 120#00000010000000D0
(23.043934) can0 121#00000000000000C0
(23.044061) can0 129#00000000000000C0
(23.044165) can0 300#0F00000000000000
(23.044238) can0 174#F57F00001C6B0BF2
(23.054176) can0 178#0680032123950B7F
(23.054311) can0 120#0000001000000030
(23.054415) can0 121#0000000000000020
(23.064419) can0 129#0000000000000020
(23.064555) can0 174#F57F0000276B0C09
(23.064659) can0 174#F57F0000396B0D05
(23.074662) can0 178#0B80000025950DBB
(23.074789) can0 17C#0000000040870DDB
(23.074896) can0 120#0000001000000050
(23.084906) can0 121#0000000000000040
(23.085034) can0 129#0000000000000040
(23.085138) can0 174#F57F00003E6B0EA8
(23.095147) can0 174#FA7F0000366B0FE5
(23.095275) can0 178#FD7F01222C950F76
(23.095378) can0 17C#000000003F870F2F
(23.105390) can0 290#0010000000000000
(23.105519) can0 12B#0000000000014F78
(23.105632) can0 129#0000000000000060
(23.115647) can0 174#FA7F00002D6B00C6
(23.115775) can0 178#FA7F022029950053
(23.115890) can0 174#F57F0000226B0101
(23.115997) can0 178#0080033226950168
(23.125880) can0 17C#00000000458701CE
(23.126008) can0 178#03800420269502A1
(23.126112) can0 17C#00000000558702F1
(23.136119) can0 290#0050000000000000
(23.136248) can0 17C#000000005B8703E5
(23.136353) can0 290#0010000000000000
(23.146362) can0 12B#0000000000013F77
(23.146490) can0 17C#000000006087041E
(23.146603) can0 290#0040000000000000
(23.156607) can0 12B#0000000000014F78
(23.156735) can0 450#0000000000000000
(23.156808) can0 290#0000000000000000
(23.156913) can0 12B#0000000000013F78
(23.166848) can0 120#00000010000000D0
(23.166976) can0 121#00000000000000C0
(23.167080) can0 129#00000000000000C0
(23.177091) can0 290#0020000000000000
(23.177228) can0 12B#0000000000013F77
(23.177333) can0 128#1388030000EC7842
(23.187334) can0 290#0040000000000000
(23.187463) can0 12B#0000000000014F78
(23.187572) can0 120#0000001000000030
(23.197578) can0 121#0000000000000020
(23.197714) can0 290#0020000000000000
(23.197820) can0 12B#0000000000013F78
(23.207823) can0 128#1388030000EC7862
(23.207950) can0 12E#0000000000000060
(23.208063) can0 290#0010000000000000
(23.208167) can0 12B#0000000000014F77
(23.218084) can0 12A#1228012000000000
(23.218175) can0 550#1000000000000050
(23.218293) can0 290#0030000000000000
(23.218399) can0 12B#0000000000013F78
(23.228311) can0 128#1388030000EC7882
(23.228438) can0 290#0030000000000000
(23.228511) can0 12B#0000000000013F77
(23.228631) can0 120#0000001000000070
(23.238556) can0 290#0040000000000000
(23.238685) can0 12B#0000000000014F78
(23.238789) can0 128#1388030000EC78A2
(23.248792) can0 290#0040000000000000
(23.248884) can0 12B#0000000000013F78
(23.248993) can0 120#0000001000000090
(23.249096) can0 290#0040000000000000
(23.249169) can0 12B#0000000000013F77
(23.259035) can0 128#1388030000EC78C2
(23.259162) can0 290#0030000000000000
(23.259267) can0 12B#0000000000014F78
(23.269278) can0 120#00000010000000B0
(23.269405) can0 290#0000000000000000
(23.269511) can0 12B#0000000000013F78
(23.279521) can0 128#1388030000EC7822
(23.279661) can0 120#00000010000000D0
(23.279768) can0 121#00000000000000C0
(23.289764) can0 129#00000000000000C0
(23.289855) can0 174#FA7F0000366B0264
(23.289963) can0 178#FA7F090F2B950281
(23.290067) can0 128#1388030000EC7842
(23.300007) can0 12E#0000000000000040
(23.300135) can0 174#FA7F00002B6B03E4
(23.300239) can0 178#FD7F0A132C9503D1
(23.310263) can0 550#1000000000000090
(23.310392) can0 120#0000001000000030
(23.310496) can0 121#0000000000000020
(23.310609) can0 129#0000000000000020
(23.320492) can0 12E#0000000000000060
(23.320628) can0 174#F57F00002D6B05F3
(23.320732) can0 178#0B800C082B950504
(23.330735) can0 120#0000001000000050
(23.330865) can0 121#0000000000000040
(23.330969) can0 129#0000000000000040
(23.340978) can0 540#02000000100000E6
(23.341075) can0 174#F57F00003C6B075E
(23.341191) can0 178#16800E071E95077C
(23.341295) can0 120#0000001000000070
(23.351221) can0 121#0000000000000060
(23.351349) can0 129#0000000000000060
(23.351454) can0 550#10000000000000B0
(23.361464) can0 300#0F00000000000000
(23.361565) can0 174#00800000306B0966
(23.361673) can0 120#0000001000000090
(23.361784) can0 121#0000000000000080
(23.371714) can0 129#0000000000000080
(23.371843) can0 174#FA7F0000206B0B8C
(23.371947) can0 178#1680000036950B3E
(23.381956) can0 17C#0000000034870BDB
(23.382084) can0 290#0020000000000000
(23.382198) can0 120#00000010000000B0
(23.392193) can0 121#00000000000000A0
(23.392321) can0 129#00000000000000A0
(23.392426) can0 174#FA7F00001F6B0C71
(23.402444) can0 174#EF7F00001A6B0D68
(23.402579) can0 178#1680022033950D67
(23.402691) can0 17C#000000002E870D82
(23.402794) can0 290#0020000000000000
(23.402867) can0 120#00000010000000D0
(23.412695) can0 121#00000000000000C0
(23.412823) can0 129#00000000000000C0
(23.412928) can0 174#EC7F0000186B0EAB
(23.422924) can0 174#EA7F00001D6B0FEC
(23.423052) can0 178#068004231D950F06
(23.423156) can0 17C#000000004E870FE8
(23.433165) can0 120#0000001000000030
(23.433293) can0 121#0000000000000020
(23.433397) can0 129#0000000000000020
(23.443408) can0 540#02000000100000E6
(23.443504) can0 174#F87F00002D6B0161
(23.443628) can0 178#168006221D950150
(23.443732) can0 120#0000001000000050
(23.453651) can0 121#0000000000000040
(23.453779) can0 129#0000000000000040
(23.453889) can0 300#0F00000000000000
(23.453962) can0 174#FA7F00001C6B0346
(23.463896) can0 178#1C800823239503A8
(23.464023) can0 17C#00000000298703AE
(23.464128) can0 450#0000000000000000
(23.464201) can0 120#0000001000000070
(23.474137) can0 121#0000000000000060
(23.474265) can0 129#0000000000000060
(23.474369) can0 174#FA7F00001C6B0415
(23.484380) can0 174#FA7F0000236B05A6
(23.484507) can0 178#0B800A212995052D
(23.484620) can0 17C#000000003D8705FE
(23.494624) can0 290#0040000000000000
(23.494753) can0 12B#0000000000014F78
(23.494859) can0 120#0000001000000090
(23.504884) can0 121#0000000000000080
(23.505012) can0 129#0000000000000080
(23.505117) can0 174#FA7F0000306B0615
(23.505221) can0 178#06800B292B950619
(23.515109) can0 174#FA7F0000306B0708
(23.515236) can0 178#FD7F00002C950799
(23.515341) can0 17C#0000000048870705
(23.525351) can0 120#00000010000000B0
(23.525479) can0 121#00000000000000A0
(23.525592) can0 129#00000000000000A0
(23.535596) can0 174#FD7F0000236B09B4
(23.535724) can0 178#008000FF2E9509DC
(23.535828) can0 17C#0000000051870938
(23.545837) can0 290#0030000000000000
(23.545966) can0 129#00000000000000C0
(23.546071) can0 174#F87F0000256B0AA2
(23.556080) can0 178#118000002E950AB9
(23.556208) can0 174#F57F00002B6B0B50
(23.556312) can0 178#198001202B950BDF
(23.566323) can0 17C#0000000060870BA5
(23.566452) can0 174#F57F0000306B0C9B
(23.566564) can0 178#0B80022229950C15
(23.576568) can0 17C#000000005B870C5E
(23.576696) can0 17C#000000005B870D43
(23.576801) can0 450#0000000000000000
(23.576874) can0 290#0000000000000000
(23.586809) can0 12B#0000000000014F77
(23.586938) can0 120#0000001000000050
(23.587042) can0 121#0000000000000040
(23.597055) can0 290#0010000000000000
(23.597192) can0 12B#0000000000013F78
(23.597297) can0 128#1388030000EC7882
(23.597406) can0 12E#0000000000000080
(23.607311) can0 290#0030000000000000
(23.607448) can0 12B#0000000000013F78
(23.607520) can0 120#0000001000000070
(23.607632) can0 290#0030000000000000
(23.607709) can0 12B#0000000000013F77
(23.617546) can0 128#1388030000EC78A2
(23.617681) can0 12E#00000000000000A0
(23.617786) can0 290#0030000000000000
(23.617859) can0 12B#0000000000014F78
(23.627781) can0 12A#1228012000000000
(23.627873) can0 290#0040000000000000
(23.627982) can0 12B#0000000000013F77
(23.628094) can0 128#1388030000EC78C2
(23.638024) can0 290#0040000000000000
(23.638123) can0 12B#0000000000013F78
(23.638232) can0 120#00000010000000B0
(23.638344) can0 290#0030000000000000
(23.648275) can0 12B#0000000000013F77
(23.648403) can0 128#1388030000EC7822
(23.648507) can0 12E#0000000000000020
(23.658517) can0 290#0030000000000000
(23.658617) can0 12B#0000000000014F78
(23.658725) can0 120#00000010000000D0
(23.658829) can0 290#0030000000000000
(23.658902) can0 12B#0000000000013F77
(23.668753) can0 128#1388030000EC7842
(23.668882) can0 12E#0000000000000040
(23.668987) can0 290#0040000000000000
(23.678996) can0 12B#0000000000013F78
(23.679124) can0 120#0000001000000030
(23.679228) can0 290#0050000000000000
(23.689239) can0 12B#0000000000013F77
(23.689372) can0 128#1388030000EC7862
(23.689478) can0 12E#0000000000000060
(23.699495) can0 290#0040000000000000
(23.699632) can0 12B#0000000000014F78
(23.699737) can0 120#0000001000000050
(23.699841) can0 121#0000000000000040
(23.699912) can0 290#0040000000000000
(23.699985) can0 12B#0000000000013F77
(23.709725) can0 128#1388030000EC7882
(23.709852) can0 12A#1228012000000000
(23.709923) can0 550#10000000000000D0
(23.710029) can0 120#0000001000000070
(23.719968) can0 121#0000000000000060
(23.720096) can0 12B#0000000000013F77
(23.720167) can0 128#1388030000EC78A2
(23.720271) can0 12E#00000000000000A0
(23.730210) can0 120#0000001000000090
(23.730338) can0 121#0000000000000080
(23.730442) can0 129#0000000000000080
(23.740453) can0 540#02000000100000E6
(23.740558) can0 174#008000001C6B0F12
(23.740674) can0 178#1680082028950F66
(23.740778) can0 120#00000010000000B0
(23.750696) can0 121#00000000000000A0
(23.750824) can0 129#00000000000000A0
(23.750929) can0 5A0#00692000000000A9
(23.760940) can0 550#1000000000000030
(23.761069) can0 300#0F00000000000000
(23.761142) can0 120#00000010000000D0
(23.761252) can0 121#00000000000000C0
(23.771182) can0 129#00000000000000C0
(23.771311) can0 174#EF7F0000316B0263
(23.771415) can0 174#EA7F0000366B03C0
(23.781425) can0 178#F27F02392E950308
(23.781562) can0 17C#00000000598703E6
(23.781667) can0 290#0040000000000000
(23.781747) can0 120#0000001000000030
(23.791671) can0 121#0000000000000020
(23.791807) can0 129#0000000000000020
(23.791912) can0 174#F57F0000396B05ED
(23.792014) can0 178#1480042044950596
(23.801935) can0 17C#0000000042870530
(23.802063) can0 290#0040000000000000
(23.802144) can0 550#1000000000000050
(23.802249) can0 120#0000001000000050
(23.812154) can0 121#0000000000000040
(23.812282) can0 174#00800000366B07C5
(23.812387) can0 178#0B800000349507FE
(23.822397) can0 17C#00000000378707CB
(23.822542) can0 120#0000001000000070
(23.822645) can0 121#0000000000000060
(23.832640) can0 129#0000000000000060
(23.832769) can0 540#02000000100000E6
(23.832845) can0 174#EF7F00002D6B09BE
(23.832957) can0 178#FD7F0220269509AE
(23.842885) can0 120#0000001000000090
(23.843018) can0 121#0000000000000080
(23.843124) can0 129#0000000000000080
(23.853126) can0 300#0F00000000000000
(23.853219) can0 174#EF7F00001D6B0BAC
(23.853327) can0 178#0880042023950BE8
(23.853431) can0 120#00000010000000B0
(23.863369) can0 121#00000000000000A0
(23.863497) can0 129#00000000000000A0
(23.863609) can0 174#F87F0000206B0C65
(23.873613) can0 174#F87F0000226B0D7B
(23.873741) can0 178#068006322E950DF4
(23.873845) can0 17C#000000004A870DD4
(23.883855) can0 120#00000010000000D0
(23.883983) can0 121#00000000000000C0
(23.884087) can0 129#00000000000000C0
(23.894111) can0 174#F87F0000206B0F42
(23.894239) can0 178#F87F082726950F83
(23.894343) can0 17C#000000002C870FBB
(23.894448) can0 120#0000001000000030
(23.904346) can0 121#0000000000000020
(23.904474) can0 129#0000000000000020
(23.904587) can0 174#FD7F0000206B00CD
(23.914585) can0 174#00800000206B0196
(23.914713) can0 178#E17F01202F950179
(23.914817) can0 17C#0000000029870194
(23.924827) can0 120#0000001000000050
(23.924954) can0 121#0000000000000040
(23.925065) can0 129#0000000000000040
(23.935070) can0 174#FA7F00002A6B036B
(23.935197) can0 178#EC7F0112399503F0
(23.935301) can0 17C#00000000618703C2
(23.945313) can0 129#0000000000000060
(23.945441) can0 541#0280000000000000
(23.945514) can0 174#FA7F0000316B04A0
(23.945624) can0 174#FA7F0000336B05BE
(23.955557) can0 178#1480030231950531
(23.955685) can0 17C#00000000538705A7
(23.955790) can0 450#0000000000000000
(23.955864) can0 178#14800405299506FD
(23.965798) can0 17C#000000004B870694
(23.965927) can0 290#0020000000000000
(23.966033) can0 12B#0000000000014F77
(23.976041) can0 17C#0000000047870783
(23.976170) can0 290#0030000000000000
(23.976275) can0 12B#0000000000013F77
(23.986287) can0 120#00000010000000B0
(23.986422) can0 290#0030000000000000
(23.986495) can0 12B#0000000000013F77
(23.986575) can0 128#1388030000EC7822
(23.986678) can0 290#0010000000000000
(23.986782) can0 12B#0000000000013F77
(23.986854) can0 12A#1228012000000000
(23.986925) can0 550#10000000000000D0
(23.996551) can0 120#00000010000000D0
(23.996685) can0 450#0000000000000000
(23.996758) can0 290#0010000000000000
(23.996831) can0 12B#0000000000013F77
(23.996903) can0 290#0010000000000000
(23.996976) can0 12B#0000000000013F77
(23.997047) can0 120#0000001000000030
(23.997160) can0 290#0030000000000000
(24.006770) can0 12B#0000000000013F77
(24.006861) can0 128#1388030000EC7862
(24.006967) can0 290#0030000000000000
(24.007038) can0 12B#0000000000013F77
(24.007109) can0 120#0000001000000050
(24.007212) can0 121#0000000000000040
(24.007282) can0 290#0050000000000000
(24.017013) can0 12B#0000000000014F77
(24.017149) can0 128#1388030000EC7882
(24.017252) can0 290#0020000000000000
(24.027256) can0 12B#0000000000013F77
(24.027384) can0 120#0000001000000070
(24.027487) can0 121#0000000000000060
(24.037499) can0 290#0040000000000000
(24.037643) can0 12B#0000000000013F77
(24.037714) can0 128#1388030000EC78A2
(24.037817) can0 290#0030000000000000
(24.047742) can0 12B#0000000000013F77
(24.047833) can0 120#0000001000000090
(24.047941) can0 290#0030000000000000
(24.048013) can0 12B#0000000000013F77
(24.048091) can0 128#1388030000EC78C2
(24.048194) can0 12E#00000000000000C0
(24.057985) can0 290#0040000000000000
(24.058121) can0 12B#0000000000013F77
(24.058193) can0 12A#1228012000000000
(24.058270) can0 290#0000000000000000
(24.058382) can0 12B#0000000000013F77
(24.058455) can0 128#1388030000EC7822
(24.068228) can0 12E#0000000000000020
(24.068364) can0 120#00000010000000D0
(24.068468) can0 121#00000000000000C0
(24.078471) can0 129#00000000000000C0
(24.078614) can0 128#1388030000EC7842
(24.078717) can0 12E#0000000000000040
(24.088727) can0 540#02000000100000E6
(24.088823) can0 120#0000001000000030
(24.088939) can0 121#0000000000000020
(24.089043) can0 129#0000000000000020
(24.089147) can0 12A#1228012000000000
(24.089218) can0 12C#0000000000000000
(24.089290) can0 5A0#0069200000000069
(24.098957) can0 550#1000000000000070
(24.099086) can0 300#0F00000000000000
(24.099158) can0 120#0000001000000050
(24.099262) can0 121#0000000000000040
(24.109200) can0 129#0000000000000040
(24.109336) can0 174#F87F0000236B0BBA
(24.109440) can0 178#118007242B950B22
(24.119452) can0 17C#000000003C870BD7
(24.119585) can0 120#0000001000000070
(24.119689) can0 121#0000000000000060
(24.129686) can0 129#0000000000000060
(24.129814) can0 174#F57F0000396B0D05
(24.129925) can0 178#F87F092036950D3F
(24.139931) can0 17C#000000005E870DCA
(24.140059) can0 290#0020000000000000
(24.140165) can0 550#1000000000000090
(24.150172) can0 120#0000001000000090
(24.150299) can0 121#0000000000000080
(24.150403) can0 129#0000000000000080
(24.160415) can0 174#EC7F00002B6B0F12
(24.160551) can0 178#F87F0B2939950F56
(24.160655) can0 17C#000000002F870F37
(24.170658) can0 290#0030000000000000
(24.170786) can0 120#00000010000000B0
(24.170894) can0 121#00000000000000A0
(24.180905) can0 129#00000000000000A0
(24.181033) can0 540#02000000100000E6
(24.181109) can0 174#EC7F00001D6B0199
(24.181221) can0 178#FD7F00002F95015B
(24.181324) can0 120#00000010000000D0
(24.191159) can0 121#00000000000000C0
(24.191287) can0 129#00000000000000C0
(24.191392) can0 300#0F00000000000000
(24.191473) can0 174#F87F0000226B03DD
(24.201386) can0 178#008000002F950327
(24.201514) can0 17C#00000000438703F1
(24.201624) can0 120#0000001000000030
(24.211629) can0 121#0000000000000020
(24.211765) can0 129#0000000000000020
(24.211878) can0 174#FA7F0000236B05A6
(24.221875) can0 178#F87F022226950521
(24.222010) can0 17C#00000000518705A4
(24.222115) can0 120#0000001000000050
(24.232115) can0 121#0000000000000040
(24.232243) can0 129#0000000000000040
(24.232347) can0 174#EF7F0000206B079D
(24.242358) can0 178#038004252095071E
(24.242494) can0 17C#0000000040870709
(24.242607) can0 120#0000001000000070
(24.252603) can0 121#0000000000000060
(24.252730) can0 129#0000000000000060
(24.252835) can0 174#FA7F0000206B09B6
(24.262844) can0 178#118006211D95098C
(24.262972) can0 17C#00000000488709A3
(24.263076) can0 120#0000001000000090
(24.273087) can0 121#0000000000000080
(24.273215) can0 129#0000000000000080
(24.273319) can0 174#FD7F00001D6B0AB2
(24.283344) can0 174#008000001F6B0BEA
(24.283472) can0 178#FD7F08201E950B13
(24.283583) can0 17C#0000000069870B26
(24.283688) can0 120#00000010000000B0
(24.293574) can0 121#00000000000000A0
(24.293702) can0 129#00000000000000A0
(24.293807) can0 541#0280000000000000
(24.293880) can0 300#0F00000000000000
(24.293957) can0 174#FA7F0000206B0DC2
(24.303816) can0 178#00800A292C950DE5
(24.303944) can0 17C#0000000067870D61
(24.304049) can0 450#0000000000000000
(24.304122) can0 129#00000000000000C0
(24.314059) can0 174#F87F00001D6B0EF2
(24.314186) can0 178#068000003A950EE4
(24.314291) can0 17C#0000000072870ED7
(24.324302) can0 174#F57F0000176B0F06
(24.324430) can0 178#0B8001203E950F39
(24.324542) can0 17C#000000006C870FDB
(24.334552) can0 290#0010000000000000
(24.334681) can0 174#F57F0000176B00BD
(24.334785) can0 178#148000002E95005F
(24.344788) can0 17C#0000000050870042
(24.344917) can0 290#0040000000000000
(24.345022) can0 178#19800120109501A5
(24.355031) can0 17C#000000003287010C
(24.355159) can0 290#0030000000000000
(24.355264) can0 450#0000000000000000
(24.355337) can0 290#0020000000000000
(24.365274) can0 12B#0000000000013F77
(24.365365) can0 128#1388030000EC7882
(24.365472) can0 12E#0000000000000080
(24.365585) can0 290#0030000000000000
(24.375519) can0 12B#0000000000013F77
(24.375616) can0 120#0000001000000070
(24.375723) can0 290#0010000000000000
(24.375835) can0 12B#0000000000013F77
(24.375910) can0 128#1388030000EC78A2
(24.376014) can0 290#0030000000000000
(24.385776) can0 12B#0000000000013F77
(24.385867) can0 120#0000001000000090
(24.385975) can0 290#0040000000000000
(24.386080) can0 12B#0000000000013F77
(24.386152) can0 128#1388030000EC78C2
(24.396002) can0 12E#00000000000000C0
(24.396131) can0 12A#1228012000000000
(24.396202) can0 12C#0000000000000000
(24.396274) can0 290#0020000000000000
(24.396380) can0 12B#0000000000013F77
(24.396451) can0 120#00000010000000B0
(24.406245) can0 121#00000000000000A0
(24.406337) can0 290#0030000000000000
(24.406446) can0 12B#0000000000013F77
(24.406517) can0 128#1388030000EC7822
(24.406629) can0 12E#0000000000000020
(24.416488) can0 290#0010000000000000
(24.416625) can0 12B#0000000000013F77
(24.416697) can0 120#00000010000000D0
(24.416801) can0 290#0010000000000000
(24.416874) can0 12B#0000000000013F77
(24.416945) can0 128#1388030000EC7842
(24.426731) can0 12E#0000000000000040
(24.426861) can0 290#0020000000000000
(24.426966) can0 12B#0000000000013F77
(24.427038) can0 12A#1228012000000000
(24.427109) can0 290#0020000000000000
(24.427186) can0 12B#0000000000014F77
(24.436974) can0 128#1388030000EC7862
(24.437109) can0 12E#0000000000000060
(24.437214) can0 290#0020000000000000
(24.437295) can0 12B#0000000000013F77
(24.447217) can0 120#0000001000000050
(24.447345) can0 290#0020000000000000
(24.447417) can0 12B#0000000000013F77
(24.447489) can0 128#1388030000EC7882
(24.447601) can0 12E#0000000000000080
(24.457460) can0 12B#0000000000013F77
(24.457568) can0 120#0000001000000070
(24.457675) can0 121#0000000000000060
(24.457780) can0 129#0800000000000068
(24.467703) can0 128#1388030000EC78A2
(24.467830) can0 12E#00000000000000A0
(24.467935) can0 12A#1228012000000000
(24.468007) can0 12C#0000000000000000
(24.468087) can0 120#0000001000000090
(24.477960) can0 121#0000000000000080
(24.478096) can0 129#0800000000000088
(24.478201) can0 12E#00000000000000C0
(24.478313) can0 174#EC7F0000366B0313
(24.488189) can0 178#CB7F033229950397
(24.488323) can0 120#00000010000000B0
(24.488427) can0 121#00000000000000A0
(24.498441) can0 129#08000000000000A8
(24.498585) can0 174#F27F0000306B04FD
(24.498696) can0 174#F57F00002D6B05F3
(24.508675) can0 178#CE7F05232C9505BD
(24.508802) can0 17C#000000009B87050B
(24.508908) can0 550#10000000000000D0
(24.518919) can0 120#00000010000000D0
(24.519047) can0 121#00000000000000C0
(24.519151) can0 129#08000000000000C8
(24.529161) can0 174#00800000206B07D8
(24.529289) can0 178#DC7F07210D9507C8
(24.529393) can0 17C#000000005B870791
(24.539404) can0 120#0000001000000030
(24.539536) can0 121#0000000000000020
(24.539640) can0 129#0800000000000028
(24.549647) can0 540#02000000100000E6
(24.549743) can0 174#06800000186B0989
(24.549861) can0 178#D07F0000FD9409CD
(24.549965) can0 120#0000001000000050
(24.559892) can0 121#0000000000000040
(24.560020) can0 129#0800000000000048
(24.560124) can0 541#0280000000000000
(24.560197) can0 300#0F00000000000000
(24.560270) can0 174#F87F0000176B0B94
(24.570135) can0 178#E47F000005950B80
(24.570264) can0 120#0000001000000070
(24.570367) can0 121#0000000000000060
(24.570470) can0 129#0800000000000068
(24.580392) can0 174#E77F00001D6B0D30
(24.580525) can0 178#1980020F2C950D87
(24.580636) can0 17C#000000009C870D69
(24.590618) can0 120#0000001000000090
(24.590746) can0 121#0000000000000080
(24.590850) can0 129#0800000000000088
(24.600867) can0 174#EF7F00002E6B0F7C
(24.600995) can0 178#2A8004052E950F55
(24.601099) can0 17C#000000006A870FDE
(24.611105) can0 290#0040000000000000
(24.611233) can0 120#00000010000000B0
(24.611337) can0 121#00000000000000A0
(24.621348) can0 129#08000000000000A8
(24.621476) can0 174#EF7F0000396B0055
(24.621588) can0 174#EC7F00003C6B0126
(24.631592) can0 178#14800614139501E5
(24.631728) can0 17C#00000000198701BC
(24.631833) can0 120#00000010000000D0
(24.641833) can0 121#00000000000000C0
(24.641969) can0 129#08000000000000C8
(24.642074) can0 540#02000000100000E6
(24.642158) can0 174#EC7F0000366B0313
(24.652076) can0 178#198008022F950341
(24.652204) can0 17C#00000000238703A1
(24.652309) can0 290#0020000000000000
(24.662325) can0 12B#0000000000013F77
(24.662416) can0 120#0000001000000030
(24.662524) can0 121#0000000000000020
(24.662647) can0 129#0800000000000028
(24.672577) can0 541#0280000000000000
(24.672670) can0 174#F87F0000306B0495
(24.672778) can0 178#2280090F4595048B
(24.672885) can0 17C#00000000458704A7
(24.672990) can0 290#0020000000000000
(24.673062) can0 12B#0000000000013F77
(24.673134) can0 128#1388030000EC7862
(24.682805) can0 300#0F00000000000000
(24.682898) can0 174#038000002A6B050A
(24.683007) can0 178#27800A1352950579
(24.683111) can0 17C#00000000538705A7
(24.693048) can0 450#0000000000000000
(24.693141) can0 290#0000000000000000
(24.693250) can0 12B#0000000000013F77
(24.693322) can0 120#0000001000000050
(24.693426) can0 121#0000000000000040
(24.703291) can0 129#0800000000000048
(24.703419) can0 174#008000002A6B07D7
(24.703524) can0 178#2D800C0839950799
(24.713542) can0 17C#000000002687075C
(24.713670) can0 129#0800000000000068
(24.713775) can0 174#FA7F0000356B083A
(24.723777) can0 178#27800D2F2E95080C
(24.723905) can0 17C#00000000F886081A
(24.724010) can0 174#F87F0000366B0911
(24.734020) can0 178#27800E072B9509F0
(24.734148) can0 17C#00000000D686093E
(24.734259) can0 290#0030000000000000
(24.744263) can0 12B#0000000000013F77
(24.744354) can0 12A#1228012000000000
(24.744426) can0 174#EF7F0000316B0A8B
(24.744542) can0 178#27800F0D2C950A8C
(24.744646) can0 17C#00000000CD860A81
(24.754506) can0 450#0000000000000000
(24.754605) can0 290#0030000000000000
(24.754677) can0 12B#0000000000014F77
(24.754786) can0 178#1680000234950B1A
(24.754894) can0 17C#00000000E6860B2C
(24.764751) can0 290#0020000000000000
(24.764883) can0 17C#0000000010870CBE
(24.764988) can0 290#0030000000000000
(24.765091) can0 12B#0000000000013F77
(24.775008) can0 290#0010000000000000
(24.775137) can0 12B#0000000000013F77
(24.775208) can0 120#00000010000000D0
(24.775312) can0 121#00000000000000C0
(24.785235) can0 129#08000000000000C8
(24.785363) can0 541#0280000000000000
(24.785436) can0 174#EF7F00001F6B0EC6
(24.785548) can0 290#0020000000000000
(24.795478) can0 12B#0000000000013F77
(24.795577) can0 128#1388030000EC7842
(24.795684) can0 12E#0000000000000040
(24.795789) can0 450#0000000000000000
(24.795868) can0 290#0010000000000000
(24.805721) can0 12B#0000000000013F77
(24.805812) can0 290#0030000000000000
(24.805921) can0 12B#0000000000013F77
(24.805993) can0 128#1388030000EC7862
(24.806096) can0 290#0020000000000000
(24.815964) can0 12B#0000000000013F77
(24.816055) can0 120#0000001000000050
(24.816163) can0 290#0030000000000000
(24.816268) can0 12B#0000000000014F77
(24.826207) can0 128#1388030000EC7882
(24.826334) can0 290#0020000000000000
(24.826439) can0 12B#0000000000013F78
(24.836458) can0 12A#1228012000000000
(24.836558) can0 290#0040000000000000
(24.836667) can0 12B#0000000000013F77
(24.836771) can0 128#1388030000EC78A2
(24.846692) can0 290#0030000000000000
(24.846821) can0 12B#0000000000013F77
(24.846893) can0 120#0000001000000090
(24.846997) can0 290#0020000000000000
(24.856937) can0 12B#0000000000013F77
(24.857035) can0 128#1388030000EC78C2
(24.857142) can0 12E#00000000000000C0
(24.857256) can0 540#02000000100000E6
(24.857332) can0 290#0020000000000000
(24.857413) can0 12B#0000000000013F77
(24.857493) can0 120#00000010000000B0
(24.867192) can0 121#00000000000000A0
(24.867320) can0 290#0020000000000000
(24.867392) can0 12B#0000000000013F77
(24.867464) can0 128#1388030000EC7822
(24.867572) can0 290#0050000000000000
(24.867677) can0 12B#0000000000013F78
(24.877421) can0 120#00000010000000D0
(24.877565) can0 12B#0000000000014F77
(24.877669) can0 128#1388030000EC7842
(24.887664) can0 12E#0000000000000040
(24.887793) can0 120#0000001000000030
(24.887897) can0 121#0000000000000020
(24.897910) can0 129#0800000000000028
(24.898046) can0 12E#0000000000000060
(24.898151) can0 174#FA7F0000186B0DE6
(24.908150) can0 178#FA7F012005950D56
(24.908286) can0 550#1000000000000050
(24.908392) can0 120#0000001000000050
(24.918393) can0 121#0000000000000040
(24.918537) can0 174#008000000F6B0F86
(24.918642) can0 178#2780032613950FE5
(24.928636) can0 17C#0000000080870F41
(24.928765) can0 120#0000001000000070
(24.928871) can0 121#0000000000000060
(24.938884) can0 129#0800000000000068
(24.939012) can0 540#02000000100000E6
(24.939089) can0 174#EC7F0000306B012C
(24.939208) can0 178#49800520219501D0
(24.949122) can0 17C#00000000538701D3
(24.949250) can0 120#0000001000000090
(24.949354) can0 121#0000000000000080
(24.959373) can0 129#0800000000000088
(24.959501) can0 541#0280000000000000
(24.959582) can0 174#EF7F0000366B02E9
(24.959686) can0 550#1000000000000070
(24.959790) can0 300#0F00000000000000
(24.959864) can0 174#F27F0000336B0322
(24.969625) can0 178#4380072120950344
(24.969753) can0 120#00000010000000B0
(24.969858) can0 121#00000000000000A0
(24.979851) can0 129#08000000000000A8
(24.979979) can0 174#EF7F0000116B0500
(24.980083) can0 178#228009252995053D
(24.990094) can0 17C#0000000042870530
(24.990222) can0 120#00000010000000D0
(24.990326) can0 121#00000000000000C0
(25.000337) can0 129#08000000000000C8
(25.000463) can0 174#EC7F0000236B07F6
(25.000572) can0 178#2780000042950767
(25.010581) can0 17C#00000000238707D5
(25.010709) can0 120#0000001000000030
(25.010812) can0 121#0000000000000020
(25.020823) can0 129#0800000000000028
(25.020951) can0 174#F57F00002D6B0872
(25.021054) can0 174#FA7F00002B6B0936
(25.031066) can0 178#3E8000004D950971
(25.031193) can0 17C#0000000005870946
(25.031298) can0 290#0020000000000000
(25.041309) can0 120#0000001000000050
(25.041436) can0 121#0000000000000040
(25.041548) can0 129#0800000000000048
(25.051558) can0 174#F57F00002B6B0A4D
(25.051686) can0 178#3E80012045950A7A
(25.051797) can0 17C#0000000005870A61
(25.061815) can0 540#02000000100000E6
(25.061912) can0 174#EC7F00002E6B0BEF
(25.062027) can0 178#2D80022148950B9F
(25.062138) can0 17C#000000000A870BFA
(25.062243) can0 290#0040000000000000
(25.072037) can0 120#0000001000000070
(25.072165) can0 121#0000000000000060
(25.072268) can0 129#0800000000000068
(25.082280) can0 541#0280000000000000
(25.082372) can0 174#EC7F0000306B0CAD
(25.082488) can0 178#118003244D950C91
(25.082600) can0 300#0F00000000000000
(25.082673) can0 174#F57F0000356B0D0F
(25.092523) can0 178#0080042F50950DD8
(25.092656) can0 17C#0000000005870D32
(25.092761) can0 450#0000000000000000
(25.092833) can0 120#0000001000000090
(25.102766) can0 121#00000000000C008C
(25.102910) can0 129#0800000000000088
(25.103016) can0 174#FA7F00003B6B0E7D
(25.113009) can0 178#FA7F05124F950EE3
(25.113137) can0 17C#0000000006870E99
(25.113242) can0 174#FA7F00003C6B0FEA
(25.123252) can0 178#FD7F062442950F4D
(25.123380) can0 17C#000000000D870F04
(25.123485) can0 290#0040000000000000
(25.123565) can0 12B#0000000000013F78
(25.133495) can0 120#00000010000000B0
(25.133627) can0 121#00000000000C00AC
(25.133731) can0 129#08000000000000A8
(25.143738) can0 174#EF7F0000366B00D3
(25.143872) can0 178#068007263E95006C
(25.143976) can0 174#EC7F00002D6B01B1
(25.153984) can0 178#0680082042950126
(25.154112) can0 17C#0000000000870127
(25.154217) can0 290#0030000000000000
(25.154328) can0 12B#0000000000013F79
(25.164240) can0 129#08000000000000C8
(25.164368) can0 174#EF7F0000256B027D
(25.164472) can0 178#06800925429502B8
(25.174467) can0 17C#000000000387028C
(25.174604) can0 174#F57F00001F6B0396
(25.174708) can0 178#088000003C950361
(25.184710) can0 17C#000000001587038C
(25.184838) can0 290#0030000000000000
(25.184915) can0 12B#0000000000013F79
(25.184992) can0 174#F57F00001F6B04C5
(25.185096) can0 178#088001253E9504C2
(25.194953) can0 17C#00000000218704F1
(25.195081) can0 290#0030000000000000
(25.195154) can0 178#F87F0239459505FE
(25.195257) can0 17C#0000000026870566
(25.205196) can0 290#0010000000000000
(25.205325) can0 17C#00000000278706CE
(25.205429) can0 290#0020000000000000
(25.215439) can0 12B#0000000000014F79
(25.215572) can0 450#0000000000000000
(25.215645) can0 290#0000000000000000
(25.215751) can0 12B#0000000000013F79
(25.225682) can0 290#0010000000000000
(25.225811) can0 12B#0000000000013F79
(25.225883) can0 128#1388030000EC78A2
(25.225986) can0 290#0030000000000000
(25.235927) can0 12B#0000000000013F79
(25.236018) can0 120#0000001000000090
(25.236126) can0 290#0040000000000000
(25.236231) can0 12B#0000000000014F79
(25.246168) can0 128#1388030000EC78C2
(25.246295) can0 290#0040000000000000
(25.246367) can0 12B#0000000000013F79
(25.246471) can0 12A#1228012000000000
(25.246551) can0 550#1000000000000050
(25.256424) can0 290#0030000000000000
(25.256568) can0 12B#0000000000013F79
(25.256640) can0 128#1388030000EC7822
(25.256743) can0 12E#0000000000000020
(25.256848) can0 174#F87F0000306B0D60
(25.266654) can0 290#0020000000000000
(25.266783) can0 12B#0000000000013F79
(25.266855) can0 120#00000010000000D0
(25.266958) can0 121#00000000000C00CC
(25.276898) can0 290#0010000000000000
(25.277035) can0 12B#0000000000014F79
(25.277139) can0 128#1388030000EC7842
(25.287139) can0 290#0030000000000000
(25.287268) can0 12B#0000000000013F79
(25.287373) can0 120#0000001000000030
(25.297382) can0 290#0020000000000000
(25.297519) can0 12B#0000000000013F78
(25.297632) can0 128#1388030000EC7862
(25.307625) can0 290#0040000000000000
(25.307754) can0 12B#0000000000013F79
(25.307860) can0 120#0144001000000055
(25.317871) can0 290#0020000000000000
(25.318000) can0 12B#0000000000013F78
(25.318112) can0 128#1388030000EC7882
(25.328117) can0 12B#0000000000013F79
(25.328245) can0 120#0144001000000075
(25.328356) can0 121#00000000000C006C
(25.338354) can0 12B#0000000000013F78
(25.338482) can0 128#1388030000EC78A2
(25.338601) can0 12E#00000000000000A0
(25.348607) can0 174#FD7F0000466B05F1
(25.348734) can0 550#1000000000000090
(25.348846) can0 120#0144001000000095
(25.348951) can0 121#00000000000C008C
(25.358857) can0 12E#00000000000000C0
(25.358986) can0 174#EF7F0000576B075F
(25.359090) can0 178#DC7F0302E09407D4
(25.369083) can0 17C#000000000D8707EC
(25.369212) can0 120#01440010000000B5
(25.369315) can0 121#00000000000C00AC
(25.379326) can0 129#08000000000000A8
(25.379454) can0 174#EA7F00004A6B084D
(25.379566) can0 178#C07F040516950853
(25.389570) can0 17C#000000002F870864
(25.389699) can0 290#0020000000000000
(25.389771) can0 540#02014400000000E6
(25.389884) can0 174#EA7F0000286B0903
(25.399812) can0 178#D67F05126C9509D8
(25.399940) can0 17C#0000000067870915
(25.400045) can0 120#01440010000000D5
(25.410055) can0 121#00000000000C00CC
(25.410183) can0 129#08000000000000C8
(25.410288) can0 541#0280000000000000
(25.410360) can0 174#FA7F0000FF6A0AE3
(25.420298) can0 550#10000000000000B0
(25.420427) can0 300#0F00000000000000
(25.420500) can0 174#0B800000F56A0B0C
(25.420612) can0 120#0144001000000035
(25.430548) can0 121#00000000000C002C
(25.430681) can0 129#0800000000000028
(25.430790) can0 174#198000002D6B0DB9
(25.440784) can0 178#7880090F04950D9E
(25.440912) can0 17C#0000000013870D2F
(25.441017) can0 120#0144001000000055
(25.451040) can0 121#00000000000C004C
(25.451168) can0 129#0800000000000048
(25.451273) can0 174#D97F0000636B0F9C
(25.451377) can0 178#2A800B0372940F7E
(25.461270) can0 17C#0000000090860F15
(25.461398) can0 290#0010000000000000
(25.461503) can0 12B#0000000000013F79
(25.471518) can0 120#0144001000000075
(25.471652) can0 121#00000000000C006C
(25.471764) can0 129#0800000000000068
(25.481756) can0 174#BA7F0000396B0006
(25.481894) can0 178#F57F0C08EE9400A9
(25.481998) can0 174#C87F0000F56A014F
(25.491998) can0 178#D37F0D2FB195016E
(25.492126) can0 17C#000000003F870189
(25.492231) can0 290#0020000000000000
(25.502241) can0 120#0192001000000083
(25.502369) can0 121#00000000000C008C
(25.502481) can0 129#0800000000000088
(25.512484) can0 174#F27F0000C66A0272
(25.512620) can0 540#02019200000000E6
(25.512729) can0 174#1F800000CA6A039A
(25.522727) can0 178#0B800F0DDB9503AF
(25.522856) can0 17C#00000000D3870329
(25.522967) can0 120#01920010000000A3
(25.532970) can0 121#00000000000C00AC
(25.533098) can0 129#08000000000000A8
(25.533203) can0 541#0280000000000000
(25.533276) can0 174#2D800000FF6A0404
(25.543216) can0 300#0F00000000000000
(25.543309) can0 174#0E800000516B0524
(25.543417) can0 178#5780010898940558
(25.543521) can0 17C#00000000F786051D
(25.543632) can0 450#0000000000000000
(25.543705) can0 120#01840010000000D5
(25.553472) can0 121#00000000000C00CC
(25.553608) can0 129#08000000000000C8
(25.553713) can0 174#E17F0000946B066F
(25.563699) can0 174#CE7F0000AA6B0760
(25.563827) can0 178#00800128CA9407BA
(25.563931) can0 17C#0000000093860771
(25.573943) can0 120#0184001000000035
(25.574070) can0 121#00000000000C002C
(25.574174) can0 129#0800000000000028
(25.584185) can0 174#D97F0000846B08D5
(25.584313) can0 174#EF7F00003C6B0929
(25.584417) can0 178#C07F0321BE9509BD
(25.594428) can0 17C#0000000092870914
(25.594565) can0 290#0050000000000000
(25.594670) can0 120#0187001000000058
(25.604671) can0 121#00000000000C004C
(25.604804) can0 129#0800000000000048
(25.604910) can0 174#00800000F66A0AA8
(25.614916) can0 178#E77F0423D7950A84
(25.615043) can0 17C#00000000D6870A55
(25.615148) can0 450#0000000000000000
(25.615221) can0 174#06800000D56A0BDA
(25.625157) can0 178#27800523A8950B4B
(25.625285) can0 17C#000000009C870B27
(25.625389) can0 290#0030000000000000
(25.635400) can0 12B#0000000000013F79
(25.635491) can0 120#0187001000000078
(25.635607) can0 129#0800000000000068
(25.635711) can0 174#FD7F0000EB6A0C3D
(25.645656) can0 178#548006224C950C42
(25.645784) can0 174#EC7F00002A6B0DA7
(25.645894) can0 178#51800724E1940D51
(25.645998) can0 17C#0000000099860DAC
(25.655888) can0 174#E17F0000636B0E85
(25.656015) can0 178#24800823A1940EA2
(25.656119) can0 17C#0000000069860E03
(25.666129) can0 178#E77F0920A9940FF2
(25.666256) can0 17C#0000000098860F19
(25.666361) can0 450#0000000000000000
(25.666434) can0 17C#00000000058700B3
(25.676381) can0 290#0010000000000000
(25.676510) can0 12B#0000000000014F79
(25.676622) can0 290#0050000000000000
(25.686616) can0 12B#0000000000013F79
(25.686744) can0 120#01630010000000D4
(25.686848) can0 290#0030000000000000
(25.696859) can0 12B#0000000000013F79
(25.696958) can0 128#1388030000EC7842
(25.697065) can0 12E#0000000000000040
(25.697178) can0 290#0000000000000000
(25.707100) can0 12B#0000000000013F79
(25.707192) can0 12A#1328012000000000
(25.707300) can0 290#0020000000000000
(25.707413) can0 12B#0000000000014F79
(25.717343) can0 128#1388030000EC7862
(25.717478) can0 12E#0000000000000060
(25.717591) can0 174#148000003C6B0520
(25.727588) can0 178#68800000089505B0
(25.727716) can0 290#0000000000000000
(25.727822) can0 12B#0000000000013F79
(25.737832) can0 120#0173001000000044
(25.737959) can0 290#0030000000000000
(25.738073) can0 12B#0000000000013F79
(25.738145) can0 128#1388030000EC7882
(25.738246) can0 290#0050000000000000
(25.748094) can0 12B#0000000000013F79
(25.748185) can0 120#0173001000000064
(25.748299) can0 290#0030000000000000
(25.748405) can0 12B#0000000000013F79
(25.748476) can0 128#1388030000EC78A2
(25.758321) can0 290#0020000000000000
(25.758450) can0 12B#0000000000014F79
(25.758571) can0 120#0173001000000084
(25.768565) can0 290#0030000000000000
(25.768694) can0 12B#0000000000013F79
(25.768798) can0 128#1388030000EC78C2
(25.778801) can0 290#0040000000000000
(25.778930) can0 12B#0000000000013F78
(25.779035) can0 120#024C0010000000BE
(25.789044) can0 290#0030000000000000
(25.789173) can0 12B#0000000000013F78
(25.789245) can0 128#1388030000EC7822
(25.789348) can0 12B#0000000000014F79
(25.799287) can0 12A#1328012000000000
(25.799378) can0 550#10000000000000D0
(25.799488) can0 12B#0000000000013F78
(25.799600) can0 128#1388030000EC7842
(25.809538) can0 12E#0000000000000040
(25.809667) can0 174#C57F0000C46B0FE4
(25.809771) can0 178#22800A2902930F86
(25.819773) can0 120#02A5001000000037
(25.819904) can0 121#0026001A00080028
(25.820007) can0 129#0800000000000028
(25.830016) can0 12E#0000000000000060
(25.830144) can0 540#02033400000000E6
(25.830254) can0 174#4A7F0000EE6A01CC
(25.840272) can0 178#667F0120B495010E
(25.840406) can0 17C#000000001087013F
(25.840512) can0 120#03D0001000000043
(25.840623) can0 121#0027001A00080049
(25.850502) can0 129#0800000000000048
(25.850638) can0 541#0280000000000000
(25.850711) can0 12C#0000000000000000
(25.850783) can0 5A0#0069200000000049
(25.850895) can0 550#1000000000000030
(25.860745) can0 120#052900100000007E
(25.860874) can0 121#002A001A0008006C
(25.860978) can0 129#0800000000000068
(25.870988) can0 174#57800000236B0587
(25.871116) can0 178#B6800324DD9405B0
(25.871220) can0 17C#000000007487051D
(25.881231) can0 290#0040000000000000
(25.881360) can0 120#056D001000000082
(25.881463) can0 121#002B001A0008008D
(25.891481) can0 129#0800000000000088
(25.891617) can0 174#008000009C6B073A
(25.891730) can0 178#5C800512BD93073C
(25.901722) can0 17C#00000000F78507F3
(25.901850) can0 550#1000000000000050
(25.901964) can0 120#05CB0010000000A0
(25.911966) can0 121#002D001A000800AF
(25.912094) can0 129#08000000000000A8
(25.912198) can0 174#907F00008F6B0919
(25.922208) can0 178#777F07269894097C
(25.922341) can0 17C#00000000C0860923
(25.922455) can0 120#06C80010000000DE
(25.932448) can0 121#00280013000800C3
(25.932580) can0 129#08000000000000C8
(25.932684) can0 540#0206FD00000000E6
(25.932792) can0 174#C87F0000AE6A0B65
(25.942704) can0 178#857F0925E2960B26
(25.942832) can0 17C#000000007F880B98
(25.942937) can0 290#0030000000000000
(25.952933) can0 120#070E001000000025
(25.953060) can0 121#002600100008003E
(25.953164) can0 129#0800000000000028
(25.963174) can0 541#0280000000000000
(25.963267) can0 300#0F00000000000000
(25.963340) can0 174#78800000C96A0D8F
(25.963448) can0 178#628001251D960D86
(25.963560) can0 120#074A001000000041
(25.973417) can0 121#0026000E0008005C
(25.973553) can0 129#0800000000000048
(25.973657) can0 174#65800000336B0E3C
(25.983660) can0 174#F57F0000BD6B0FF9
(25.983788) can0 178#D280032124930F9B
(25.983896) can0 17C#0000000021860F72
(25.993905) can0 290#0020000000000000
(25.994034) can0 120#079F001000000076
(25.994137) can0 121#0025000C00080079
(26.004146) can0 129#0800000000000068
(26.004278) can0 174#827F0000D66B0014
(26.004391) can0 174#617F00006A6B011C
(26.014389) can0 178#C07F0000029501DE
(26.014517) can0 17C#000000002C860151
(26.014629) can0 290#0040000000000000
(26.024632) can0 12B#0000000000013F78
(26.024723) can0 120#07AC001000000083
(26.024830) can0 121#0023000B00080096
(26.024934) can0 129#0800000000000088
(26.034891) can0 174#A67F0000FE6A0258
(26.035018) can0 178#477F0000869602C4
(26.035122) can0 174#22800000A56A037C
(26.035226) can0 178#3C7F0122F996032D
(26.045118) can0 17C#000000005B880346
(26.045246) can0 290#0020000000000000
(26.045351) can0 120#07A50010000000BC
(26.055361) can0 121#0024000B000800B7
(26.055488) can0 129#08000000000000A8
(26.055600) can0 174#46800000EA6A050C
(26.065605) can0 178#498003328B940574
(26.065733) can0 17C#0000000042880593
(26.065837) can0 129#08000000000000C8
(26.075847) can0 541#0280000000000000
(26.075939) can0 174#DE7F00004C6B0651
(26.076047) can0 174#937F00006E6B0747
(26.076150) can0 178#B3800523AC9407EC
(26.086090) can0 17C#000000002C86071F
(26.086231) can0 174#A47F00007B6B0835
(26.086337) can0 178#2D800632859508B7
(26.096333) can0 17C#0000000019860805
(26.096461) can0 178#9B7F0721E695092E
(26.096572) can0 17C#00000000C58609AA
(26.106577) can0 290#0010000000000000
(26.106706) can0 17C#000000008A870A27
(26.106811) can0 290#0040000000000000
(26.116819) can0 12B#0000000000013F78
(26.116910) can0 290#0020000000000000
(26.117027) can0 12B#0000000000013F78
(26.117099) can0 12A#1328012000000000
(26.117170) can0 550#10000000000000D0
(26.117283) can0 450#0000000000000000
(26.117355) can0 290#0020000000000000
(26.117436) can0 12B#0000000000014F77
(26.127073) can0 290#0040000000000000
(26.127202) can0 12B#0000000000013F77
(26.127307) can0 120#0729001000000080
(26.127409) can0 290#0020000000000000
(26.137321) can0 12B#0000000000013F77
(26.137420) can0 128#1388030000EC78C2
(26.137535) can0 290#0020000000000000
(26.137607) can0 12B#0000000000014F77
(26.137712) can0 120#071A0010000000B1
(26.147555) can0 121#00250010000800BD
(26.147682) can0 290#0030000000000000
(26.147788) can0 12B#0000000000013F77
(26.157790) can0 128#1388030000EC7822
(26.157923) can0 290#0020000000000000
(26.158038) can0 12B#0000000000014F78
(26.168040) can0 120#070D0010000000C4
(26.168168) can0 121#00270010000800DF
(26.168280) can0 290#0010000000000000
(26.178282) can0 12B#0000000000013F77
(26.178410) can0 128#1388030000EC7842
(26.178522) can0 12E#0000000000000040
(26.188526) can0 290#0010000000000000
(26.188626) can0 12B#0000000000013F77
(26.188698) can0 120#06FF001000000035
(26.188805) can0 290#0030000000000000
(26.188911) can0 12B#0000000000014F78
(26.198762) can0 128#1388030000EC7862
(26.198895) can0 290#0020000000000000
(26.199000) can0 12B#0000000000013F77
(26.209006) can0 12A#1328012000000000
(26.209096) can0 550#1000000000000050
(26.209206) can0 290#0020000000000000
(26.209278) can0 12B#0000000000013F77
(26.209358) can0 128#1388030000EC7882
(26.209461) can0 12B#0000000000014F77
(26.219248) can0 120#06D700100000006D
(26.219375) can0 121#0028001200080062
(26.219479) can0 12B#0000000000013F77
(26.229505) can0 128#1388030000EC78A2
(26.229639) can0 12E#00000000000000A0
(26.229751) can0 120#06C400100000009A
(26.229858) can0 121#0027001300080082
(26.239734) can0 129#0800000000000088
(26.239864) can0 12E#00000000000000C0
(26.239968) can0 12A#1328012000000000
(26.240040) can0 12C#0000000000000000
(26.240112) can0 120#06B90010000000AF
(26.249977) can0 121#00270013000800A2
(26.250104) can0 129#08000000000000A8
(26.250209) can0 174#38800000EB6A0D62
(26.260220) can0 178#A47F000294960DB4
(26.260348) can0 17C#0000000005880D91
(26.260453) can0 120#06C20010000000D8
(26.270463) can0 121#00270013000800C2
(26.270598) can0 129#08000000000000C8
(26.270703) can0 174#76800000F06A0E02
(26.280706) can0 174#46800000116B0F9A
(26.280834) can0 178#6580000035940F65
(26.280938) can0 17C#000000009E870F50
(26.290949) can0 290#0010000000000000
(26.291078) can0 12B#0000000000013F77
(26.291150) can0 12A#1328012000000000
(26.291221) can0 550#1000000000000090
(26.291326) can0 120#06CE001000000024
(26.301192) can0 121#0028001200080022
(26.301319) can0 174#827F0000546B01CA
(26.301423) can0 178#6A800220AC94015A
(26.311435) can0 17C#000000004D86018E
(26.311571) can0 120#06DB001000000051
(26.311683) can0 121#0027001200080041
(26.321686) can0 129#0800000000000048
(26.321814) can0 540#0206D400000000E6
(26.321932) can0 174#EA7F0000406B038D
(26.322042) can0 178#9B7F04233096030C
(26.331938) can0 120#06CC001000000062
(26.332065) can0 121#0027001200080061
(26.332169) can0 129#0800000000000068
(26.342169) can0 300#0F00000000000000
(26.342261) can0 174#6A800000046B050D
(26.342370) can0 178#BD7F0622019505C4
(26.342482) can0 120#06BB001000000091
(26.352407) can0 121#0027001300080082
(26.352542) can0 129#0800000000000088
(26.352646) can0 174#278000000E6B061D
(26.362649) can0 174#C27F0000176B07B6
(26.362777) can0 178#6D8008233D9407D4
(26.362884) can0 17C#00000000D486079B
(26.372895) can0 120#06A60010000000BC
(26.373022) can0 121#00280014000800A4
(26.373126) can0 129#08000000000000A8
(26.383135) can0 174#8A7F0000126B0888
(26.383263) can0 174#A97F0000156B0997
(26.383367) can0 178#11800A21EE95094A
(26.393378) can0 17C#00000000C0860923
(26.393512) can0 290#0020000000000000
(26.393628) can0 120#069B0010000000D1
(26.403624) can0 121#00270014000800C3
(26.403752) can0 129#08000000000000C8
(26.403857) can0 174#5F800000556B0BBE
(26.413870) can0 178#AF7F0000CD950BC7
(26.413998) can0 17C#00000000D5870BC4
(26.414103) can0 290#0040000000000000
(26.424121) can0 120#06A600100000003C
(26.424248) can0 121#0027001400080023
(26.424352) can0 129#0800000000000028
(26.424456) can0 174#16800000386B0D74
(26.434350) can0 178#248000FF05940D52
(26.434478) can0 17C#000000005E870DCA
(26.434591) can0 120#06B3001000000049
(26.444595) can0 121#0027001300080042
(26.444722) can0 129#0800000000000048
(26.444826) can0 541#0280000000000000
(26.444900) can0 300#0F00000000000000
(26.444973) can0 174#6C7F0000146B0F1D
(26.454836) can0 178#438001203C950F36
(26.454964) can0 17C#00000000A7860FB7
(26.455068) can0 129#0800000000000068
(26.465079) can0 174#9E7F0000046B00AD
(26.465207) can0 178#0E80022217960048
(26.465311) can0 174#0B800000256B012A
(26.475322) can0 178#D97F032655960153
(26.475450) can0 17C#00000000778701E5
(26.475563) can0 174#6D8000002D6B0263
(26.485566) can0 178#CB7F0425E0950273
(26.485694) can0 17C#00000000C88702AC
(26.485799) can0 290#0030000000000000
(26.495808) can0 12B#0000000000014F77
(26.495936) can0 178#F27F05209D94030F
(26.496040) can0 17C#00000000A7870367
(26.506051) can0 290#0010000000000000
(26.506180) can0 12B#0000000000013F77
(26.506284) can0 12A#1328012000000000
(26.506355) can0 17C#000000001B8704D6
(26.516297) can0 450#0000000000000000
(26.516389) can0 290#0020000000000000
(26.516498) can0 290#0010000000000000
(26.516612) can0 12B#0000000000013F77
(26.516683) can0 120#06EE0010000000C4
(26.516785) can0 290#0020000000000000
(26.526560) can0 12B#0000000000013F77
(26.526651) can0 128#1388030000EC7842
(26.526759) can0 290#0030000000000000
(26.526870) can0 12B#0000000000014F77
(26.536780) can0 120#06EA001000000020
(26.536915) can0 121#002400110008003D
(26.537019) can0 290#0040000000000000
(26.547023) can0 12B#0000000000013F77
(26.547151) can0 128#1388030000EC7862
(26.547254) can0 12E#0000000000000060
(26.557266) can0 290#0030000000000000
(26.557409) can0 12B#0000000000014F77
(26.557514) can0 120#06DF001000000055
(26.567509) can0 290#0020000000000000
(26.567646) can0 12B#0000000000013F77
(26.567750) can0 128#1388030000EC7882
(26.577751) can0 290#0010000000000000
(26.577883) can0 12B#0000000000013F77
(26.577954) can0 120#06CB001000000061
(26.578066) can0 290#0020000000000000
(26.587994) can0 12B#0000000000013F77
(26.588092) can0 128#1388030000EC78A2
(26.588200) can0 12E#00000000000000A0
(26.588313) can0 290#0010000000000000
(26.598238) can0 12B#0000000000013F77
(26.598337) can0 12A#1328012000000000
(26.598408) can0 550#1000000000000090
(26.598481) can0 120#06BE001000000094
(26.598605) can0 290#0030000000000000
(26.598710) can0 12B#0000000000014F77
(26.608480) can0 128#1388030000EC78C2
(26.608622) can0 290#0040000000000000
(26.608727) can0 12B#0000000000013F77
(26.618737) can0 120#06BA0010000000B0
(26.618866) can0 290#0000000000000000
(26.618971) can0 12B#0000000000014F77
(26.619076) can0 128#1388030000EC7822
(26.628966) can0 12B#0000000000013F77
(26.629100) can0 120#06B50010000000CB
(26.629205) can0 121#00270013000800C2
(26.639209) can0 12B#0000000000013F77
(26.639300) can0 128#1388030000EC7842
(26.639408) can0 12E#0000000000000040
(26.639513) can0 120#06AA001000000020
(26.649452) can0 121#0026001400080022
(26.649584) can0 129#0800000000000028
(26.649688) can0 12E#0000000000000060
(26.659695) can0 174#BD7F00000E6B0543
(26.659823) can0 178#EF7F000068960512
(26.659928) can0 120#06A2001000000058
(26.669938) can0 121#0026001400080042
(26.670066) can0 129#0800000000000048
(26.670170) can0 174#38800000116B0666
(26.680181) can0 174#788000001A6B0725
(26.680309) can0 178#C57F02398D950758
(26.680413) can0 17C#00000000088807C6
(26.690424) can0 550#10000000000000D0
(26.690561) can0 120#069B001000000071
(26.690665) can0 121#0026001400080062
(26.700667) can0 174#E17F0000656B09D3
(26.700795) can0 178#78800420CE93097A
(26.700899) can0 17C#00000000488709A3
(26.710915) can0 290#0030000000000000
(26.711044) can0 12B#0000000000014F77
(26.711149) can0 120#0693001000000089
(26.711257) can0 121#0027001400080083
(26.721169) can0 129#0800000000000088
(26.721297) can0 540#02068F00000000E6
(26.721406) can0 174#857F00002D6B0B5D
(26.731396) can0 178#4E800000A6950B53
(26.731540) can0 120#06890010000000BF
(26.731643) can0 121#00270015000800A4
(26.741646) can0 129#08000000000000A8
(26.741774) can0 550#1000000000000030
(26.741891) can0 300#0F00000000000000
(26.741963) can0 174#438000000F6B0D85
(26.751884) can0 120#06850010000000DB
(26.752018) can0 121#00270015000800C4
(26.752122) can0 129#08000000000000C8
(26.762130) can0 174#4E800000176B0F4D
(26.762258) can0 178#0380042066940F0C
(26.762370) can0 17C#00000000B7870FE3
(26.772368) can0 290#0030000000000000
(26.772460) can0 120#068400100000003A
(26.772575) can0 121#0027001500080024
(26.772679) can0 129#0800000000000028
(26.782612) can0 174#DC7F00002A6B00F0
(26.782740) can0 174#777F0000306B0101
(26.782844) can0 178#688006327D940160
(26.792854) can0 17C#000000006C860131
(26.792982) can0 120#0682001000000058
(26.793086) can0 121#0027001500080044
(26.803097) can0 129#0800000000000048
(26.803233) can0 174#BD7F0000146B031A
(26.803337) can0 178#C87F082734960306
(26.813353) can0 17C#000000009486038F
(26.813481) can0 120#068700100000007D
(26.813593) can0 121#0026001500080063
(26.813697) can0 129#0800000000000068
(26.823584) can0 174#2A8000002B6B0478
(26.823712) can0 540#02068C00000000E6
(26.823821) can0 174#6D8000002E6B05BC
(26.833825) can0 178#AC7F0120979505D1
(26.833953) can0 120#0691000000000097
(26.834057) can0 121#0027001400080083
(26.844068) can0 129#0800000000000088
(26.844196) can0 300#0F00000000000000
(26.844269) can0 174#038000003C6B072D
(26.844374) can0 178#4E800112FC930765
(26.854311) can0 120#069D0000000000A3
(26.854447) can0 121#00270014000800A3
(26.854559) can0 129#08000000000000A8
(26.864556) can0 174#987F00003E6B08B1
(26.864683) can0 178#6280020F4B940845
(26.864788) can0 17C#00000000B58608FF
(26.874797) can0 290#0030000000000000
(26.874890) can0 12B#0000000000013F77
(26.874998) can0 174#717F0000336B09B6
(26.875102) can0 178#1C800302489509B4
(26.885040) can0 17C#00000000648609D5
(26.885169) can0 290#0040000000000000
(26.885274) can0 129#08000000000000C8
(26.895283) can0 174#B27F0000226B0A9E
(26.895411) can0 178#BA7F04051B960A58
(26.895515) can0 17C#000000009E860A75
(26.905537) can0 290#0050000000000000
(26.905666) can0 174#1C800000396B0BDD
(26.905770) can0 178#7A7F05123F960BB7
(26.905875) can0 17C#000000003F870B5B
(26.915785) can0 174#6A800000316B0C59
(26.915913) can0 178#857F0614CC950C16
(26.916017) can0 17C#00000000D0870C1E
(26.926012) can0 178#D37F072FB4940D94
(26.926139) can0 17C#00000000EB870DAB
(26.926244) can0 290#0030000000000000
(26.936255) can0 17C#000000005C870EEE
(26.936383) can0 290#0050000000000000
(26.936489) can0 12B#0000000000013F77
(26.936568) can0 290#0030000000000000
(26.946498) can0 12B#0000000000014F77
(26.946634) can0 120#06CC000000000072
(26.946738) can0 121#002500120008007F
(26.956741) can0 129#0800000000000068
(26.956879) can0 290#0020000000000000
(26.956985) can0 12B#0000000000013F77
(26.966984) can0 128#1388030000EC78A2
(26.967116) can0 450#0000000000000000
(26.967191) can0 290#0030000000000000
(26.967296) can0 12B#0000000000014F77
(26.977227) can0 120#06D600000000009C
(26.977362) can0 121#002500120008009F
(26.977466) can0 129#0800000000000088
(26.987470) can0 290#0020000000000000
(26.987606) can0 12B#0000000000013F77
(26.987711) can0 128#1388030000EC78C2
(26.997713) can0 290#0030000000000000
(26.997842) can0 12B#0000000000014F77
(26.997946) can0 120#06D70000000000BD
(27.007969) can0 121#00250012000800BF
(27.008103) can0 290#0040000000000000
(27.008207) can0 12B#0000000000014F77
(27.008286) can0 128#1388030000EC7822
(27.008388) can0 12E#0000000000000020
(27.018198) can0 174#068000002A6B053E
(27.018334) can0 290#0010000000000000
(27.018439) can0 12B#0000000000013F77
(27.028441) can0 12A#1328012000000000
(27.028547) can0 290#0030000000000000
(27.028656) can0 12B#0000000000013F77
(27.028727) can0 128#1388030000EC7842
(27.028830) can0 290#0040000000000000
(27.038684) can0 12B#0000000000014F77
(27.038812) can0 120#06D700000000003D
(27.038922) can0 290#0000000000000000
(27.048930) can0 12B#0000000000013F78
(27.049057) can0 128#1388030000EC7862
(27.049160) can0 290#0050000000000000
(27.059170) can0 12B#0000000000014F77
(27.059298) can0 120#06C800000000004E
(27.059409) can0 121#0026001300080041
(27.069413) can0 129#0800000000000048
(27.069549) can0 290#0030000000000000
(27.069654) can0 12B#0000000000013F77
(27.079656) can0 128#1388030000EC7882
(27.079783) can0 290#0050000000000000
(27.079894) can0 12B#0000000000014F78
(27.089901) can0 120#06B600000000007C
(27.090028) can0 12B#0000000000013F77
(27.090132) can0 128#1388030000EC78A2
(27.100145) can0 12E#00000000000000A0
(27.100273) can0 174#907F0000286B0D17
(27.100377) can0 120#06A1000000000087
(27.100480) can0 121#0026001400080082
(27.110401) can0 129#0800000000000088
(27.110536) can0 12E#00000000000000C0
(27.110641) can0 174#C27F0000E56A0F99
(27.120628) can0 178#FD7F072460960FC0
(27.120755) can0 17C#00000000D9860FF6
(27.120862) can0 550#1000000000000050
(27.130873) can0 120#068F0000000000B5
(27.131006) can0 121#00260015000800A3
(27.131113) can0 174#7E800000286B0193
(27.141114) can0 178#BA7F0920979501B8
(27.141241) can0 17C#00000000AE8701DE
(27.141346) can0 120#06900000000000D6
(27.151357) can0 121#00270014000800C3
(27.151493) can0 129#08000000000000C8
(27.151605) can0 540#02069000000000E6
(27.161601) can0 174#03800000466B031E
(27.161737) can0 178#5A800B29E0930339
(27.161849) can0 120#0690000000000036
(27.171843) can0 121#0026001400080022
(27.171970) can0 129#0800000000000028
(27.172075) can0 550#1000000000000070
(27.182086) can0 300#0F00000000000000
(27.182185) can0 174#777F0000226B056E
(27.182293) can0 120#0691000000000057
(27.182405) can0 121#0026001400080042
(27.192329) can0 129#0800000000000048
(27.192457) can0 174#2A800000276B0755
(27.192569) can0 178#AF7F0000589607DE
(27.202587) can0 17C#00000000698707BA
(27.202723) can0 290#0030000000000000
(27.202828) can0 120#069D000000000063
(27.202941) can0 121#0027001400080063
(27.212815) can0 129#0800000000000068
(27.212943) can0 174#6A800000396B093C
(27.213047) can0 178#1180022295940903
(27.223057) can0 17C#00000000D38709FB
(27.223191) can0 290#0040000000000000
(27.223297) can0 12B#0000000000013F78
(27.233301) can0 120#06A800000000008E
(27.233428) can0 121#0027001400080083
(27.233540) can0 129#0800000000000088
(27.243551) can0 174#907F0000496B0B86
(27.243679) can0 178#5F80042545940BCB
(27.243782) can0 17C#000000007B860B71
(27.253786) can0 120#06B60000000000BC
(27.253914) can0 121#00260013000800A1
(27.254018) can0 129#08000000000000A8
(27.264029) can0 540#0206BE00000000E6
(27.264162) can0 174#AC7F0000F96A0D01
(27.264274) can0 178#B27F06215D960D6C
(27.274272) can0 120#06BA0000000000C0
(27.274400) can0 121#00250013000800C0
(27.274503) can0 129#08000000000000C8
(27.284515) can0 300#0F00000000000000
(27.284612) can0 174#688000001A6B0F74
(27.284720) can0 178#7A7F0820D0950FE1
(27.284824) can0 17C#00000000F1870F86
(27.294761) can0 120#06AE000000000034
(27.294893) can0 121#0026001300080021
(27.294997) can0 129#0800000000000028
(27.295099) can0 174#5F800000226B00B3
(27.305017) can0 178#CE7F092599940052
(27.305145) can0 17C#000000000B880019
(27.305256) can0 174#038000002D6B01F4
(27.315244) can0 178#2D800A29E7930165
(27.315372) can0 17C#00000000828701E4
(27.315476) can0 290#0010000000000000
(27.325487) can0 120#069F000000000045
(27.325622) can0 121#0027001400080043
(27.325726) can0 129#0800000000000048
(27.335730) can0 174#777F0000356B03B2
(27.335858) can0 178#0E8001204D950355
(27.335962) can0 17C#0000000086860394
(27.345973) can0 129#0800000000000068
(27.346101) can0 174#B77F00001D6B04A2
(27.346205) can0 178#A97F0000259604E7
(27.356216) can0 174#2A8000002A6B05EA
(27.356344) can0 178#667F0120399605EB
(27.356448) can0 17C#0000000064870505
(27.366459) can0 174#788000002D6B069A
(27.366594) can0 178#827F0221BB950681
(27.366698) can0 17C#00000000088806DB
(27.376702) can0 290#0020000000000000
(27.376839) can0 174#6A8000003C6B0713
(27.376943) can0 178#EA7F0324AC940798
(27.386945) can0 17C#00000000328807E1
(27.387073) can0 290#0040000000000000
(27.387179) can0 178#5C80042FE99308B3
(27.397202) can0 17C#00000000A4870824
(27.397337) can0 290#0030000000000000
(27.397449) can0 12B#0000000000014F78
(27.397563) can0 128#1388030000EC7822
(27.407431) can0 12E#0000000000000020
(27.407567) can0 17C#00000000F1860984
(27.407672) can0 450#0000000000000000
(27.407745) can0 290#0030000000000000
(27.407817) can0 290#0010000000000000
(27.417674) can0 12B#0000000000013F78
(27.417802) can0 128#1388030000EC7842
(27.417906) can0 12E#0000000000000040
(27.427918) can0 290#0030000000000000
(27.428055) can0 12B#0000000000013F79
(27.428159) can0 120#0690000000000036
(27.438160) can0 290#0040000000000000
(27.438297) can0 12B#0000000000014F78
(27.438401) can0 128#1388030000EC7862
(27.448403) can0 12E#0000000000000060
(27.448548) can0 290#0030000000000000
(27.448653) can0 12B#0000000000014F78
(27.448725) can0 12A#1328012000000000
(27.448796) can0 290#0030000000000000
(27.448869) can0 12B#0000000000013F78
(27.458645) can0 128#1388030000EC7882
(27.458773) can0 290#0050000000000000
(27.458880) can0 12B#0000000000013F77
(27.468890) can0 120#06A700000000006D
(27.469018) can0 290#0020000000000000
(27.469130) can0 12B#0000000000014F78
(27.479131) can0 128#1388030000EC78A2
(27.479258) can0 290#0020000000000000
(27.479331) can0 12B#0000000000013F78
(27.479435) can0 120#06B400000000009A
(27.489386) can0 290#0020000000000000
(27.489478) can0 12B#0000000000014F79
(27.489595) can0 128#1388030000EC78C2
(27.489698) can0 290#0040000000000000
(27.489802) can0 12B#0000000000013F78
(27.499634) can0 120#06B90000000000BF
(27.499762) can0 121#00260013000800A1
(27.499870) can0 290#0050000000000000
(27.509862) can0 12B#0000000000013F79
(27.509990) can0 128#1388030000EC7822
(27.510093) can0 290#0030000000000000
(27.520103) can0 12B#0000000000014F78
(27.520231) can0 120#06BB0000000000C1
(27.520335) can0 12B#0000000000013F78
(27.530346) can0 128#1388030000EC7842
(27.530473) can0 12E#0000000000000040
(27.530586) can0 174#AC7F0000386B07B0
(27.540590) can0 12A#1328012000000000
(27.540681) can0 550#1000000000000090
(27.540791) can0 120#06BD000000000023
(27.540896) can0 128#1388030000EC7862
(27.550832) can0 12E#0000000000000060
(27.550960) can0 174#987F0000146B0993
(27.551071) can0 120#06C2000000000048
(27.561075) can0 121#0026001300080041
(27.561202) can0 129#0800000000000048
(27.561307) can0 174#088000002D6B0A0E
(27.571318) can0 540#0206CB00000000E6
(27.571459) can0 174#68800000336B0BB3
(27.571579) can0 178#9E7F0721E9950BA6
(27.581562) can0 120#06D0000000000076
(27.581698) can0 121#002500120008007F
(27.581802) can0 129#0800000000000068
(27.591823) can0 5A0#0069200000000029
(27.591952) can0 550#10000000000000B0
(27.592058) can0 300#0F00000000000000
(27.592130) can0 120#06DB000000000081
(27.592234) can0 121#002500120008009F
(27.602047) can0 129#0800000000000088
(27.602183) can0 174#9B7F00004C6B0E53
(27.602287) can0 174#557F0000356B0FFB
(27.612290) can0 178#8180000020950FC1
(27.612418) can0 17C#0000000053860F39
(27.612522) can0 120#06E90000000000AF
(27.622540) can0 121#00250011000800BE
(27.622668) can0 129#08000000000000A8
(27.622772) can0 174#06800000156B01E4
(27.632776) can0 178#C27F020F849601C9
(27.632904) can0 17C#000000000D8701A2
(27.633009) can0 290#0040000000000000
(27.643019) can0 550#10000000000000D0
(27.643153) can0 120#06E50000000000CB
(27.643258) can0 121#00250012000800DF
(27.653262) can0 174#83800000116B034D
(27.653389) can0 178#D37F0405A19403EC
(27.653494) can0 17C#00000000D68703A0
(27.663505) can0 120#06DF000000000025
(27.663639) can0 121#002500120008003F
(27.663743) can0 129#0800000000000028
(27.673747) can0 174#22800000286B0426
(27.673878) can0 540#0206DB00000000E6
(27.673987) can0 174#9B7F0000366B05DB
(27.683993) can0 178#62800614FF930565
(27.684121) can0 120#06D700000000005D
(27.684225) can0 121#002500120008005F
(27.684327) can0 129#0800000000000048
(27.694249) can0 300#0F00000000000000
(27.694342) can0 174#987F00001A6B073C
(27.694450) can0 178#EF7F08024A96074B
(27.694563) can0 17C#00000000908607FD
(27.704476) can0 120#06D800000000007E
(27.704612) can0 121#002500120008007F
(27.704716) can0 129#0800000000000068
(27.714719) can0 174#76800000276B092F
(27.714847) can0 178#9B7F0A13E69509CE
(27.714951) can0 17C#00000000BA870928
(27.724962) can0 120#06E0000000000086
(27.725090) can0 121#002400120008009E
(27.725200) can0 129#0800000000000088
(27.735205) can0 174#76800000306B0A9A
(27.735333) can0 174#088000004F6B0B40
(27.735437) can0 178#46800C089E930B4E
(27.745457) can0 17C#000000006E870BAC
(27.745594) can0 120#06EF0000000000B5
(27.745697) can0 121#00250011000800BE
(27.755691) can0 129#08000000000000A8
(27.755819) can0 174#5E7F0000186B0D41
(27.755924) can0 178#3E800E0768950D5E
(27.765935) can0 17C#000000009E860D26
(27.766064) can0 290#0030000000000000
(27.766169) can0 129#08000000000000C8
(27.776177) can0 174#AF7F0000FB6A0EC2
(27.776305) can0 178#E77F0F0D70960E28
(27.776409) can0 174#3B800000066B0FE6
(27.786434) can0 178#A47F000284960F96
(27.786570) can0 17C#0000000083870FCD
(27.786675) can0 174#948000001D6B0057
(27.786779) can0 178#A97F01088C9500C2
(27.796663) can0 17C#0000000012880082
(27.796798) can0 174#788000003C6B015E
(27.796903) can0 178#FD7F00000794012B
(27.806908) can0 17C#000000000588010D
(27.807037) can0 450#0000000000000000
(27.807110) can0 290#0040000000000000
(27.807215) can0 178#5F8001285B930246
(27.817149) can0 17C#000000005E870271
(27.817285) can0 290#0020000000000000
(27.817391) can0 17C#00000000A28603A2
(27.827392) can0 290#0010000000000000
(27.827521) can0 12B#0000000000013F79
(27.827633) can0 120#070E000000000075
(27.837635) can0 121#002400100008007C
(27.837762) can0 290#0040000000000000
(27.837870) can0 12B#0000000000014F78
(27.847880) can0 128#1388030000EC78A2
(27.848007) can0 290#0020000000000000
(27.848121) can0 12B#0000000000013F79
(27.858121) can0 12A#1328012000000000
(27.858212) can0 450#0000000000000000
(27.858293) can0 290#0040000000000000
(27.858402) can0 12B#0000000000013F79
(27.858473) can0 290#0040000000000000
(27.858562) can0 12B#0000000000014F79
(27.858666) can0 120#06FB0000000000A1
(27.868364) can0 290#0040000000000000
(27.868456) can0 12B#0000000000013F78
(27.868576) can0 128#1388030000EC7822
(27.868680) can0 290#0030000000000000
(27.878611) can0 12B#0000000000014F79
(27.878739) can0 120#06EF0000000000D5
(27.878843) can0 290#0050000000000000
(27.878946) can0 12B#0000000000013F79
(27.888870) can0 128#1388030000EC7842
(27.888997) can0 12E#0000000000000040
(27.889102) can0 290#0020000000000000
(27.899092) can0 12B#0000000000013F79
(27.899184) can0 120#06DA000000000020
(27.899292) can0 290#0030000000000000
(27.899397) can0 12B#0000000000013F79
(27.899469) can0 128#1388030000EC7862
(27.909335) can0 290#0040000000000000
(27.909473) can0 12B#0000000000014F78
(27.909585) can0 120#06CD000000000053
(27.919580) can0 290#0010000000000000
(27.919709) can0 12B#0000000000013F79
(27.919813) can0 128#1388030000EC7882
(27.929821) can0 290#0050000000000000
(27.929951) can0 12B#0000000000014F79
(27.930055) can0 12A#1328012000000000
(27.930126) can0 290#0020000000000000
(27.940064) can0 12B#0000000000013F78
(27.940192) can0 128#1388030000EC78A2
(27.940296) can0 120#06AB000000000091
(27.950307) can0 121#0026001400080082
(27.950435) can0 129#0800000000000088
(27.950548) can0 128#1388030000EC78C2
(27.960552) can0 12E#00000000000000C0
(27.960680) can0 540#0206A700000000E6
(27.960790) can0 174#0B800000076B0323
(27.970793) can0 541#0280000000000000
(27.970886) can0 120#06AB0000000000B1
(27.970994) can0 121#00260014000800A2
(27.971098) can0 12A#1328012000000000
(27.971169) can0 12C#0000000000000000
(27.971241) can0 5A0#00692000000000A9
(27.981050) can0 550#1000000000000030
(27.981179) can0 120#06AF0000000000D5
(27.981283) can0 121#00260013000800C1
(27.981387) can0 129#08000000000000C8
(27.991279) can0 174#A67F00004F6B071A
(27.991407) can0 178#7E800721DB9307BD
(27.991519) can0 17C#00000000B48607CB
(28.001522) can0 120#06B400000000003A
(28.001663) can0 121#0026001300080021
(28.001766) can0 129#0800000000000028
(28.011765) can0 174#907F0000E36A090F
(28.011897) can0 178#F57F09257B96094F
(28.012009) can0 17C#0000000075860942
(28.022008) can0 550#1000000000000050
(28.022145) can0 120#06BA000000000040
(28.022248) can0 121#0026001300080041
(28.032251) can0 174#7B8000000F6B0BCF
(28.032378) can0 178#937F000002960B58
(28.032482) can0 17C#00000000B1870B92
(28.042494) can0 120#06BD000000000063
(28.042627) can0 121#0025001300080060
(28.042737) can0 129#0800000000000068
(28.052737) can0 540#0206BF00000000E6
(28.052874) can0 174#0B800000556B0DFE
(28.052986) can0 178#3E80000096930D88
(28.062980) can0 17C#000000004D870D5E
(28.063108) can0 120#06C1000000000087
(28.063211) can0 121#0026001300080081
(28.073225) can0 129#0800000000000088
(28.073353) can0 541#0280000000000000
(28.073426) can0 300#0F00000000000000
(28.073498) can0 174#477F0000356B0FF8
(28.073610) can0 178#4E80022153950F25
(28.073712) can0 120#06C70000000000AD
(28.083482) can0 121#00260013000800A1
(28.083617) can0 129#08000000000000A8
(28.083721) can0 174#278000001A6B0150
(28.093709) can0 178#937F042F849601D8
(28.093836) can0 17C#0000000058870153
(28.093941) can0 120#06B60000000000DC
(28.103952) can0 121#00260013000800C1
(28.104079) can0 129#08000000000000C8
(28.104183) can0 174#86800000416B0301
(28.114194) can0 178#D37F06247F94035E
(28.114322) can0 17C#000000000B88033E
(28.114427) can0 120#06A600000000002C
(28.124437) can0 121#0026001400080022
(28.124572) can0 129#0800000000000028
(28.124683) can0 174#827F0000636B051C
(28.134680) can0 178#6A8008201C940565
(28.134808) can0 17C#00000000B28605F4
(28.134913) can0 120#0693000000000059
(28.144926) can0 121#0027001400080043
(28.145053) can0 129#0800000000000048
(28.145157) can0 174#A17F0000146B076C
(28.155166) can0 178#E77F00005F960758
(28.155294) can0 17C#00000000A48607D3
(28.155399) can0 129#0800000000000068
(28.165409) can0 174#24800000226B0866
(28.165545) can0 178#987F01256D96086F
(28.165649) can0 17C#000000005E8708A3
(28.175666) can0 174#78800000306B09BC
(28.175794) can0 178#937F0239C7950925
(28.175898) can0 17C#00000000F98709C4
(28.176003) can0 450#0000000000000000
(28.176076) can0 290#0010000000000000
(28.185897) can0 174#6D8000003E6B0A1F
(28.186032) can0 178#E17F032195940A54
(28.186136) can0 17C#0000000013880ADF
(28.196138) can0 174#068000003B6B0B0F
(28.196266) can0 178#4C800420D8930BE2
(28.196379) can0 17C#0000000080870B35
(28.206381) can0 178#8380000026940C15
(28.206509) can0 17C#00000000CB860CCA
(28.206622) can0 290#0010000000000000
(28.206699) can0 17C#000000006C860DAD
(28.216624) can0 290#0020000000000000
(28.216761) can0 12B#0000000000014F79
(28.216870) can0 12A#1328012000000000
(28.216949) can0 550#10000000000000D0
(28.226870) can0 120#06880000000000CE
(28.226998) can0 450#0000000000000000
(28.227071) can0 290#0040000000000000
(28.227176) can0 12B#0000000000013F78
(28.237110) can0 290#0000000000000000
(28.237247) can0 12B#0000000000014F79
(28.237352) can0 120#068F000000000035
(28.247353) can0 290#0030000000000000
(28.247482) can0 12B#0000000000013F79
(28.247594) can0 128#1388030000EC7862
(28.257597) can0 12E#0000000000000060
(28.257726) can0 290#0040000000000000
(28.257831) can0 12B#0000000000014F79
(28.267842) can0 120#06A0000000000046
(28.267969) can0 121#0026001400080042
(28.268081) can0 129#0800000000000048
(28.268184) can0 290#0020000000000000
(28.278103) can0 12B#0000000000013F78
(28.278231) can0 128#1388030000EC7882
(28.278343) can0 290#0050000000000000
(28.288330) can0 12B#0000000000014F79
(28.288458) can0 120#06AE000000000074
(28.288578) can0 290#0020000000000000
(28.298575) can0 12B#0000000000013F79
(28.298703) can0 128#1388030000EC78A2
(28.298806) can0 290#0040000000000000
(28.308811) can0 12B#0000000000013F79
(28.308902) can0 120#06BC000000000082
(28.309010) can0 290#0010000000000000
(28.309115) can0 12B#0000000000014F79
(28.319054) can0 128#1388030000EC78C2
(28.319180) can0 12E#00000000000000C0
(28.319285) can0 290#0030000000000000
(28.329296) can0 12B#0000000000013F79
(28.329425) can0 12A#1328012000000000
(28.329496) can0 290#0020000000000000
(28.329609) can0 12B#0000000000014F79
(28.339547) can0 128#1388030000EC7822
(28.339674) can0 290#0010000000000000
(28.339779) can0 12B#0000000000013F78
(28.349782) can0 120#06C20000000000C8
(28.349910) can0 290#0020000000000000
(28.350015) can0 12B#0000000000014F79
(28.360025) can0 128#1388030000EC7842
(28.360152) can0 541#0280000000000000
(28.360225) can0 120#06C500000000002B
(28.360329) can0 121#0026001300080021
(28.370282) can0 129#0800000000000028
(28.370410) can0 174#987F0000356B0C45
(28.370514) can0 128#1388030000EC7862
(28.370630) can0 12E#0000000000000060
(28.380511) can0 12A#1328012000000000
(28.380610) can0 120#06BF000000000045
(28.380718) can0 121#0026001300080041
(28.380822) can0 129#0800000000000048
(28.390754) can0 174#81800000336B0F58
(28.390884) can0 178#DC7F072FDB940F24
(28.390988) can0 17C#00000000FF870F8F
(28.400997) can0 120#06B800000000007E
(28.401125) can0 121#0027001300080062
(28.401228) can0 129#0800000000000068
(28.411240) can0 174#A67F0000316B0115
(28.411368) can0 178#7E80090F05940112
(28.411472) can0 17C#00000000DB860153
(28.421483) can0 550#1000000000000090
(28.421620) can0 120#06B0000000000096
(28.421732) can0 121#0026001300080081
(28.431731) can0 174#967F00000C6B0354
(28.431860) can0 178#1F800B03209603E3
(28.431964) can0 17C#00000000A186032E
(28.441974) can0 120#06AB0000000000B1
(28.442102) can0 121#00260014000800A2
(28.442214) can0 129#08000000000000A8
(28.452212) can0 540#0206AD00000000E6
(28.452345) can0 174#73800000336B0599
(28.452457) can0 178#B77F0D2FD295051E
(28.462458) can0 17C#00000000BD87053E
(28.462606) can0 541#0280000000000000
(28.462679) can0 120#06B30000000000D9
(28.462783) can0 121#00250013000800C0
(28.462890) can0 129#08000000000000C8
(28.472714) can0 300#0F00000000000000
(28.472807) can0 174#24800000356B074F
(28.472915) can0 178#46800F0DC29307CD
(28.473019) can0 120#06B900000000003F
(28.482941) can0 121#0027001300080022
(28.483069) can0 129#0800000000000028
(28.483173) can0 174#617F00001A6B09BC
(28.493184) can0 178#308001081D9509FE
(28.493312) can0 17C#00000000788609C7
(28.493416) can0 120#06C1000000000047
(28.503427) can0 121#0026001300080041
(28.503562) can0 129#0800000000000048
(28.503667) can0 174#00800000126B0B6F
(28.513670) can0 178#B27F012874960B9B
(28.513797) can0 17C#000000003A870BD2
(28.513903) can0 120#06BB000000000061
(28.523914) can0 121#0025001300080060
(28.524042) can0 129#0800000000000068
(28.524146) can0 174#7B8000003B6B0DAF
(28.534155) can0 178#E47F0321AE940D9B
(28.534283) can0 17C#00000000FD870DB6
(28.534388) can0 120#06B400000000009A
(28.544399) can0 121#0026001300080081
(28.544538) can0 129#0800000000000088
(28.544643) can0 174#9E7F0000396B0FBB
(28.554641) can0 178#65800523EF930F04
(28.554769) can0 17C#00000000E4860F5B
(28.554877) can0 290#0030000000000000
(28.564900) can0 120#06AC0000000000B2
(28.565027) can0 121#00270014000800A3
(28.565131) can0 129#08000000000000A8
(28.565236) can0 300#0F00000000000000
(28.565308) can0 174#987F0000076B01EF
(28.575128) can0 178#F27F0724339601CE
(28.575255) can0 17C#00000000BA86018C
(28.575360) can0 129#08000000000000C8
(28.585370) can0 174#14800000116B02C6
(28.585498) can0 178#A67F082379960200
(28.585610) can0 174#738000001C6B0361
(28.595615) can0 178#9E7F0920F99503DD
(28.595742) can0 17C#000000000B88033E
(28.595847) can0 174#7E800000316B0461
(28.605857) can0 178#E17F0A21CF940498
(28.605985) can0 17C#000000001E8804FC
(28.606090) can0 174#1F800000436B05DB
(28.616099) can0 178#32800B29E4930512
(28.616227) can0 17C#0000000079870598
(28.616332) can0 178#5A800000FC9306C0
(28.626342) can0 17C#00000000C8860694
(28.626471) can0 450#0000000000000000
(28.626551) can0 290#0040000000000000
(28.626657) can0 12B#0000000000014F78
(28.636587) can0 128#1388030000EC7882
(28.636722) can0 12E#0000000000000080
(28.636827) can0 17C#000000007A860762
(28.646828) can0 290#0030000000000000
(28.646957) can0 12B#0000000000013F79
(28.647062) can0 120#067A000000000060
(28.657074) can0 290#0030000000000000
(28.657174) can0 12B#0000000000013F79
(28.657246) can0 128#1388030000EC78A2
(28.657353) can0 12E#00000000000000A0
(28.657458) can0 290#0040000000000000
(28.657569) can0 12B#0000000000014F78
(28.667330) can0 541#0280000000000000
(28.667423) can0 290#0030000000000000
(28.667540) can0 12B#0000000000013F78
(28.667644) can0 128#1388030000EC78C2
(28.677558) can0 12E#00000000000000C0
(28.677687) can0 12A#1328012000000000
(28.677758) can0 450#0000000000000000
(28.677831) can0 290#0030000000000000
(28.677904) can0 12B#0000000000014F79
(28.678017) can0 290#0030000000000000
(28.678089) can0 12B#0000000000014F78
(28.687800) can0 128#1388030000EC7822
(28.687927) can0 290#0030000000000000
(28.688000) can0 12B#0000000000013F78
(28.688110) can0 120#067C0000000000C2
(28.698048) can0 121#00270015000800C4
(28.698176) can0 290#0030000000000000
(28.698256) can0 12B#0000000000013F78
(28.698327) can0 128#1388030000EC7842
(28.698431) can0 290#0030000000000000
(28.698511) can0 12B#0000000000014F78
(28.708291) can0 12A#1328012000000000
(28.708382) can0 290#0020000000000000
(28.708499) can0 12B#0000000000013F78
(28.708612) can0 128#1388030000EC7862
(28.718542) can0 290#0010000000000000
(28.718671) can0 12B#0000000000014F78
(28.718775) can0 120#068800000000004E
(28.728772) can0 121#0027001500080044
(28.728904) can0 129#0800000000000048
(28.729008) can0 174#818000000A6B0272
(28.739015) can0 290#0020000000000000
(28.739143) can0 12B#0000000000013F78
(28.739248) can0 128#1388030000EC7882
(28.749258) can0 12E#0000000000000080
(28.749386) can0 290#0020000000000000
(28.749459) can0 12B#0000000000014F78
(28.749571) can0 541#0280000000000000
(28.749644) can0 290#0030000000000000
(28.759514) can0 12B#0000000000013F78
(28.759648) can0 128#1388030000EC78A2
(28.759751) can0 12B#0000000000014F78
(28.759867) can0 120#069800000000009E
(28.769743) can0 121#0027001400080083
(28.769874) can0 128#1388030000EC78C2
(28.769978) can0 12E#00000000000000C0
(28.779986) can0 174#DE7F0000206B0716
(28.780114) can0 120#06A40000000000AA
(28.780218) can0 121#00260014000800A2
(28.790229) can0 129#08000000000000A8
(28.790357) can0 174#788000001F6B090A
(28.790462) can0 178#CB7F0324819509F5
(28.800472) can0 17C#0000000026880959
(28.800609) can0 550#10000000000000D0
(28.800715) can0 120#06AA0000000000D0
(28.810715) can0 121#00260014000800C2
(28.810843) can0 174#DC7F0000316B0BA7
(28.810947) can0 178#7B800512E6930BB9
(28.820958) can0 17C#0000000010870BED
(28.821087) can0 120#06B0000000000036
(28.821191) can0 121#0027001300080022
(28.831201) can0 129#0800000000000028
(28.831329) can0 174#7A7F0000436B0CA2
(28.831433) can0 178#8680062484940CB7
(28.841444) can0 17C#0000000072860CA1
(28.841580) can0 540#0206B400000000E6
(28.841696) can0 174#717F0000466B0D03
(28.851690) can0 178#3E80072690950D10
(28.851825) can0 541#0280000000000000
(28.851903) can0 120#06BA000000000040
(28.852025) can0 121#0026001300080041
(28.852127) can0 550#1000000000000030
(28.861947) can0 300#0F00000000000000
(28.862048) can0 174#38800000336B0FA0
(28.862156) can0 120#06BB000000000061
(28.862260) can0 121#0026001300080061
(28.872173) can0 129#0800000000000068
(28.872301) can0 174#5A8000001A6B01BE
(28.872405) can0 178#0B8001255E940150
(28.882421) can0 17C#00000000E387013B
(28.882558) can0 120#06BC000000000082
(28.882662) can0 121#0025001300080080
(28.892659) can0 129#0800000000000088
(28.892787) can0 174#7A7F00002E6B03CC
(28.892896) can0 178#76800321679403B5
(28.902909) can0 17C#00000000B48603BF
(28.903037) can0 120#06BF0000000000A5
(28.903150) can0 121#00260013000800A1
(28.913145) can0 129#08000000000000A8
(28.913273) can0 174#CE7F0000206B0595
(28.913377) can0 178#DC7F000047960595
(28.923388) can0 17C#00000000E686058A
(28.923516) can0 120#06B60000000000DC
(28.923628) can0 121#00260013000800C1
(28.933631) can0 129#08000000000000C8
(28.933759) can0 174#46800000366B06D5
(28.933867) can0 178#987F00002D96065A
(28.943876) can0 540#0206AF00000000E6
(28.944010) can0 174#83800000316B0709
(28.944122) can0 178#AF7F01226695072C
(28.954130) can0 541#0280000000000000
(28.954223) can0 120#06A800000000002E
(28.954331) can0 121#0026001400080022
(28.954443) can0 300#0F00000000000000
(28.954516) can0 174#E77F0000286B09E5
(28.954628) can0 178#5A800332E7930915
(28.964360) can0 17C#000000003F870961
(28.964488) can0 120#069600000000005C
(28.964600) can0 121#0027001400080043
(28.974604) can0 129#0800000000000048
(28.974733) can0 174#827F0000276B0AC1
(28.974837) can0 174#7A7F00001D6B0B80
(28.984845) can0 178#27800523AC950B4D
(28.984973) can0 17C#0000000091860BEE
(28.985078) can0 290#0030000000000000
(28.985151) can0 129#0800000000000068
(28.995088) can0 174#D37F00001A6B0C18
(28.995216) can0 178#D67F063252960CB0
(28.995320) can0 174#438000003C6B0D21
(29.005331) can0 178#A97F072129960DC4
(29.005458) can0 17C#000000008E870D72
(29.005570) can0 174#7E8000003E6B0E35
(29.015576) can0 178#C57F082774950ED5
(29.015703) can0 17C#00000000EC870E06
(29.015814) can0 174#628000003B6B0FA3
(29.025817) can0 178#1980000045940F9E
(29.025945) can0 17C#00000000BF870FEF
(29.026049) can0 290#0020000000000000
(29.036060) can0 178#5C800120B893001B
(29.036188) can0 17C#00000000138700AE
(29.036292) can0 290#0030000000000000
(29.046306) can0 17C#000000008E8601A2
(29.046434) can0 290#0030000000000000
(29.046506) can0 12B#0000000000014F77
(29.046618) can0 290#0000000000000000
(29.046722) can0 12B#0000000000013F78
(29.056571) can0 128#1388030000EC7842
(29.056698) can0 450#0000000000000000
(29.056770) can0 290#0020000000000000
(29.056889) can0 12B#0000000000013F77
(29.066789) can0 120#06B800000000003E
(29.066917) can0 290#0050000000000000
(29.067022) can0 12B#0000000000014F77
(29.077032) can0 128#1388030000EC7862
(29.077167) can0 290#0030000000000000
(29.077272) can0 12B#0000000000013F77
(29.087275) can0 120#06AA000000000050
(29.087402) can0 121#0026001400080042
(29.087506) can0 290#0050000000000000
(29.097518) can0 12B#0000000000014F77
(29.097652) can0 128#1388030000EC7882
(29.097762) can0 290#0010000000000000
(29.107761) can0 12B#0000000000013F77
(29.107895) can0 12A#1328012000000000
(29.107966) can0 290#0040000000000000
(29.108080) can0 12B#0000000000013F77
(29.108151) can0 128#1388030000EC78A2
(29.118004) can0 12E#00000000000000A0
(29.118139) can0 290#0020000000000000
(29.118252) can0 12B#0000000000014F77
(29.128254) can0 120#068500000000008B
(29.128382) can0 121#0027001500080084
(29.128493) can0 290#0020000000000000
(29.128574) can0 12B#0000000000013F77
(29.138497) can0 128#1388030000EC78C2
(29.138633) can0 12E#00000000000000C0
(29.138738) can0 290#0040000000000000
(29.148746) can0 12B#0000000000014F77
(29.148877) can0 541#0280000000000000
(29.148950) can0 290#0040000000000000
(29.149022) can0 12B#0000000000013F77
(29.149127) can0 128#1388030000EC7822
(29.149230) can0 290#0030000000000000
(29.158976) can0 12B#0000000000014F77
(29.159104) can0 120#06880000000000CE
(29.159208) can0 290#0020000000000000
(29.169219) can0 12B#0000000000013F77
(29.169347) can0 128#1388030000EC7842
(29.169457) can0 120#068D000000000033
(29.179462) can0 121#0026001500080023
(29.179597) can0 129#0800000000000028
(29.179701) can0 128#1388030000EC7862
(29.189705) can0 12E#0000000000000060
(29.189833) can0 174#BA7F00001A6B01A7
(29.189937) can0 550#1000000000000050
(29.199948) can0 120#068E000000000054
(29.200076) can0 121#0026001500080043
(29.200179) can0 12E#0000000000000080
(29.210190) can0 174#708000002D6B0321
(29.210318) can0 178#967F0000BB95033B
(29.210423) can0 17C#0000000005880337
(29.220433) can0 290#0050000000000000
(29.220571) can0 120#0683000000000069
(29.220675) can0 121#0026001500080063
(29.230676) can0 129#0800000000000068
(29.230805) can0 174#6A8000002A6B0429
(29.230909) can0 540#02067F00000000E6
(29.240924) can0 174#0E8000002A6B05EC
(29.241060) can0 178#68800220059405E7
(29.241164) can0 541#0280000000000000
(29.241237) can0 120#067A000000000080
(29.241339) can0 121#0027001500080084
(29.251178) can0 550#1000000000000070
(29.251308) can0 300#0F00000000000000
(29.251380) can0 174#747F00002D6B0735
(29.251500) can0 120#06700000000000B6
(29.261405) can0 121#00270016000800A5
(29.261541) can0 129#08000000000000A8
(29.261645) can0 174#0E8000000A6B0940
(29.271648) can0 178#B77F062241960984
(29.271784) can0 17C#0000000059870934
(29.271894) can0 120#06740000000000DA
(29.281894) can0 121#00270015000800C4
(29.282028) can0 129#08000000000000C8
(29.282140) can0 174#708000001F6B0BE2
(29.292134) can0 178#F27F0823EF940BBE
(29.292262) can0 17C#000000000B880BD6
(29.292367) can0 120#067C000000000022
(29.302377) can0 121#0027001500080024
(29.302513) can0 129#0800000000000028
(29.302624) can0 174#C07F0000416B0DA3
(29.312624) can0 178#8C800A211B940D8D
(29.312752) can0 17C#00000000D9860DCC
(29.312858) can0 290#0010000000000000
(29.322867) can0 12B#0000000000014F77
(29.322995) can0 120#068B000000000051
(29.323099) can0 121#0027001500080044
(29.333106) can0 129#0800000000000048
(29.333234) can0 540#02069100000000E6
(29.333343) can0 174#9B7F00002E6B0F1D
(29.343362) can0 178#00800000EB950F1D
(29.343491) can0 541#0280000000000000
(29.343572) can0 120#0693000000000079
(29.343682) can0 121#0027001400080063
(29.343788) can0 300#0F00000000000000
(29.343862) can0 174#548000002E6B0191
(29.353593) can0 178#987F00FFED9501DB
(29.353721) can0 120#0692000000000098
(29.353825) can0 121#0027001400080083
(29.363835) can0 129#0800000000000088
(29.363963) can0 174#35800000186B036A
(29.364067) can0 178#2280012048940344
(29.374078) can0 17C#00000000A1870362
(29.374206) can0 290#0040000000000000
(29.374312) can0 120#06900000000000B6
(29.384321) can0 121#00270014000800A3
(29.384448) can0 129#08000000000000A8
(29.384561) can0 174#7F7F00003C6B05AD
(29.394565) can0 178#5C800326C79405F8
(29.394693) can0 17C#000000007A860558
(29.394797) can0 129#08000000000000C8
(29.404807) can0 174#857F00002D6B06DC
(29.404935) can0 178#11800425BF95065E
(29.405039) can0 17C#000000009186066F
(29.415050) can0 450#0000000000000000
(29.415142) can0 290#0050000000000000
(29.415252) can0 174#D97F00001A6B07BF
(29.415356) can0 178#B27F052046960705
(29.425292) can0 17C#000000001E870778
(29.425421) can0 290#0050000000000000
(29.425498) can0 174#3B800000276B080A
(29.425622) can0 178#8D7F06210D9608F7
(29.435546) can0 17C#00000000BD8708BF
(29.435675) can0 290#0030000000000000
(29.435780) can0 12B#0000000000014F76
(29.435887) can0 128#1388030000EC7862
(29.435958) can0 12E#0000000000000060
(29.445794) can0 174#658000001D6B0956
(29.445922) can0 178#BA7F07215D950974
(29.446026) can0 17C#00000000F78709CD
(29.456021) can0 290#0020000000000000
(29.456150) can0 178#1F80082066940AA5
(29.456254) can0 17C#00000000A3870A94
(29.466264) can0 290#0020000000000000
(29.466357) can0 12B#0000000000014F77
(29.466465) can0 128#1388030000EC7882
(29.466576) can0 12E#0000000000000080
(29.476507) can0 17C#00000000F7860BBB
(29.476648) can0 450#0000000000000000
(29.476721) can0 290#0030000000000000
(29.476834) can0 12B#0000000000013F76
(29.486750) can0 290#0020000000000000
(29.486882) can0 12B#0000000000013F77
(29.486986) can0 128#1388030000EC78A2
(29.496993) can0 290#0030000000000000
(29.497131) can0 12B#0000000000014F76
(29.497235) can0 120#067600000000009C
(29.507236) can0 290#0010000000000000
(29.507377) can0 12B#0000000000013F77
(29.507483) can0 128#1388030000EC78C2
(29.517479) can0 290#0050000000000000
(29.517616) can0 12B#0000000000014F77
(29.517721) can0 12A#1328012000000000
(29.517792) can0 550#1000000000000050
(29.527722) can0 120#06830000000000A9
(29.527850) can0 290#0040000000000000
(29.527955) can0 12B#0000000000013F77
(29.537979) can0 128#1388030000EC7822
(29.538113) can0 12E#0000000000000020
(29.538217) can0 290#0050000000000000
(29.538331) can0 12B#0000000000014F76
(29.548208) can0 120#068F0000000000D5
(29.548344) can0 290#0040000000000000
(29.548449) can0 12B#0000000000013F77
(29.558451) can0 128#1388030000EC7842
(29.558594) can0 290#0040000000000000
(29.558667) can0 12B#0000000000013F77
(29.558738) can0 541#0280000000000000
(29.558811) can0 290#0050000000000000
(29.558917) can0 12B#0000000000014F77
(29.568694) can0 128#1388030000EC7862
(29.568821) can0 290#0040000000000000
(29.568927) can0 12B#0000000000013F77
(29.578937) can0 120#06AF000000000055
(29.579065) can0 290#0010000000000000
(29.579177) can0 12B#0000000000014F77
(29.589180) can0 128#1388030000EC7882
(29.589307) can0 290#0030000000000000
(29.589412) can0 12B#0000000000013F77
(29.599423) can0 120#06B1000000000077
(29.599559) can0 290#0050000000000000
(29.599664) can0 12B#0000000000014F77
(29.609666) can0 128#1388030000EC78A2
(29.609793) can0 12B#0000000000013F77
(29.609898) can0 12A#1328012000000000
(29.609969) can0 550#1000000000000090
(29.619911) can0 120#06B400000000009A
(29.620039) can0 121#0026001300080081
(29.620143) can0 12B#0000000000013F77
(29.620214) can0 128#1388030000EC78C2
(29.630154) can0 12E#00000000000000C0
(29.630283) can0 174#717F0000306B0B00
(29.630387) can0 120#06B70000000000BD
(29.630490) can0 121#00250013000800A0
(29.640411) can0 129#08000000000000A8
(29.640547) can0 540#0206B700000000E7
(29.640657) can0 174#19800000276B0DB6
(29.650637) can0 178#937F04205B960D12
(29.650765) can0 541#0280000000000000
(29.650838) can0 120#06B60000000000DC
(29.650942) can0 121#00260013000800C1
(29.660884) can0 5A0#0069200000000089
(29.661013) can0 550#10000000000000B0
(29.661125) can0 300#0F00000000000000
(29.661201) can0 120#06B500000000003B
(29.671123) can0 121#0027001300080022
(29.671251) can0 129#0800000000000028
(29.671355) can0 174#9B7F0000276B0138
(29.681366) can0 178#8C8002202B9401D3
(29.681494) can0 17C#00000000B586010A
(29.681607) can0 120#06B400000000005A
(29.691611) can0 121#0027001300080042
(29.691746) can0 129#0800000000000048
(29.691850) can0 174#A97F00001D6B0349
(29.701852) can0 178#118004202696036B
(29.701988) can0 17C#00000000A9860322
(29.702093) can0 550#10000000000000D0
(29.712095) can0 120#06B0000000000076
(29.712223) can0 121#0026001300080061
(29.712327) can0 129#0800000000000068
(29.722338) can0 174#148000003C6B043D
(29.722474) can0 178#BA7F052344960449
(29.722586) can0 174#5F800000386B05CD
(29.732596) can0 178#9E7F0632B1950581
(29.732724) can0 17C#00000000CA8705FC
(29.732829) can0 120#069E000000000084
(29.732933) can0 121#0027001400080083
(29.742824) can0 129#0800000000000088
(29.742952) can0 540#02069700000000E7
(29.743062) can0 174#FD7F00001D6B0733
(29.753067) can0 178#2D800827D69307AD
(29.753195) can0 17C#00000000618707B6
(29.753306) can0 541#0280000000000000
(29.753382) can0 120#068F0000000000B5
(29.763310) can0 121#00280015000800A5
(29.763438) can0 300#0F00000000000000
(29.763511) can0 174#747F00002A6B0919
(29.763623) can0 178#4C8001204A950969
(29.773554) can0 120#067E0000000000C4
(29.773682) can0 121#00270015000800C4
(29.773786) can0 129#08000000000000C8
(29.783796) can0 174#19800000416B0BAD
(29.783924) can0 178#B47F011242960BB1
(29.784028) can0 17C#000000005E870B84
(29.794039) can0 120#067C000000000022
(29.794167) can0 121#0027001500080024
(29.794270) can0 129#0800000000000028
(29.804282) can0 174#70800000406B0D52
(29.804418) can0 178#06800302BF940D5F
(29.804522) can0 17C#00000000E3870DA7
(29.814525) can0 290#0010000000000000
(29.814658) can0 12B#0000000000013F77
(29.814730) can0 121#0027001500080044
(29.814834) can0 129#0800000000000048
(29.824770) can0 174#19800000306B0E03
(29.824900) can0 178#5F800405F9930EF3
(29.825004) can0 174#A17F00002D6B0F2F
(29.825106) can0 178#8680051224940FD8
(29.835027) can0 17C#00000000BA860F2A
(29.835160) can0 129#0800000000000068
(29.835266) can0 174#697F00001C6B009E
(29.845254) can0 178#5C8006142C95005A
(29.845381) can0 174#9B7F0000096B0101
(29.845486) can0 178#0080072F1A960141
(29.855497) can0 17C#00000000C68601CE
(29.855633) can0 174#08800000176B02C1
(29.855738) can0 178#B47F08024C960275
(29.865739) can0 17C#000000007287024B
(29.865874) can0 174#68800000256B0346
(29.865978) can0 178#B27F090FD0950398
(29.875982) can0 17C#00000000FC87039F
(29.876111) can0 450#0000000000000000
(29.876184) can0 290#0030000000000000
(29.876289) can0 174#738000002A6B041F
(29.886225) can0 178#F27F0A13E39404B4
(29.886353) can0 17C#000000000B88046D
(29.886458) can0 17C#000000008587051A
(29.896474) can0 290#0030000000000000
(29.896574) can0 12B#0000000000013F78
(29.896690) can0 120#06740000000000DA
(29.896794) can0 290#0040000000000000
(29.906711) can0 12B#0000000000013F77
(29.906839) can0 128#1388030000EC7842
(29.906943) can0 290#0030000000000000
(29.916962) can0 12B#0000000000014F78
(29.917091) can0 12A#1328012000000000
(29.917167) can0 550#1000000000000090
(29.917286) can0 120#066700000000002D
(29.927211) can0 121#0028001600080026
(29.927338) can0 450#0000000000000000
(29.927411) can0 290#0020000000000000
(29.927517) can0 12B#0000000000013F78
(29.927630) can0 290#0030000000000000
(29.937440) can0 12B#0000000000013F77
(29.937572) can0 120#0670000000000056
(29.937676) can0 290#0030000000000000
(29.937749) can0 12B#0000000000014F78
(29.947683) can0 128#1388030000EC7882
(29.947810) can0 290#0000000000000000
(29.947916) can0 12B#0000000000013F78
(29.957929) can0 541#0280000000000000
(29.958030) can0 290#0050000000000000
(29.958140) can0 12B#0000000000014F77
(29.958253) can0 128#1388030000EC78A2
(29.968169) can0 290#0010000000000000
(29.968306) can0 12B#0000000000013F78
(29.968411) can0 120#069400000000009A
(29.978412) can0 290#0040000000000000
(29.978557) can0 12B#0000000000013F77
(29.978662) can0 128#1388030000EC78C2
(29.988655) can0 290#0040000000000000
(29.988747) can0 12B#0000000000014F78
(29.988857) can0 120#06B10000000000B7
(29.988961) can0 290#0030000000000000
(29.998900) can0 12B#0000000000013F79
(29.999028) can0 128#1388030000EC7822
(29.999131) can0 12E#0000000000000020
(30.009141) can0 174#46800000176B0139
(30.009267) can0 290#0010000000000000
(30.009372) can0 12B#0000000000013F78
(30.019387) can0 12A#1328012000000000
(30.019477) can0 550#10000000000000D0
(30.019594) can0 290#0030000000000000
(30.019699) can0 12B#0000000000014F78
(30.019801) can0 128#1388030000EC7842
(30.029643) can0 12B#0000000000013F78
(30.029770) can0 120#069900000000003F
(30.029876) can0 121#0027001400080023
(30.039872) can0 12B#0000000000014F78
(30.040000) can0 128#1388030000EC7862
(30.040103) can0 12E#0000000000000060
(30.050113) can0 541#0280000000000000
(30.050205) can0 120#068A000000000050
(30.050312) can0 121#0027001500080044
(30.050416) can0 12E#0000000000000080
(30.060356) can0 12A#1328012000000000
(30.060446) can0 12C#0000000000000000
(30.060518) can0 120#068900000000006F
(30.060634) can0 121#0027001500080064
(30.060737) can0 129#0800000000000068
(30.060808) can0 174#768000002D6B0920
(30.070600) can0 178#BD7F0000A2950928
(30.070728) can0 17C#000000000F8809EA
(30.070832) can0 120#069900000000009F
(30.080841) can0 121#0026001400080082
(30.080969) can0 129#0800000000000088
(30.081073) can0 174#EA7F0000316B0BA2
(30.091084) can0 178#6A80000007940B66
(30.091212) can0 17C#0000000021870B4A
(30.091317) can0 290#0030000000000000
(30.091389) can0 12B#0000000000013F78
(30.101327) can0 12A#1328012000000000
(30.101418) can0 550#1000000000000050
(30.101536) can0 120#06AE0000000000B4
(30.101647) can0 121#00260014000800A2
(30.111572) can0 174#717F0000256B0DDF
(30.111708) can0 178#278002227A950D28
(30.111812) can0 17C#0000000069860D24
(30.121827) can0 120#06CB0000000000D1
(30.121963) can0 121#00260013000800C1
(30.122066) can0 129#08000000000000C8
(30.122179) can0 540#0206C700000000E7
(30.132056) can0 174#30800000226B0FE5
(30.132192) can0 178#987F042526960F03
(30.132296) can0 541#0280000000000000
(30.132369) can0 120#06C400000000002A
(30.142299) can0 121#0026001300080021
(30.142435) can0 300#0F00000000000000
(30.142513) can0 174#628000001D6B0130
(30.142635) can0 178#1680062176940176
(30.152550) can0 120#06BB000000000041
(30.152678) can0 121#0026001300080041
(30.152781) can0 129#0800000000000048
(30.162785) can0 174#FA7F0000396B02E2
(30.162914) can0 174#907F0000386B03A9
(30.163018) can0 178#8180082076940351
(30.173028) can0 17C#0000000093860305
(30.173157) can0 290#0010000000000000
(30.173262) can0 120#06B1000000000077
(30.183271) can0 121#0027001300080062
(30.183398) can0 129#0800000000000068
(30.183503) can0 174#777F0000226B0473
(30.193514) can0 178#3880092582950481
(30.193647) can0 174#C07F0000126B05BF
(30.193751) can0 178#C87F0A2942960524
(30.203757) can0 17C#00000000C08605BF
(30.203888) can0 120#06AE000000000094
(30.203992) can0 121#0026001400080082
(30.214003) can0 129#0800000000000088
(30.214131) can0 174#788000003B6B079A
(30.214235) can0 178#857F01208995071A
(30.214337) can0 17C#00000000028807C9
(30.224259) can0 290#0020000000000000
(30.224388) can0 120#06B50000000000BB
(30.224492) can0 121#00260013000800A1
(30.234486) can0 129#08000000000000A8
(30.234627) can0 174#6A800000406B08EA
(30.234733) can0 174#008000004C6B0924
(30.244729) can0 178#4C800120CE93091A
(30.244857) can0 17C#0000000061870910
(30.244961) can0 129#08000000000000C8
(30.254972) can0 174#8A7F0000496B0A4A
(30.255099) can0 178#6A80022161940A2D
(30.255203) can0 300#0F00000000000000
(30.255276) can0 174#717F0000386B0B0C
(30.265215) can0 178#3E80032485950B5D
(30.265342) can0 174#BA7F0000186B0C25
(30.265446) can0 178#EF7F042F54960C52
(30.275458) can0 17C#00000000C2860C49
(30.275594) can0 290#0010000000000000
(30.275699) can0 174#2A8000001D6B0DA0
(30.285708) can0 178#B47F051254960D57
(30.285836) can0 17C#000000006A870DE4
(30.285941) can0 174#6D8000001D6B0ED7
(30.295944) can0 178#BA7F06249E950EB2
(30.296072) can0 17C#00000000E4870E0A
(30.296177) can0 290#0010000000000000
(30.296249) can0 178#008007265D940F94
(30.306186) can0 17C#00000000CB870FA1
(30.306315) can0 290#0010000000000000
(30.306387) can0 17C#0000000032870011
(30.306492) can0 450#0000000000000000
(30.306573) can0 290#0050000000000000
(30.316443) can0 12B#0000000000013F79
(30.316586) can0 128#1388030000EC78A2
(30.316690) can0 12E#00000000000000A0
(30.316803) can0 290#0050000000000000
(30.316876) can0 12B#0000000000013F79
(30.316947) can0 120#06A700000000008D
(30.326672) can0 290#0030000000000000
(30.326801) can0 12B#0000000000013F79
(30.326873) can0 128#1388030000EC78C2
(30.326977) can0 290#0010000000000000
(30.336917) can0 12B#0000000000014F79
(30.337054) can0 541#0280000000000000
(30.337126) can0 290#0020000000000000
(30.337232) can0 12B#0000000000013F79
(30.347158) can0 128#1388030000EC7822
(30.347285) can0 290#0020000000000000
(30.347358) can0 12B#0000000000013F79
(30.347429) can0 120#06B10000000000D7
(30.347541) can0 121#00250013000800C0
(30.357401) can0 290#0040000000000000
(30.357536) can0 12B#0000000000014F79
(30.357641) can0 128#1388030000EC7842
(30.367644) can0 12E#0000000000000040
(30.367773) can0 290#0030000000000000
(30.367880) can0 12B#0000000000013F79
(30.377889) can0 120#06C0000000000026
(30.378025) can0 121#0025001300080020
(30.378135) can0 290#0020000000000000
(30.388130) can0 12B#0000000000013F79
(30.388221) can0 128#1388030000EC7862
(30.388337) can0 290#0020000000000000
(30.388409) can0 12B#0000000000013F79
(30.388488) can0 12A#1328012000000000
(30.388568) can0 550#1000000000000050
(30.388641) can0 290#0010000000000000
(30.388746) can0 12B#0000000000014F79
(30.398373) can0 128#1388030000EC7882
(30.398508) can0 12E#0000000000000080
(30.398621) can0 290#0020000000000000
(30.408620) can0 12B#0000000000013F79
(30.408748) can0 120#06C900000000006F
(30.408852) can0 290#0020000000000000
(30.408925) can0 12B#0000000000014F79
(30.409028) can0 128#1388030000EC78A2
(30.418877) can0 12B#0000000000013F79
(30.419005) can0 541#0280000000000000
(30.419079) can0 120#06BA000000000080
(30.419182) can0 12B#0000000000013F79
(30.419254) can0 128#1388030000EC78C2
(30.429102) can0 12E#00000000000000C0
(30.429231) can0 120#06A90000000000AF
(30.429335) can0 121#00260014000800A2
(30.439345) can0 129#08000000000000A8
(30.439473) can0 12E#0000000000000020
(30.439593) can0 174#C27F0000116B01FD
(30.449589) can0 178#E17F00005896014F
(30.449717) can0 120#069A0000000000C0
(30.449821) can0 121#00270014000800C3
(30.459831) can0 129#08000000000000C8
(30.459959) can0 174#408000002D6B02EA
(30.460063) can0 174#7B8000002D6B0314
(30.470074) can0 178#9E7F00006B950351
(30.470202) can0 17C#00000000088803B2
(30.470307) can0 550#1000000000000090
(30.480317) can0 120#069B000000000021
(30.480444) can0 121#0026001400080022
(30.480556) can0 129#0800000000000028
(30.490561) can0 174#E77F0000316B05E2
(30.490689) can0 178#3280020FD893050E
(30.490793) can0 17C#00000000558705A2
(30.500803) can0 290#0040000000000000
(30.500932) can0 120#069C000000000042
(30.501036) can0 121#0027001400080043
(30.511059) can0 129#0800000000000048
(30.511187) can0 540#02069D00000000E7
(30.511297) can0 174#747F00000E6B0789
(30.511409) can0 178#16800405B4950707
(30.521288) can0 541#0280000000000000
(30.521381) can0 120#069E000000000064
(30.521489) can0 121#0027001400080063
(30.521601) can0 550#10000000000000B0
(30.531545) can0 300#0F00000000000000
(30.531638) can0 174#3E800000276B0923
(30.531754) can0 120#06B0000000000096
(30.531859) can0 121#0025001300080080
(30.541774) can0 129#0800000000000088
(30.541912) can0 174#78800000396B0A18
(30.542016) can0 174#57800000446B0BFB
(30.552023) can0 178#F27F080260940B2F
(30.552151) can0 17C#00000000D2870B4E
(30.552255) can0 290#0010000000000000
(30.562261) can0 120#06C00000000000A6
(30.562396) can0 121#00260013000800A1
(30.562500) can0 129#08000000000000A8
(30.572503) can0 174#7A7F0000306B0D7B
(30.572639) can0 178#7E800A135D940DB3
(30.572743) can0 17C#0000000074860DB9
(30.582746) can0 120#06E00000000000C6
(30.582876) can0 121#00250012000800DF
(30.582980) can0 129#08000000000000C8
(30.592989) can0 174#C27F0000FE6A0F01
(30.593117) can0 178#E47F0C085F960F09
(30.593222) can0 17C#00000000E3860FD1
(30.603235) can0 120#06E2000000000028
(30.603362) can0 121#002500120008003F
(30.603466) can0 129#0800000000000028
(30.603577) can0 174#3E800000176B00FE
(30.613491) can0 174#86800000286B01E8
(30.613632) can0 178#B47F0E0784950198
(30.613739) can0 17C#00000000208801B4
(30.623718) can0 120#06D900000000005F
(30.623846) can0 121#002500120008005F
(30.623949) can0 129#0800000000000048
(30.633961) can0 174#65800000336B02A0
(30.634089) can0 300#0F00000000000000
(30.634162) can0 174#EA7F00004A6B0382
(30.634266) can0 178#5F800002A1930347
(30.644204) can0 129#0800000000000068
(30.644332) can0 174#747F0000316B0400
(30.644437) can0 178#738001085994046C
(30.654461) can0 17C#000000009B86045A
(30.654598) can0 174#6C7F0000076B055B
(30.654702) can0 178#3B8000009B950564
(30.664690) can0 17C#000000006686054A
(30.664818) can0 290#0000000000000000
(30.664924) can0 12B#0000000000013F78
(30.674934) can0 174#C87F0000FF6A0613
(30.675062) can0 178#E17F01286E96068D
(30.675166) can0 17C#00000000BD860655
(30.685176) can0 290#0040000000000000
(30.685305) can0 174#3E8000001F6B07A1
(30.685409) can0 178#A97F02205A960790
(30.695419) can0 17C#000000006C870733
(30.695555) can0 174#788000002A6B08B6
(30.695660) can0 178#C07F032173950885
(30.705675) can0 17C#00000000EE87084B
(30.705804) can0 450#0000000000000000
(30.705882) can0 178#148004233194093D
(30.705994) can0 17C#00000000D38709FB
(30.706101) can0 290#0030000000000000
(30.715907) can0 17C#0000000032870AC3
(30.716035) can0 290#0000000000000000
(30.716141) can0 12B#0000000000013F78
(30.716213) can0 290#0000000000000000
(30.716286) can0 12B#0000000000014F79
(30.726148) can0 541#0280000000000000
(30.726240) can0 120#06C900000000002F
(30.726348) can0 290#0030000000000000
(30.726454) can0 12B#0000000000013F78
(30.736398) can0 128#1388030000EC7862
(30.736525) can0 450#0000000000000000
(30.736602) can0 290#0040000000000000
(30.736715) can0 12B#0000000000013F79
(30.746633) can0 290#0040000000000000
(30.746726) can0 12B#0000000000014F78
(30.746834) can0 128#1388030000EC7882
(30.746938) can0 12E#0000000000000080
(30.756887) can0 174#83800000386B0F62
(30.757015) can0 290#0020000000000000
(30.757120) can0 12B#0000000000013F79
(30.767119) can0 120#06CC000000000072
(30.767247) can0 290#0010000000000000
(30.767352) can0 12B#0000000000014F78
(30.777362) can0 128#1388030000EC78A2
(30.777489) can0 290#0040000000000000
(30.777603) can0 12B#0000000000013F78
(30.787607) can0 12A#1328012000000000
(30.787702) can0 550#1000000000000090
(30.787820) can0 290#0010000000000000
(30.787926) can0 12B#0000000000013F78
(30.787998) can0 128#1388030000EC78C2
(30.797851) can0 12E#00000000000000C0
(30.797980) can0 174#6F7F0000016B03F7
(30.798092) can0 178#228000FFF495036C
(30.798195) can0 290#0000000000000000
(30.808110) can0 12B#0000000000013F78
(30.808201) can0 120#06CD0000000000B3
(30.808317) can0 290#0030000000000000
(30.808423) can0 12B#0000000000014F78
(30.818334) can0 128#1388030000EC7822
(30.818461) can0 290#0030000000000000
(30.818549) can0 12B#0000000000013F79
(30.818654) can0 541#0280000000000000
(30.818727) can0 120#06C20000000000C8
(30.828578) can0 290#0050000000000000
(30.828707) can0 12B#0000000000014F78
(30.828812) can0 128#1388030000EC7842
(30.838820) can0 12E#0000000000000040
(30.838949) can0 290#0030000000000000
(30.839054) can0 12B#0000000000013F77
(30.849063) can0 120#06AF000000000035
(30.849191) can0 12B#0000000000013F78
(30.849295) can0 128#1388030000EC7862
(30.859306) can0 12E#0000000000000060
(30.859443) can0 174#5E7F0000356B0980
(30.859564) can0 120#069E000000000044
(30.869556) can0 121#0027001400080043
(30.869684) can0 129#0800000000000048
(30.869788) can0 174#777F0000066B0AE3
(30.879792) can0 12E#0000000000000080
(30.879921) can0 174#EC7F0000FF6A0B94
(30.880025) can0 178#BA7F07217E960B26
(30.890035) can0 17C#00000000D9860B82
(30.890163) can0 550#10000000000000D0
(30.890269) can0 120#069B000000000061
(30.900291) can0 121#0026001400080062
(30.900419) can0 174#89800000356B0DB5
(30.900523) can0 178#B47F09252C950D9E
(30.900633) can0 17C#000000000B880D98
(30.910521) can0 120#069E000000000084
(30.910657) can0 121#0026001400080082
(30.910760) can0 129#0800000000000088
(30.920764) can0 540#0206A200000000E8
(30.920898) can0 174#C87F0000556B0F55
(30.921010) can0 178#7B800000E3930F99
(30.931007) can0 541#0280000000000000
(30.931099) can0 120#06A40000000000AA
(30.931207) can0 121#00260014000800A2
(30.931311) can0 550#1000000000000030
(30.941250) can0 300#0F00000000000000
(30.941342) can0 174#827F00002D6B0101
(30.941451) can0 120#06A80000000000CE
(30.941570) can0 121#00260014000800C2
(30.951498) can0 129#08000000000000C8
(30.951634) can0 174#EC7F0000186B0237
(30.951747) can0 174#5A800000186B0387
(30.961735) can0 178#887F022123960380
(30.961872) can0 17C#000000008D870358
(30.961977) can0 120#06AA000000000030
(30.971978) can0 121#0026001400080022
(30.972106) can0 129#0800000000000028
(30.972211) can0 174#43800000226B05D8
(30.982221) can0 178#1480042F169405C9
(30.982349) can0 17C#00000000AB870523
(30.982462) can0 120#06AD000000000053
(30.992467) can0 121#0026001400080042
(30.992603) can0 129#0800000000000048
(30.992707) can0 174#CB7F00003E6B0697
(30.992810) can0 174#747F00002D6B0735
(31.002724) can0 178#70800624BA940723
(31.002850) can0 17C#00000000828607E6
(31.002960) can0 120#06AF000000000075
(31.012951) can0 121#0026001400080062
(31.013078) can0 129#0800000000000068
(31.013182) can0 540#0206B100000000E8
(31.023193) can0 174#EA7F0000016B09B0
(31.023329) can0 178#D37F082071960945
(31.023432) can0 541#0280000000000000
(31.023505) can0 120#06B2000000000098
(31.033436) can0 121#0026001300080081
(31.033572) can0 129#0800000000000088
(31.033676) can0 300#0F00000000000000
(31.033748) can0 174#8C800000186B0B7A
(31.043679) can0 178#B47F000018950B7A
(31.043807) can0 17C#00000000EC870B6F
(31.043911) can0 450#0000000000000000
(31.043984) can0 120#06B30000000000B9
(31.053924) can0 121#00260013000800A1
(31.054051) can0 129#08000000000000A8
(31.054155) can0 174#4C8000001D6B0CDF
(31.064165) can0 178#0B800125F5930C58
(31.064293) can0 17C#00000000B2870C4D
(31.064397) can0 174#CE7F0000406B0D2D
(31.074408) can0 178#54800239C2930D95
(31.074543) can0 17C#0000000019870D20
(31.074648) can0 290#0010000000000000
(31.084651) can0 129#08000000000000C8
(31.084779) can0 174#6C7F0000446B0E78
(31.084889) can0 178#51800321B1940E68
(31.094910) can0 17C#0000000096860E0D
(31.095038) can0 174#7A7F0000396B0FC2
(31.095142) can0 178#0B800420DA950F70
(31.095246) can0 17C#0000000082860F0E
(31.105137) can0 290#0040000000000000
(31.105266) can0 12B#0000000000013F78
(31.105337) can0 174#E47F0000356B006A
(31.105448) can0 178#BA7F0000719600B3
(31.115380) can0 17C#00000000E68600E3
(31.115508) can0 174#578000003C6B016D
(31.115620) can0 178#967F000036960190
(31.125624) can0 17C#000000008A8701E8
(31.125753) can0 174#83800000386B02E3
(31.125858) can0 178#B77F012245950292
(31.135870) can0 17C#00000000F687028D
(31.135998) can0 178#0E800220199403D9
(31.136103) can0 17C#00000000BF870373
(31.146109) can0 290#0040000000000000
(31.146201) can0 12B#0000000000014F77
(31.146309) can0 541#0280000000000000
(31.146382) can0 120#06C1000000000067
(31.146486) can0 121#0026001300080061
(31.156352) can0 129#0800000000000068
(31.156486) can0 17C#00000000238704F2
(31.156607) can0 290#0030000000000000
(31.166596) can0 12B#0000000000013F78
(31.166724) can0 450#0000000000000000
(31.166797) can0 290#0050000000000000
(31.166903) can0 12B#0000000000013F77
(31.176837) can0 120#06C700000000008D
(31.176973) can0 121#0026001300080081
(31.177077) can0 290#0050000000000000
(31.177149) can0 12B#0000000000013F78
(31.187083) can0 128#1388030000EC78C2
(31.187216) can0 12E#00000000000000C0
(31.187322) can0 174#D67F0000236B0748
(31.187425) can0 290#0030000000000000
(31.197339) can0 12B#0000000000013F78
(31.197431) can0 120#06C10000000000A7
(31.197547) can0 290#0030000000000000
(31.197620) can0 12B#0000000000014F78
(31.197724) can0 128#1388030000EC7822
(31.207568) can0 290#0030000000000000
(31.207660) can0 12B#0000000000013F78
(31.207768) can0 12A#1328012000000000
(31.207840) can0 290#0020000000000000
(31.207945) can0 12B#0000000000014F77
(31.217809) can0 128#1388030000EC7842
(31.217937) can0 290#0040000000000000
(31.218048) can0 12B#0000000000013F77
(31.228058) can0 120#06A1000000000027
(31.228185) can0 290#0050000000000000
(31.228299) can0 12B#0000000000013F78
(31.238301) can0 128#1388030000EC7862
(31.238428) can0 290#0020000000000000
(31.238549) can0 12B#0000000000013F78
(31.238621) can0 541#0280000000000000
(31.238694) can0 290#0020000000000000
(31.238767) can0 12B#0000000000013F77
(31.248551) can0 128#1388030000EC7882
(31.248678) can0 290#0040000000000000
(31.248790) can0 12B#0000000000014F78
(31.258781) can0 120#069A000000000060
(31.258909) can0 121#0027001400080063
(31.259013) can0 290#0030000000000000
(31.269024) can0 12B#0000000000013F78
(31.269152) can0 128#1388030000EC78A2
(31.269256) can0 12E#00000000000000A0
(31.279267) can0 12B#0000000000014F77
(31.279395) can0 120#06A1000000000087
(31.279499) can0 121#0027001400080083
(31.289523) can0 129#0800000000000088
(31.289657) can0 12B#0000000000013F78
(31.289762) can0 128#1388030000EC78C2
(31.289870) can0 12E#00000000000000C0
(31.299753) can0 550#1000000000000050
(31.299884) can0 120#06A70000000000AD
(31.299988) can0 121#00260014000800A2
(31.309996) can0 128#1388030000EC7822
(31.310123) can0 12E#0000000000000020
(31.310228) can0 174#DE7F0000016B0593
(31.320239) can0 120#06AC0000000000D2
(31.320366) can0 121#00260014000800C2
(31.320470) can0 129#08000000000000C8
(31.330482) can0 540#0206AF00000000E8
(31.330623) can0 174#7E800000336B0745
(31.330735) can0 178#E17F0B031E9507C3
(31.340725) can0 541#0280000000000000
(31.340822) can0 120#06B2000000000038
(31.340937) can0 121#0026001300080021
(31.341041) can0 550#1000000000000070
(31.350968) can0 300#0F00000000000000
(31.351060) can0 174#CB7F0000396B09A6
(31.351169) can0 178#6A800D2FC593098C
(31.351273) can0 120#06BD000000000043
(31.361211) can0 121#0025001300080040
(31.361338) can0 129#0800000000000048
(31.361443) can0 174#747F0000EE6A0BC9
(31.371459) can0 178#16800F0DD5950B11
(31.371595) can0 17C#000000007A860BFE
(31.371707) can0 120#06C500000000006B
(31.381705) can0 121#0026001300080061
(31.381832) can0 129#0800000000000068
(31.381945) can0 174#D97F0000F56A0C2A
(31.382047) can0 174#4E800000176B0D77
(31.391959) can0 178#967F010841960D38
(31.392087) can0 17C#000000009E870D6A
(31.392192) can0 120#06C800000000008E
(31.402188) can0 121#0026001300080081
(31.402315) can0 129#0800000000000088
(31.402428) can0 174#57800000366B0FC4
(31.412425) can0 178#148001280E940F24
(31.412562) can0 17C#00000000BD870FEC
(31.412666) can0 120#06CC0000000000B2
(31.422668) can0 121#00260013000800A1
(31.422796) can0 129#08000000000000A8
(31.422901) can0 540#0206CE00000000E9
(31.432913) can0 174#747F00002D6B017B
(31.433054) can0 178#5A800321C19401AE
(31.433160) can0 541#0280000000000000
(31.433233) can0 120#06D00000000000D6
(31.443154) can0 121#00250012000800DF
(31.443282) can0 300#0F00000000000000
(31.443355) can0 174#DC7F0000F96A03AF
(31.443459) can0 178#AF7F052386960334
(31.453397) can0 17C#000000000087031D
(31.453526) can0 450#0000000000000000
(31.453607) can0 120#06CB000000000031
(31.453711) can0 121#0025001300080020
(31.463640) can0 129#0800000000000028
(31.463768) can0 174#4C8000000A6B04A5
(31.463876) can0 178#887F06224D960485
(31.473884) can0 174#7E800000276B0561
(31.474012) can0 178#B27F072444950572
(31.474116) can0 17C#00000000188805E4
(31.484140) can0 290#0030000000000000
(31.484232) can0 121#0027001300080042
(31.484340) can0 129#0800000000000048
(31.484444) can0 174#40800000356B068A
(31.484557) can0 178#118008231E9406C6
(31.494369) can0 174#CB7F00004A6B07C4
(31.494497) can0 178#65800920E193079D
(31.494609) can0 17C#00000000118707FE
(31.504613) can0 290#0020000000000000
(31.504742) can0 174#777F0000366B08F1
(31.504854) can0 178#70800A21CB94084E
(31.514856) can0 17C#000000008086085E
(31.514984) can0 174#857F0000126B09C9
(31.515088) can0 178#27800B29E89509BC
(31.525098) can0 17C#00000000788609C7
(31.525226) can0 174#EA7F0000176B0A8A
(31.525330) can0 178#C07F000065960A1F
(31.535341) can0 17C#0000000002870AEB
(31.535470) can0 174#578000002A6B0BA2
(31.535582) can0 178#987F00000D960BEB
(31.545585) can0 17C#00000000BA870B12
(31.545714) can0 290#0040000000000000
(31.545819) can0 12B#0000000000013F78
(31.545891) can0 174#81800000316B0C7C
(31.555827) can0 178#C87F00FF0C950C22
(31.555955) can0 17C#0000000013880C91
(31.556060) can0 290#0010000000000000
(31.566070) can0 178#2780000005940D13
(31.566198) can0 17C#00000000B7870DD9
(31.566303) can0 450#0000000000000000
(31.566376) can0 290#0040000000000000
(31.576323) can0 17C#0000000005870E15
(31.576452) can0 290#0040000000000000
(31.576524) can0 12B#0000000000013F77
(31.576640) can0 128#1388030000EC7842
(31.576742) can0 12E#0000000000000040
(31.586573) can0 290#0010000000000000
(31.586707) can0 12B#0000000000013F78
(31.586813) can0 120#06A900000000002F
(31.596806) can0 290#0030000000000000
(31.596935) can0 12B#0000000000013F78
(31.597007) can0 128#1388030000EC7862
(31.597118) can0 290#0010000000000000
(31.607041) can0 12B#0000000000014F78
(31.607170) can0 12A#1328012000000000
(31.607249) can0 450#0000000000000000
(31.607322) can0 290#0010000000000000
(31.607395) can0 12B#0000000000013F78
(31.607499) can0 290#0030000000000000
(31.617284) can0 12B#0000000000013F78
(31.617376) can0 120#06A1000000000067
(31.617484) can0 290#0040000000000000
(31.617597) can0 12B#0000000000014F78
(31.627535) can0 128#1388030000EC78A2
(31.627662) can0 290#0030000000000000
(31.627768) can0 12B#0000000000013F77
(31.637770) can0 120#069900000000009F
(31.637899) can0 290#0030000000000000
(31.637972) can0 12B#0000000000013F78
(31.638084) can0 128#1388030000EC78C2
(31.648021) can0 12E#00000000000000C0
(31.648149) can0 290#0030000000000000
(31.648222) can0 12B#0000000000013F78
(31.648302) can0 120#06950000000000BB
(31.648412) can0 290#0000000000000000
(31.658262) can0 12B#0000000000013F77
(31.658390) can0 128#1388030000EC7822
(31.658502) can0 290#0020000000000000
(31.668507) can0 12B#0000000000014F78
(31.668640) can0 120#069C0000000000C2
(31.668744) can0 121#00270014000800C3
(31.678756) can0 290#0040000000000000
(31.678888) can0 12B#0000000000013F78
(31.678992) can0 128#1388030000EC7842
(31.679096) can0 12E#0000000000000040
(31.688985) can0 12B#0000000000013F77
(31.689113) can0 12A#1328012000000000
(31.689185) can0 550#1000000000000090
(31.689290) can0 290#0030000000000000
(31.699228) can0 12B#0000000000013F77
(31.699320) can0 128#1388030000EC7862
(31.699427) can0 120#06B3000000000059
(31.699539) can0 121#0026001300080041
(31.709476) can0 129#0800000000000048
(31.709576) can0 12E#0000000000000080
(31.709685) can0 540#0206B600000000E9
(31.709794) can0 174#E17F0000146B0F5A
(31.719714) can0 120#06B3000000000079
(31.719842) can0 121#0026001300080061
(31.719946) can0 129#0800000000000068
(31.729957) can0 541#0280000000000000
(31.730050) can0 12C#0000000000000000
(31.730127) can0 5A0#0069200000000029
(31.730244) can0 550#10000000000000B0
(31.730352) can0 120#06AE000000000094
(31.740200) can0 121#0026001400080082
(31.740327) can0 129#0800000000000088
(31.740432) can0 174#C87F00004F6B03DE
(31.750443) can0 178#6A800925F29303F2
(31.750579) can0 17C#000000000087031D
(31.750684) can0 290#0020000000000000
(31.760686) can0 120#06A40000000000AA
(31.760814) can0 121#00260014000800A2
(31.760918) can0 129#08000000000000A8
(31.770934) can0 174#6C7F0000476B0426
(31.771062) can0 174#717F0000306B05A6
(31.771166) can0 178#22800125C19505D6
(31.771269) can0 17C#0000000083860553
(31.781188) can0 290#0030000000000000
(31.781317) can0 550#10000000000000D0
(31.781422) can0 120#069E0000000000C4
(31.791415) can0 121#00270014000800C3
(31.791559) can0 174#43800000256B0768
(31.791663) can0 178#8A7F03211796070A
(31.801663) can0 17C#00000000A3870715
(31.801791) can0 120#06A0000000000026
(31.801905) can0 121#0026001400080022
(31.811902) can0 129#0800000000000028
(31.812039) can0 540#0206A100000000E9
(31.812148) can0 174#578000002B6B0917
(31.822151) can0 178#14800000509409A7
(31.822279) can0 120#06A2000000000048
(31.822398) can0 121#0027001400080043
(31.832386) can0 129#0800000000000048
(31.832515) can0 541#0280000000000000
(31.832593) can0 300#0F00000000000000
(31.832666) can0 174#7A7F0000396B0BB6
(31.832770) can0 178#5F800122B2940BE2
(31.842629) can0 17C#000000009F860BE7
(31.842758) can0 120#06A400000000006A
(31.842867) can0 121#0026001400080062
(31.852875) can0 129#0800000000000068
(31.853003) can0 174#D67F0000176B0DB4
(31.853107) can0 178#CB7F033268960D0A
(31.863115) can0 17C#00000000DB860DCF
(31.863244) can0 120#06A3000000000089
(31.863348) can0 121#0026001400080082
(31.873372) can0 129#0800000000000088
(31.873500) can0 174#81800000236B0F40
(31.873612) can0 178#E17F052360950F36
(31.873717) can0 17C#000000000A880F2D
(31.883603) can0 290#0040000000000000
(31.883732) can0 12B#0000000000013F78
(31.883836) can0 120#069E0000000000A4
(31.893844) can0 121#00260014000800A2
(31.893972) can0 129#08000000000000A8
(31.894076) can0 174#DE7F0000316B01CF
(31.904087) can0 178#73800721D8930199
(31.904215) can0 17C#000000004887014B
(31.904327) can0 290#0030000000000000
(31.914330) can0 129#08000000000000C8
(31.914458) can0 174#777F0000366B0223
(31.914571) can0 178#6D8008278294029D
(31.924574) can0 17C#00000000A7860236
(31.924703) can0 174#747F00002E6B03CD
(31.924807) can0 178#228000009D950319
(31.934816) can0 17C#000000006F860387
(31.934945) can0 290#0020000000000000
(31.935050) can0 174#CB7F0000206B04BC
(31.945059) can0 178#C57F012042960417
(31.945187) can0 17C#00000000BF86046C
(31.945292) can0 290#0030000000000000
(31.955302) can0 12B#0000000000013F78
(31.955393) can0 174#3B8000002B6B0581
(31.955501) can0 178#937F0000109605E5
(31.955614) can0 17C#000000006187058C
(31.965555) can0 450#0000000000000000
(31.965648) can0 290#0030000000000000
(31.965720) can0 174#73800000206B062A
(31.965829) can0 178#A97F011261950607
(31.965933) can0 17C#00000000D28706CF
(31.966036) can0 178#0080020F56940768
(31.975804) can0 17C#00000000C7870743
(31.975933) can0 290#0030000000000000
(31.976005) can0 17C#000000004387083E
(31.976110) can0 290#0020000000000000
(31.986031) can0 12B#0000000000013F77
(31.986159) can0 128#1388030000EC78A2
(31.986263) can0 12E#00000000000000A0
(31.996281) can0 174#937F00002A6B0987
(31.996409) can0 290#0040000000000000
(31.996523) can0 12B#0000000000013F77
(31.996601) can0 12A#1328012000000000
(31.996672) can0 450#0000000000000000
(31.996753) can0 290#0010000000000000
(32.006517) can0 12B#0000000000013F78
(32.006651) can0 290#0050000000000000
(32.006756) can0 12B#0000000000013F78
(32.006826) can0 120#069B0000000000A1
(32.016765) can0 290#0040000000000000
(32.016897) can0 12B#0000000000014F78
(32.017001) can0 128#1388030000EC7822
(32.027003) can0 290#0040000000000000
(32.027094) can0 12B#0000000000013F78
(32.027202) can0 120#06A00000000000C6
(32.027306) can0 121#00260014000800C2
(32.037245) can0 290#0040000000000000
(32.037337) can0 12B#0000000000013F77
(32.037445) can0 128#1388030000EC7842
(32.037557) can0 290#0020000000000000
(32.047488) can0 12B#0000000000013F78
(32.047624) can0 120#06A600000000002C
(32.047728) can0 290#0010000000000000
(32.057732) can0 12B#0000000000013F78
(32.057823) can0 128#1388030000EC7862
(32.057930) can0 290#0000000000000000
(32.058043) can0 12B#0000000000014F77
(32.067988) can0 120#06AE000000000054
(32.068122) can0 290#0050000000000000
(32.068234) can0 12B#0000000000013F78
(32.068339) can0 128#1388030000EC7882
(32.078217) can0 12E#0000000000000080
(32.078352) can0 290#0020000000000000
(32.078457) can0 12B#0000000000013F78
(32.078545) can0 12A#1328012000000000
(32.078616) can0 550#10000000000000D0
(32.078688) can0 290#0040000000000000
(32.088460) can0 12B#0000000000013F78
(32.088566) can0 128#1388030000EC78A2
(32.088673) can0 12B#0000000000014F77
(32.088777) can0 120#06BC000000000082
(32.098703) can0 121#0026001300080081
(32.098830) can0 12B#0000000000013F78
(32.098935) can0 128#1388030000EC78C2
(32.108947) can0 12E#00000000000000C0
(32.109075) can0 540#0206C000000000EB
(32.109185) can0 120#06C40000000000AA
(32.119189) can0 121#00260013000800A1
(32.119317) can0 129#08000000000000A8
(32.119421) can0 12E#0000000000000020
(32.129432) can0 12A#1328012000000000
(32.129523) can0 12C#0000000000000000
(32.129601) can0 120#06C90000000000CF
(32.129709) can0 121#00260013000800C1
(32.129813) can0 129#08000000000000C8
(32.139675) can0 174#7B800000256B0BF0
(32.139803) can0 178#A17F0423B1950BC1
(32.139907) can0 17C#00000000F4870B7B
(32.149920) can0 120#06C800000000002E
(32.150047) can0 121#0026001300080021
(32.150151) can0 129#0800000000000028
(32.160164) can0 174#62800000336B0C88
(32.160291) can0 174#F57F00004C6B0DC4
(32.160396) can0 178#40800622CB930D70
(32.160498) can0 17C#000000004D870D5E
(32.170420) can0 290#0000000000000000
(32.170558) can0 550#1000000000000050
(32.170663) can0 120#06C700000000004D
(32.180647) can0 121#0026001300080041
(32.180774) can0 129#0800000000000048
(32.180881) can0 174#667F0000286B0F57
(32.190892) can0 178#278008235A950F1C
(32.191020) can0 17C#0000000080860F0D
(32.191125) can0 120#06C500000000006B
(32.201133) can0 121#0026001300080061
(32.201260) can0 129#0800000000000068
(32.201365) can0 540#0206BE00000000EB
(32.211376) can0 174#30800000276B01CA
(32.211512) can0 178#AF7F0A21689601CC
(32.211624) can0 17C#0000000066870172
(32.221618) can0 290#0010000000000000
(32.221755) can0 120#06BA000000000080
(32.221861) can0 121#0025001300080080
(32.231867) can0 129#0800000000000088
(32.231995) can0 300#0F00000000000000
(32.232068) can0 174#6D800000366B03E6
(32.232172) can0 178#1680000080940377
(32.242105) can0 120#06B00000000000B6
(32.242240) can0 121#00260014000800A2
(32.242344) can0 129#08000000000000A8
(32.252348) can0 174#907F00002D6B0576
(32.252475) can0 178#738000FF569405A7
(32.252587) can0 17C#00000000AC8605E5
(32.262611) can0 120#06A40000000000CA
(32.262739) can0 121#00270014000800C3
(32.262842) can0 129#08000000000000C8
(32.262947) can0 174#C57F0000F66A076B
(32.272833) can0 178#F27F01204C960761
(32.272961) can0 17C#00000000BD860748
(32.273066) can0 290#0030000000000000
(32.283076) can0 120#069D000000000023
(32.283204) can0 121#0027001400080023
(32.283308) can0 129#0800000000000028
(32.293319) can0 174#7E800000116B09D0
(32.293452) can0 178#B47F0326AE950930
(32.293566) can0 17C#00000000EC870955
(32.303564) can0 290#0030000000000000
(32.303656) can0 121#0026001400080042
(32.303764) can0 129#0800000000000048
(32.303870) can0 174#65800000236B0A50
(32.313805) can0 178#F57F04257D940A5D
(32.313933) can0 17C#00000000E7870AF2
(32.314038) can0 174#FA7F0000406B0BDC
(32.324048) can0 178#43800520D5930B51
(32.324176) can0 17C#0000000048870B99
(32.324281) can0 541#0280000000000000
(32.324354) can0 174#8A7F0000476B0C0D
(32.334291) can0 178#6580062147940CBF
(32.334419) can0 17C#000000009B860CB2
(32.334524) can0 300#0F00000000000000
(32.334602) can0 174#717F0000306B0D4E
(32.344542) can0 178#3880072169950D3C
(32.344670) can0 17C#0000000057860D05
(32.344775) can0 450#0000000000000000
(32.344848) can0 290#0020000000000000
(32.354780) can0 174#BD7F0000096B0E06
(32.354909) can0 178#D67F08204C960E8F
(32.355013) can0 17C#00000000B1860EB7
(32.355116) can0 290#0000000000000000
(32.365036) can0 174#32800000156B0FFD
(32.365164) can0 178#887F092558960F53
(32.365275) can0 17C#0000000074870FCF
(32.375263) can0 174#7B8000001C6B0094
(32.375391) can0 178#937F0A29AE950051
(32.375495) can0 17C#0000000007880013
(32.385506) can0 290#0030000000000000
(32.385649) can0 178#F87F000069940146
(32.385753) can0 17C#0000000000880184
(32.395749) can0 290#0030000000000000
(32.395841) can0 12B#0000000000013F77
(32.395950) can0 12A#1328012000000000
(32.396021) can0 17C#0000000060870250
(32.396126) can0 450#0000000000000000
(32.396199) can0 290#0010000000000000
(32.405992) can0 290#0030000000000000
(32.406121) can0 12B#0000000000013F78
(32.406225) can0 120#06B900000000003F
(32.416235) can0 290#0020000000000000
(32.416372) can0 12B#0000000000013F77
(32.416476) can0 128#1388030000EC7862
(32.426478) can0 12E#0000000000000060
(32.426614) can0 290#0030000000000000
(32.426720) can0 12B#0000000000013F78
(32.436728) can0 120#06C2000000000048
(32.436856) can0 121#0026001300080041
(32.436960) can0 290#0020000000000000
(32.446964) can0 12B#0000000000014F78
(32.447092) can0 128#1388030000EC7882
(32.447195) can0 12E#0000000000000080
(32.457220) can0 290#0000000000000000
(32.457350) can0 12B#0000000000013F78
(32.457454) can0 120#06CA000000000070
(32.457566) can0 121#0025001300080060
(32.467450) can0 290#0050000000000000
(32.467585) can0 12B#0000000000013F78
(32.467657) can0 128#1388030000EC78A2
(32.467760) can0 290#0000000000000000
(32.477693) can0 12B#0000000000014F78
(32.477821) can0 120#06D3000000000099
(32.477925) can0 121#0026001200080080
(32.487936) can0 129#0800000000000088
(32.488072) can0 290#0040000000000000
(32.488178) can0 12B#0000000000013F77
(32.498178) can0 128#1388030000EC78C2
(32.498314) can0 290#0020000000000000
(32.498419) can0 12B#0000000000013F78
(32.508421) can0 12A#1328012000000000
(32.508520) can0 290#0020000000000000
(32.508601) can0 12B#0000000000013F78
(32.508673) can0 128#1388030000EC7822
(32.508780) can0 290#0010000000000000
(32.508892) can0 12B#0000000000013F78
(32.508963) can0 120#06D90000000000DF
(32.518664) can0 121#00250012000800DF
(32.518792) can0 290#0000000000000000
(32.518898) can0 12B#0000000000013F78
(32.518975) can0 128#1388030000EC7842
(32.528909) can0 290#0030000000000000
(32.529038) can0 12B#0000000000014F78
(32.529143) can0 120#06D1000000000037
(32.539150) can0 12B#0000000000013F78
(32.539279) can0 128#1388030000EC7862
(32.539382) can0 12E#0000000000000060
(32.549396) can0 12B#0000000000013F78
(32.549487) can0 120#06C2000000000048
(32.549603) can0 121#0025001300080040
(32.549707) can0 12E#0000000000000080
(32.549811) can0 174#C87F0000156B03A9
(32.559652) can0 178#D67F00006A960306
(32.559780) can0 120#06C500000000006B
(32.559889) can0 121#0025001300080060
(32.569884) can0 129#0800000000000068
(32.570012) can0 174#468000002B6B0472
(32.570116) can0 178#8A7F0122589604A5
(32.580122) can0 174#91800000336B0533
(32.580250) can0 178#9E7F022073950595
(32.580354) can0 17C#00000000F28705D8
(32.590365) can0 550#1000000000000090
(32.590494) can0 120#06CD000000000093
(32.590606) can0 121#0025001300080080
(32.600609) can0 174#E47F0000476B0772
(32.600737) can0 178#4C800420B59307AB
(32.600841) can0 17C#0000000056870714
(32.610851) can0 120#06DB0000000000A1
(32.610984) can0 121#00250012000800BF
(32.611090) can0 129#08000000000000A8
(32.621094) can0 174#6C7F00003C6B0872
(32.621222) can0 540#0206E000000000EC
(32.621331) can0 174#637F0000256B09A8
(32.631337) can0 178#2A800632CF95094B
(32.631473) can0 120#06E10000000000C7
(32.631585) can0 121#00250012000800DF
(32.641581) can0 129#08000000000000C8
(32.641717) can0 550#10000000000000B0
(32.641823) can0 300#0F00000000000000
(32.641905) can0 174#4C800000276B0BAB
(32.651836) can0 120#06D700000000003D
(32.651964) can0 121#0026001200080020
(32.652074) can0 129#0800000000000028
(32.652179) can0 174#5C800000406B0D86
(32.662073) can0 178#0E800120EE930D3A
(32.662201) can0 17C#00000000C2870D18
(32.662314) can0 120#06C500000000004B
(32.672309) can0 121#0026001300080041
(32.672436) can0 129#0800000000000048
(32.672549) can0 174#7A7F0000396B0FC2
(32.682553) can0 178#62800112AC940FD8
(32.682681) can0 17C#00000000AF860FBB
(32.682786) can0 120#06B700000000007D
(32.692795) can0 121#0026001300080061
(32.692922) can0 129#0800000000000068
(32.693033) can0 174#7F7F0000146B00F8
(32.703037) can0 174#E17F0000126B01F9
(32.703173) can0 178#BA7F0302AA96010F
(32.703278) can0 17C#00000000FF860165
(32.713280) can0 290#0050000000000000
(32.713410) can0 12B#0000000000013F78
(32.713481) can0 120#06B1000000000097
(32.713593) can0 121#0026001400080082
(32.723523) can0 129#0800000000000088
(32.723657) can0 174#54800000236B0233
(32.723761) can0 178#827F040552960257
(32.733766) can0 174#898000002A6B038D
(32.733897) can0 178#9E7F051226950369
(32.734001) can0 17C#00000000028803BD
(32.744012) can0 121#00270014000800A3
(32.744140) can0 129#08000000000000A8
(32.744244) can0 541#0280000000000000
(32.744317) can0 174#498000001C6B048C
(32.744420) can0 178#FD7F0614F29304B0
(32.754268) can0 17C#00000000AE8704B7
(32.754397) can0 300#0F00000000000000
(32.754477) can0 174#C87F00001D6B05EB
(32.754589) can0 178#4E80072FC293053F
(32.764495) can0 17C#000000000B8705D3
(32.764632) can0 174#697F00000C6B06C8
(32.764736) can0 178#5A800802C8940647
(32.774738) can0 17C#000000009186066F
(32.774871) can0 174#7F7F0000F86A077D
(32.774982) can0 178#1F80090FFE9507F4
(32.784981) can0 17C#00000000988607F1
(32.785110) can0 290#0020000000000000
(32.785215) can0 174#EF7F0000016B0899
(32.795224) can0 178#D07F0A138F96083F
(32.795352) can0 17C#00000000168708CF
(32.795457) can0 290#0030000000000000
(32.805467) can0 174#68800000186B0939
(32.805603) can0 178#A47F0B03419609A5
(32.805707) can0 17C#00000000BC87092D
(32.815710) can0 174#948000002D6B0AAD
(32.815838) can0 178#C87F0C0829950A2D
(32.815942) can0 17C#0000000012880A50
(32.825953) can0 450#0000000000000000
(32.826046) can0 174#4C800000306B0B39
(32.826154) can0 178#27800D2FF4930B29
(32.826258) can0 17C#00000000B7870B97
(32.836203) can0 290#0030000000000000
(32.836295) can0 178#6A800E07B7930CC6
(32.836404) can0 17C#0000000010870CBE
(32.836517) can0 290#0030000000000000
(32.836598) can0 12B#0000000000013F77
(32.846452) can0 128#1388030000EC78A2
(32.846584) can0 12E#00000000000000A0
(32.846689) can0 17C#0000000090860D2F
(32.846794) can0 290#0030000000000000
(32.846867) can0 12B#0000000000013F78
(32.856687) can0 120#06C2000000000088
(32.856820) can0 290#0030000000000000
(32.856895) can0 12B#0000000000013F77
(32.857000) can0 128#1388030000EC78C2
(32.866927) can0 450#0000000000000000
(32.867020) can0 290#0020000000000000
(32.867129) can0 12B#0000000000013F78
(32.867234) can0 290#0040000000000000
(32.877168) can0 12B#0000000000013F78
(32.877259) can0 128#1388030000EC7822
(32.877367) can0 290#0020000000000000
(32.877472) can0 12B#0000000000013F77
(32.887411) can0 120#06D20000000000D8
(32.887547) can0 121#00260012000800C0
(32.887650) can0 129#08000000000000C8
(32.897654) can0 290#0020000000000000
(32.897746) can0 12B#0000000000013F78
(32.897855) can0 128#1388030000EC7842
(32.897959) can0 290#0020000000000000
(32.898039) can0 12B#0000000000013F77
(32.907898) can0 12A#1328012000000000
(32.907997) can0 290#0040000000000000
(32.908106) can0 12B#0000000000013F78
(32.908211) can0 128#1388030000EC7862
(32.918139) can0 12E#0000000000000060
(32.918276) can0 290#0010000000000000
(32.918381) can0 12B#0000000000013F77
(32.928382) can0 120#06E2000000000048
(32.928522) can0 290#0010000000000000
(32.928604) can0 12B#0000000000013F78
(32.928708) can0 128#1388030000EC7882
(32.938628) can0 290#0010000000000000
(32.938721) can0 12B#0000000000013F77
(32.938829) can0 120#06DF000000000065
(32.938934) can0 290#0010000000000000
(32.939006) can0 12B#0000000000013F78
(32.939109) can0 128#1388030000EC78A2
(32.948887) can0 290#0040000000000000
(32.949016) can0 12B#0000000000013F77
(32.949120) can0 120#06DC000000000082
(32.959111) can0 290#0000000000000000
(32.959241) can0 12B#0000000000013F77
(32.959312) can0 128#1388030000EC78C2
(32.959416) can0 120#06D90000000000BF
(32.969354) can0 121#00260012000800A0
(32.969482) can0 129#08000000000000A8
(32.969594) can0 174#967F0000F16A0CAE
(32.979599) can0 128#1388030000EC7822
(32.979726) can0 12E#0000000000000020
(32.979831) can0 174#08800000FE6A0D25
(32.989840) can0 550#10000000000000D0
(32.989970) can0 120#06E00000000000C6
(32.990074) can0 121#00250012000800DF
(33.000083) can0 174#86800000286B0F4E
(33.000208) can0 178#D67F0000B4940FB3
(33.000317) can0 17C#00000000E7870F9B
(33.010326) can0 290#0050000000000000
(33.010455) can0 120#06E700000000002D
(33.010566) can0 121#0026001200080020
(33.020570) can0 129#0800000000000028
(33.020698) can0 540#0206EB00000000ED
(33.020807) can0 174#967F0000366B0149
(33.030812) can0 178#7B800222039401EF
(33.030940) can0 120#06EF000000000055
(33.031043) can0 121#0026001200080040
(33.041069) can0 129#0800000000000048
(33.041196) can0 550#1000000000000030
(33.041302) can0 300#0F00000000000000
(33.041374) can0 174#937F0000F86A03A2
(33.041478) can0 178#118004256A9603D2
(33.051298) can0 120#06F700000000007D
(33.051425) can0 121#002500110008007E
(33.051545) can0 129#0800000000000068
(33.061549) can0 174#8C800000236B0574
(33.061676) can0 178#C07F0621E995050C
(33.061788) can0 17C#00000000E68705C6
(33.071789) can0 290#0020000000000000
(33.071918) can0 120#06F800000000009E
(33.072022) can0 121#002500110008009E
(33.082027) can0 129#0800000000000088
(33.082163) can0 174#86800000386B06A3
(33.082267) can0 174#148000005C6B074A
(33.092270) can0 178#3E8008209893076E
(33.092397) can0 17C#000000009387073D
(33.092502) can0 290#0010000000000000
(33.102513) can0 120#06FA0000000000A0
(33.102655) can0 121#00250011000800BE
(33.102759) can0 129#08000000000000A8
(33.112756) can0 174#907F00004E6B082B
(33.112886) can0 174#637F00001C6B0903
(33.112990) can0 178#24800A298D9509E8
(33.122999) can0 17C#000000008D8609C6
(33.123127) can0 120#06FC0000000000C2
(33.123231) can0 121#00250011000800DE
(33.133244) can0 129#08000000000000C8
(33.133372) can0 540#0206FD00000000ED
(33.133482) can0 174#30800000F56A0BEF
(33.133600) can0 178#8A7F0120B8960BA9
(33.143501) can0 120#06FD000000000023
(33.143636) can0 121#002400110008003D
(33.143740) can0 129#0800000000000028
(33.153727) can0 541#0280000000000000
(33.153820) can0 174#8F8000000C6B0CD0
(33.153929) can0 178#937F0000A5950CA5
(33.154033) can0 300#0F00000000000000
(33.154106) can0 174#73800000286B0DE9
(33.163970) can0 178#EA7F012024940D1C
(33.164098) can0 120#06FF000000000045
(33.164202) can0 121#002500110008005E
(33.174213) can0 129#0800000000000048
(33.174342) can0 174#6F7F00005A6B0F93
(33.174446) can0 178#6A8003247D940FEF
(33.184456) can0 17C#00000000B5860FAC
(33.184593) can0 174#637F00002B6B0054
(33.184697) can0 178#3B80042FDB9500FA
(33.194699) can0 17C#000000008586003F
(33.194828) can0 174#D37F0000176B011C
(33.194932) can0 178#DE7F0512B0960184
(33.204943) can0 17C#00000000DB860153
(33.205071) can0 174#62800000046B028C
(33.205176) can0 178#9E7F062483960261
(33.215185) can0 17C#00000000828702C3
(33.215314) can0 450#0000000000000000
(33.215387) can0 174#A28000001A6B03FF
(33.215491) can0 178#B47F072628950392
(33.225428) can0 17C#0000000005880337
(33.225565) can0 290#0010000000000000
(33.225638) can0 174#578000003C6B0404
(33.225742) can0 178#11800820C8930402
(33.235685) can0 17C#00000000D68704F3
(33.235813) can0 174#C57F00004F6B0576
(33.235918) can0 178#62800925939305B1
(33.236022) can0 17C#000000002F8705E5
(33.245916) can0 178#6A800000B2940686
(33.246044) can0 17C#00000000968606E5
(33.246149) can0 290#0030000000000000
(33.256162) can0 17C#0000000078860761
(33.256291) can0 450#0000000000000000
(33.256364) can0 290#0010000000000000
(33.256477) can0 12B#0000000000013F77
(33.256557) can0 120#06D900000000003F
(33.266400) can0 121#0026001200080020
(33.266535) can0 129#0800000000000028
(33.266640) can0 290#0010000000000000
(33.266712) can0 12B#0000000000013F78
(33.276648) can0 128#1388030000EC7862
(33.276775) can0 12E#0000000000000060
(33.276883) can0 290#0040000000000000
(33.286888) can0 12B#0000000000013F77
(33.287016) can0 120#06C700000000004D
(33.287120) can0 290#0020000000000000
(33.297129) can0 12B#0000000000013F77
(33.297220) can0 128#1388030000EC7882
(33.297327) can0 290#0030000000000000
(33.297433) can0 12B#0000000000013F77
(33.297504) can0 12A#1328012000000000
(33.297584) can0 550#10000000000000D0
(33.307372) can0 120#06B900000000007F
(33.307499) can0 290#0030000000000000
(33.307580) can0 12B#0000000000013F77
(33.307651) can0 128#1388030000EC78A2
(33.307755) can0 290#0010000000000000
(33.317616) can0 12B#0000000000013F78
(33.317749) can0 120#06A900000000008F
(33.317856) can0 290#0000000000000000
(33.327862) can0 12B#0000000000013F77
(33.327999) can0 128#1388030000EC78C2
(33.328102) can0 290#0040000000000000
(33.328206) can0 12B#0000000000013F77
(33.328286) can0 120#06A70000000000AD
(33.338117) can0 290#0010000000000000
(33.338254) can0 12B#0000000000013F78
(33.338358) can0 128#1388030000EC7822
(33.348344) can0 290#0030000000000000
(33.348480) can0 12B#0000000000013F77
(33.348593) can0 120#06AA0000000000D0
(33.358588) can0 290#0020000000000000
(33.358717) can0 12B#0000000000013F78
(33.358821) can0 128#1388030000EC7842
(33.368829) can0 290#0020000000000000
(33.368922) can0 12B#0000000000013F77
(33.369030) can0 120#06AD000000000033
(33.369134) can0 290#0020000000000000
(33.369207) can0 12B#0000000000013F77
(33.369278) can0 128#1388030000EC7862
(33.379072) can0 12E#0000000000000060
(33.379164) can0 12A#1328012000000000
(33.379236) can0 550#1000000000000050
(33.379345) can0 120#06B3000000000059
(33.379449) can0 121#0026001400080042
(33.389315) can0 128#1388030000EC7882
(33.389442) can0 12E#0000000000000080
(33.389556) can0 174#83800000116B0739
(33.399560) can0 120#06C2000000000068
(33.399687) can0 121#0026001300080061
(33.399791) can0 129#0800000000000068
(33.409801) can0 540#0206C800000000EE
(33.409935) can0 174#22800000516B096C
(33.410047) can0 178#4E80020F86930950
(33.420044) can0 120#06CF000000000095
(33.420172) can0 121#0026001300080081
(33.420276) can0 129#0800000000000088
(33.430301) can0 5A0#00692000000000C9
(33.430430) can0 550#1000000000000070
(33.430544) can0 300#0F00000000000000
(33.430617) can0 120#06DF0000000000A5
(33.430721) can0 121#00250012000800BF
(33.440538) can0 129#08000000000000A8
(33.440666) can0 174#907F0000F36A0C7E
(33.440771) can0 174#14800000FF6A0DA8
(33.450773) can0 178#8D7F06148D960DE2
(33.450903) can0 17C#0000000042870DD8
(33.451008) can0 120#06D90000000000DF
(33.461016) can0 121#00260012000800C0
(33.461144) can0 129#08000000000000C8
(33.461248) can0 174#788000002D6B0F6F
(33.471259) can0 178#C27F08027C940F9F
(33.471392) can0 17C#00000000FF870F8F
(33.471505) can0 290#0050000000000000
(33.481502) can0 12B#0000000000013F77
(33.481602) can0 550#1000000000000090
(33.481719) can0 120#06D0000000000036
(33.481823) can0 121#0026001300080021
(33.491750) can0 129#0800000000000028
(33.491881) can0 174#907F0000466B01D2
(33.491985) can0 178#6A800A13319401A5
(33.501988) can0 17C#00000000E7860171
(33.502124) can0 120#06C400000000004A
(33.502228) can0 121#0025001300080040
(33.512231) can0 129#0800000000000048
(33.512359) can0 540#0206BE00000000EE
(33.512469) can0 174#B47F0000016B0304
(33.522476) can0 178#EF7F0C0865960387
(33.522612) can0 120#06B900000000007F
(33.522716) can0 121#0026001300080061
(33.522819) can0 129#0800000000000068
(33.532733) can0 300#0F00000000000000
(33.532825) can0 174#83800000146B058A
(33.532934) can0 178#AC7F0E07BE9505A0
(33.533038) can0 120#06B500000000009B
(33.542960) can0 121#0026001300080081
(33.543087) can0 129#0800000000000088
(33.543192) can0 174#00800000396B0743
(33.553203) can0 178#5F800002AA9307B3
(33.553336) can0 17C#000000006A870736
(33.553442) can0 290#0000000000000000
(33.563446) can0 121#00270014000800A3
(33.563580) can0 129#08000000000000A8
(33.563684) can0 174#887F00002A6B0816
(33.573688) can0 178#7E8001083794084F
(33.573817) can0 17C#00000000CB8608BE
(33.573922) can0 174#6C7F00000E6B0944
(33.583934) can0 178#43800000849509BC
(33.584062) can0 17C#000000008D8609C6
(33.584167) can0 290#0030000000000000
(33.594174) can0 12B#0000000000013F77
(33.594266) can0 174#BD7F0000FC6A0A3F
(33.594374) can0 178#D37F012876960A69
(33.594478) can0 17C#00000000E3860AB8
(33.604417) can0 450#0000000000000000
(33.604518) can0 174#3B8000001F6B0B09
(33.604635) can0 178#827F02206B960BF1
(33.604739) can0 17C#0000000098870B21
(33.614660) can0 290#0040000000000000
(33.614789) can0 174#838000002B6B0CD1
(33.614896) can0 178#8D7F03219D950C50
(33.624919) can0 17C#000000001B880C9D
(33.625047) can0 290#0030000000000000
(33.625153) can0 174#6A800000366B0DCE
(33.625257) can0 178#F27F042353940DD0
(33.635146) can0 17C#000000000F880D9E
(33.635280) can0 174#F87F0000406B0E0F
(33.635386) can0 178#62800523B8930E65
(33.645389) can0 17C#0000000064870ECA
(33.645518) can0 290#0020000000000000
(33.645631) can0 12B#0000000000013F77
(33.645703) can0 174#857F0000386B0FB8
(33.655632) can0 178#898006223D940FCE
(33.655760) can0 17C#00000000B2860F26
(33.655870) can0 450#0000000000000000
(33.655943) can0 178#4380072469950053
(33.665878) can0 17C#0000000074860038
(33.666006) can0 290#0020000000000000
(33.666079) can0 17C#00000000CE8601C2
(33.666184) can0 290#0000000000000000
(33.676123) can0 12B#0000000000013F77
(33.676215) can0 120#069D000000000083
(33.676323) can0 290#0020000000000000
(33.676436) can0 12B#0000000000013F78
(33.686370) can0 128#1388030000EC78C2
(33.686497) can0 12E#00000000000000C0
(33.686610) can0 174#7E800000276B032F
(33.696611) can0 178#8D7F0A21B79503C9
(33.696738) can0 290#0020000000000000
(33.696811) can0 12B#0000000000013F77
(33.696924) can0 12A#1328012000000000
(33.696996) can0 450#0000000000000000
(33.697069) can0 290#0020000000000000
(33.697146) can0 12B#0000000000013F77
(33.697222) can0 128#1388030000EC7822
(33.706847) can0 290#0030000000000000
(33.706976) can0 12B#0000000000013F77
(33.707048) can0 120#06B80000000000DE
(33.707152) can0 290#0020000000000000
(33.717093) can0 12B#0000000000013F77
(33.717184) can0 128#1388030000EC7842
(33.717291) can0 290#0040000000000000
(33.717397) can0 12B#0000000000013F77
(33.717469) can0 120#06CB000000000031
(33.717579) can0 290#0030000000000000
(33.727349) can0 12B#0000000000013F77
(33.727441) can0 128#1388030000EC7862
(33.727556) can0 290#0020000000000000
(33.727661) can0 12B#0000000000013F77
(33.727733) can0 120#06C900000000004F
(33.737577) can0 290#0020000000000000
(33.737669) can0 12B#0000000000013F77
(33.737741) can0 128#1388030000EC7882
(33.737849) can0 290#0020000000000000
(33.737921) can0 12B#0000000000013F77
(33.738001) can0 120#06C2000000000068
(33.738105) can0 290#0020000000000000
(33.738178) can0 12B#0000000000013F77
(33.738258) can0 128#1388030000EC78A2
(33.747819) can0 12E#00000000000000A0
(33.747947) can0 174#827F0000306B0D00
(33.748060) can0 290#0040000000000000
(33.758067) can0 12B#0000000000013F77
(33.758159) can0 12A#1328012000000000
(33.758236) can0 290#0030000000000000
(33.758346) can0 12B#0000000000013F77
(33.758418) can0 128#1388030000EC78C2
(33.758537) can0 120#06BD0000000000A3
(33.768310) can0 121#00250013000800A0
(33.768438) can0 129#08000000000000A8
(33.768517) can0 128#1388030000EC7822
(33.768629) can0 12E#0000000000000020
(33.778554) can0 540#0206C300000000EF
(33.778688) can0 120#06CB0000000000D1
(33.778799) can0 121#00250013000800C0
(33.788790) can0 129#08000000000000C8
(33.788919) can0 12A#1328012000000000
(33.788991) can0 12C#0000000000000000
(33.789063) can0 5A0#0069200000000089
(33.789168) can0 120#06DC000000000022
(33.799033) can0 121#0026001200080020
(33.799161) can0 129#0800000000000028
(33.799266) can0 174#5B7F0000396B0522
(33.809276) can0 178#5780000089950575
(33.809404) can0 17C#000000008B86055F
(33.809517) can0 120#06F2000000000058
(33.819541) can0 121#002500110008005E
(33.819668) can0 129#0800000000000048
(33.819773) can0 174#B77F0000226B0636
(33.819886) can0 174#3B800000236B07B7
(33.829762) can0 178#907F0221659607FA
(33.829895) can0 17C#00000000798707A2
(33.830000) can0 550#10000000000000D0
(33.840005) can0 120#06DC000000000062
(33.840133) can0 121#0026001200080060
(33.840237) can0 129#0800000000000068
(33.850248) can0 174#898000001F6B08E3
(33.850376) can0 174#68800000236B0991
(33.850480) can0 178#EA7F042F48940985
(33.860491) can0 17C#00000000BA870928
(33.860628) can0 120#06C3000000000089
(33.860731) can0 121#0026001300080081
(33.870734) can0 129#0800000000000088
(33.870864) can0 540#0206B500000000EF
(33.870973) can0 174#827F0000386B0B42
(33.880977) can0 178#6A80062474940BC7
(33.881105) can0 120#06A60000000000AC
(33.881209) can0 121#00270014000800A3
(33.891220) can0 129#08000000000000A8
(33.891348) can0 300#0F00000000000000
(33.891421) can0 174#D37F00001C6B0D00
(33.891540) can0 178#E47F08205F960D50
(33.901463) can0 120#06980000000000DE
(33.901599) can0 121#00270014000800C3
(33.901711) can0 129#08000000000000C8
(33.911714) can0 174#4E800000336B0E66
(33.911842) can0 174#918000002E6B0F7C
(33.911960) can0 178#BA7F000071950FDC
(33.912065) can0 17C#000000000B880FA2
(33.921971) can0 290#0030000000000000
(33.922063) can0 120#06A700000000002D
(33.922179) can0 121#0026001400080022
(33.922283) can0 129#0800000000000028
(33.932192) can0 174#68800000276B0062
(33.932320) can0 174#EF7F00003B6B014B
(33.932424) can0 178#65800239D693019C
(33.942440) can0 17C#000000004E87014E
(33.942576) can0 121#0026001300080041
(33.942680) can0 129#0800000000000048
(33.952678) can0 174#7F7F0000366B02F1
(33.952806) can0 178#768003218594023B
(33.952910) can0 17C#00000000A1860233
(33.962923) can0 174#6F7F0000206B0348
(33.963050) can0 178#38800420A3950316
(33.963154) can0 17C#0000000069860382
(33.973164) can0 290#0040000000000000
(33.973293) can0 174#C27F0000066B0406
(33.973397) can0 178#DE7F000063960404
(33.983407) can0 17C#00000000C386042E
(33.983543) can0 174#3B8000000A6B053E
(33.983647) can0 178#A97F00004C960529
(33.993650) can0 17C#0000000077870591
(33.993778) can0 174#7E800000146B06E2
(33.993885) can0 178#BD7F01226895063B
(34.003895) can0 17C#00000000F28706FF
(34.004022) can0 290#0020000000000000
(34.004126) can0 12B#0000000000013F77
(34.004196) can0 128#1388030000EC78C2
(34.014149) can0 174#5C800000186B0720
(34.014276) can0 178#16800220359407FC
(34.014380) can0 17C#00000000D08707D1
(34.014484) can0 450#0000000000000000
(34.014564) can0 290#0030000000000000
(34.024378) can0 174#E77F0000276B087E
(34.024506) can0 178#62800332DB93082E
(34.024617) can0 17C#0000000035870873
(34.034624) can0 174#777F0000146B09DF
(34.034751) can0 178#65800420AF940903
(34.034856) can0 17C#00000000A2860970
(34.044870) can0 290#0050000000000000
(34.044999) can0 12B#0000000000013F78
(34.045103) can0 178#22800523D4950A20
(34.055107) can0 17C#0000000088860A68
(34.055235) can0 290#0030000000000000
(34.055340) can0 17C#00000000EC860B23
(34.065350) can0 290#0010000000000000
(34.065479) can0 12B#0000000000013F78
(34.065558) can0 450#0000000000000000
(34.065631) can0 290#0040000000000000
(34.065735) can0 12B#0000000000013F77
(34.075595) can0 290#0040000000000000
(34.075691) can0 12B#0000000000013F78
(34.075808) can0 120#06AC000000000052
(34.075912) can0 121#0026001400080042
(34.085836) can0 129#0800000000000048
(34.085927) can0 174#4C800000386B0E5C
(34.086035) can0 290#0030000000000000
(34.086140) can0 12B#0000000000013F77
(34.096084) can0 128#1388030000EC7882
(34.096211) can0 12E#0000000000000080
(34.096324) can0 540#0206AB00000000F0
(34.106325) can0 290#0030000000000000
(34.106425) can0 12B#0000000000013F77
(34.106496) can0 120#06A900000000006F
(34.106612) can0 290#0050000000000000
(34.106718) can0 12B#0000000000013F78
(34.106820) can0 128#1388030000EC78A2
(34.116588) can0 290#0040000000000000
(34.116717) can0 12B#0000000000013F77
(34.116821) can0 120#06AB000000000091
(34.126808) can0 290#0040000000000000
(34.126900) can0 12B#0000000000013F78
(34.127009) can0 128#1388030000EC78C2
(34.127112) can0 290#0010000000000000
(34.137051) can0 12B#0000000000013F77
(34.137179) can0 120#06B70000000000BD
(34.137283) can0 121#00260013000800A1
(34.147294) can0 129#08000000000000A8
(34.147422) can0 290#0010000000000000
(34.147499) can0 12B#0000000000013F78
(34.147619) can0 128#1388030000EC7822
(34.157545) can0 290#0020000000000000
(34.157674) can0 12B#0000000000013F77
(34.157778) can0 12A#1328012000000000
(34.157849) can0 290#0040000000000000
(34.167780) can0 12B#0000000000013F77
(34.167872) can0 128#1388030000EC7842
(34.167979) can0 290#0020000000000000
(34.168092) can0 12B#0000000000013F77
(34.168163) can0 120#06DD000000000023
(34.178028) can0 290#0040000000000000
(34.178157) can0 12B#0000000000013F78
(34.178269) can0 128#1388030000EC7862
(34.188271) can0 12E#0000000000000060
(34.188400) can0 120#06DA000000000040
(34.188510) can0 121#0026001200080040
(34.198514) can0 129#0800000000000048
(34.198648) can0 128#1388030000EC7882
(34.198751) can0 12E#0000000000000080
(34.208765) can0 12A#1328012000000000
(34.208856) can0 120#06C800000000006E
(34.208964) can0 121#0025001300080060
(34.209068) can0 129#0800000000000068
(34.209172) can0 174#D37F0000496B0DF1
(34.218995) can0 178#5F800D2FCB930D13
(34.219122) can0 17C#0000000032870D90
(34.219227) can0 290#0040000000000000
(34.219299) can0 120#06B900000000009F
(34.229238) can0 121#0026001300080081
(34.229365) can0 129#0800000000000088
(34.229469) can0 174#717F0000316B0EE6
(34.239480) can0 174#7F7F00000A6B0F52
(34.239616) can0 178#14800F0DE9950FFD
(34.239720) can0 17C#0000000088860F01
(34.249723) can0 550#1000000000000050
(34.249853) can0 120#06AF0000000000B5
(34.249957) can0 121#00260014000800A2
(34.259966) can0 174#5C8000001A6B016D
(34.260094) can0 178#827F0108469601FE
(34.260198) can0 17C#00000000B28701CC
(34.270209) can0 120#06BB0000000000C1
(34.270337) can0 121#00260013000800C1
(34.270441) can0 129#08000000000000C8
(34.280452) can0 540#0206CA00000000F0
(34.280589) can0 174#57800000286B0349
(34.280701) can0 178#F27F01280B9403FB
(34.290695) can0 120#06D3000000000039
(34.290823) can0 121#0026001300080021
(34.290927) can0 129#0800000000000028
(34.300941) can0 541#0280000000000000
(34.301034) can0 550#1000000000000070
(34.301143) can0 300#0F00000000000000
(34.301216) can0 174#7A7F0000356B051A
(34.301320) can0 178#5F800321B99405AA
(34.301423) can0 120#06E700000000004D
(34.311197) can0 121#002500120008005F
(34.311325) can0 129#0800000000000048
(34.311429) can0 174#EC7F0000186B075E
(34.321424) can0 178#AC7F05238396072E
(34.321560) can0 17C#00000000278707D3
(34.321673) can0 290#0040000000000000
(34.321745) can0 120#06E400000000006A
(34.331667) can0 121#002500120008007F
(34.331802) can0 129#0800000000000068
(34.331907) can0 174#94800000416B09D0
(34.341917) can0 178#CB7F07240A950900
(34.342045) can0 17C#00000000078809E6
(34.342157) can0 290#0050000000000000
(34.352153) can0 120#06D3000000000099
(34.352280) can0 121#0025001300080080
(34.352384) can0 129#0800000000000088
(34.362396) can0 174#49800000446B0A5E
(34.362540) can0 174#C07F0000436B0BEE
(34.362644) can0 178#76800920D3930B74
(34.372639) can0 17C#0000000015870B64
(34.372767) can0 290#0020000000000000
(34.372875) can0 121#00250013000800A0
(34.382884) can0 129#08000000000000A8
(34.383012) can0 174#697F0000276B0CAA
(34.383116) can0 178#6D800A21E9940C56
(34.393125) can0 174#8A7F0000016B0D75
(34.393253) can0 178#14800B2914960DAF
(34.393363) can0 17C#000000007D860D3A
(34.403381) can0 541#0280000000000000
(34.403474) can0 174#008000000F6B0E9B
(34.403590) can0 178#A47F00007E960E2B
(34.403694) can0 17C#000000000A870E93
(34.403799) can0 290#0040000000000000
(34.413612) can0 12B#0000000000013F78
(34.413703) can0 128#1388030000EC7842
(34.413811) can0 12E#0000000000000040
(34.413916) can0 300#0F00000000000000
(34.413989) can0 174#6D800000256B0FEE
(34.423854) can0 178#777F000010960F4E
(34.423982) can0 17C#00000000BA870F66
(34.424087) can0 174#83800000466B0098
(34.434097) can0 178#AF7F00FFDB9400FF
(34.434224) can0 17C#0000000005880010
(34.434329) can0 290#0010000000000000
(34.444339) can0 12B#0000000000013F77
(34.444468) can0 128#1388030000EC7862
(34.444579) can0 174#30800000546B010E
(34.454584) can0 178#22800000E19301D4
(34.454712) can0 17C#00000000968701FA
(34.454816) can0 290#0010000000000000
(34.454889) can0 12B#0000000000013F77
(34.454961) can0 174#B27F0000516B02B2
(34.464825) can0 178#76800120F19302C5
(34.464953) can0 17C#00000000E7860256
(34.465065) can0 290#0030000000000000
(34.475068) can0 12B#0000000000013F77
(34.475160) can0 128#1388030000EC7882
(34.475267) can0 12E#0000000000000080
(34.475372) can0 174#697F00002A6B0394
(34.485317) can0 178#6A8002220D950374
(34.485444) can0 17C#000000006C86030B
(34.485558) can0 290#0030000000000000
(34.485630) can0 12B#0000000000013F77
(34.485702) can0 178#0B8003262B96040E
(34.495558) can0 17C#000000007F8604CC
(34.495687) can0 450#0000000000000000
(34.495760) can0 290#0030000000000000
(34.495832) can0 12B#0000000000013F77
(34.495904) can0 128#1388030000EC78A2
(34.496015) can0 17C#00000000158705C2
(34.496118) can0 290#0030000000000000
(34.496191) can0 12B#0000000000013F78
(34.505813) can0 120#06B500000000009B
(34.505941) can0 290#0020000000000000
(34.506046) can0 12B#0000000000013F77
(34.516046) can0 128#1388030000EC78C2
(34.516173) can0 290#0020000000000000
(34.516252) can0 12B#0000000000013F77
(34.516323) can0 120#06BB0000000000A1
(34.516427) can0 121#00260013000800A1
(34.526292) can0 129#08000000000000A8
(34.526384) can0 290#0050000000000000
(34.526499) can0 12B#0000000000013F77
(34.526582) can0 128#1388030000EC7822
(34.526686) can0 450#0000000000000000
(34.526759) can0 290#0050000000000000
(34.526831) can0 12B#0000000000013F77
(34.526903) can0 290#0030000000000000
(34.536540) can0 12B#0000000000013F77
(34.536631) can0 128#1388030000EC7842
(34.536739) can0 12E#0000000000000040
(34.536843) can0 290#0010000000000000
(34.546769) can0 12B#0000000000013F77
(34.546861) can0 120#06C2000000000028
(34.546969) can0 290#0040000000000000
(34.547074) can0 12B#0000000000013F77
(34.547146) can0 128#1388030000EC7862
(34.557012) can0 290#0030000000000000
(34.557141) can0 12B#0000000000013F77
(34.557213) can0 12A#1328012000000000
(34.557284) can0 290#0030000000000000
(34.557356) can0 12B#0000000000013F77
(34.557428) can0 128#1388030000EC7882
(34.557539) can0 290#0000000000000000
(34.567255) can0 12B#0000000000013F77
(34.567346) can0 120#06B700000000007D
(34.567454) can0 290#0040000000000000
(34.567568) can0 12B#0000000000013F77
(34.567639) can0 128#1388030000EC78A2
(34.577498) can0 290#0030000000000000
(34.577635) can0 12B#0000000000013F77
(34.577707) can0 120#06B2000000000098
(34.577810) can0 121#0026001400080082
(34.587741) can0 290#0040000000000000
(34.587874) can0 12B#0000000000013F77
(34.587946) can0 128#1388030000EC78C2
(34.588057) can0 12B#0000000000013F77
(34.588129) can0 120#06AF0000000000B5
(34.598004) can0 121#00270014000800A3
(34.598132) can0 129#08000000000000A8
(34.598204) can0 128#1388030000EC7822
(34.598315) can0 12E#0000000000000020
(34.598420) can0 174#788000001D6B0595
(34.608234) can0 178#D97F0726C19405D4
(34.608362) can0 120#06AD0000000000D3
(34.608466) can0 121#00270014000800C3
(34.618477) can0 129#08000000000000C8
(34.618613) can0 174#987F0000386B070F
(34.618718) can0 178#7680092515940767
(34.628713) can0 17C#000000001F8707F7
(34.628841) can0 550#1000000000000090
(34.628947) can0 120#06AB000000000031
(34.638956) can0 121#0027001400080023
(34.639083) can0 174#937F0000236B0904
(34.639187) can0 178#FA7F01250996092F
(34.649199) can0 17C#00000000938609D7
(34.649332) can0 120#06A900000000004F
(34.649437) can0 121#0027001400080043
(34.659451) can0 129#0800000000000048
(34.659595) can0 540#0206A800000000F1
(34.659704) can0 174#6D8000001C6B0B31
(34.669684) can0 178#987F0321E9950BC0
(34.669812) can0 120#06A800000000006E
(34.669916) can0 121#0027001400080063
(34.679930) can0 129#0800000000000068
(34.680058) can0 550#10000000000000B0
(34.680164) can0 300#0F00000000000000
(34.680237) can0 174#228000001D6B0D72
(34.690173) can0 178#51800000FF930DB6
(34.690301) can0 120#06A700000000008D
(34.690405) can0 121#0027001400080083
(34.690507) can0 129#0800000000000088
(34.700429) can0 174#A67F00001F6B0E97
(34.700565) can0 178#8C8000002B940EF6
(34.700670) can0 174#697F0000176B0FA5
(34.710656) can0 178#708001223E950F23
(34.710784) can0 17C#0000000078860F89
(34.710894) can0 120#06A60000000000AC
(34.720901) can0 121#00270014000800A3
(34.721028) can0 129#08000000000000A8
(34.721133) can0 174#198000002E6B01A9
(34.731142) can0 178#B27F03326296011E
(34.731270) can0 17C#000000002F870191
(34.731381) can0 120#06AD0000000000D3
(34.741385) can0 121#00270014000800C3
(34.741513) can0 129#08000000000000C8
(34.741624) can0 174#8F8000002A6B035E
(34.751628) can0 178#D07F0523CF94031B
(34.751764) can0 17C#00000000E987030E
(34.751871) can0 290#0030000000000000
(34.761879) can0 12B#0000000000013F77
(34.761971) can0 120#06BE000000000024
(34.762087) can0 121#0026001300080021
(34.762191) can0 129#0800000000000028
(34.772114) can0 174#30800000226B042A
(34.772242) can0 174#B47F0000286B05F9
(34.772346) can0 178#6A8007210E94059F
(34.782364) can0 17C#00000000CB86053F
(34.782493) can0 290#0040000000000000
(34.782606) can0 121#0026001300080041
(34.792615) can0 129#0800000000000048
(34.792743) can0 541#0280000000000000
(34.792816) can0 300#0F00000000000000
(34.792889) can0 174#9B7F0000096B074F
(34.792994) can0 178#118000001D960748
(34.793098) can0 17C#00000000B1860742
(34.802850) can0 450#0000000000000000
(34.802943) can0 290#0020000000000000
(34.803052) can0 174#0E8000001C6B0840
(34.803163) can0 178#C27F01207096082E
(34.813086) can0 17C#000000004B870832
(34.813219) can0 174#70800000256B09FF
(34.813325) can0 178#AF7F0000F6950955
(34.823329) can0 17C#00000000E18709D0
(34.823457) can0 290#0020000000000000
(34.823538) can0 174#81800000396B0A3E
(34.823642) can0 178#E77F0112B2940A3C
(34.833573) can0 17C#0000000010880A53
(34.833702) can0 174#24800000436B0B9E
(34.833806) can0 178#3E80020FCD930B82
(34.843815) can0 17C#0000000090870B2D
(34.843944) can0 290#0020000000000000
(34.844016) can0 174#A47F0000406B0CE9
(34.844120) can0 178#738003020E940C19
(34.854058) can0 17C#00000000E3860CF6
(34.854186) can0 450#0000000000000000
(34.854259) can0 174#667F00002D6B0DE4
(34.854363) can0 178#4E8004053F950D20
(34.864301) can0 17C#0000000080860D37
(34.864429) can0 290#0030000000000000
(34.864543) can0 12B#0000000000013F77
(34.864614) can0 178#F27F051242960E60
(34.874551) can0 17C#00000000B7860EB2
(34.874680) can0 290#0010000000000000
(34.874785) can0 17C#0000000064870FD7
(34.884789) can0 290#0030000000000000
(34.884919) can0 12B#0000000000013F78
(34.885023) can0 290#0040000000000000
(34.885133) can0 12B#0000000000013F77
(34.895045) can0 128#1388030000EC7862
(34.895172) can0 450#0000000000000000
(34.895245) can0 290#0000000000000000
(34.895351) can0 12B#0000000000013F77
(34.895423) can0 120#06AB000000000051
(34.905272) can0 121#0027001400080043
(34.905400) can0 290#0000000000000000
(34.905473) can0 12B#0000000000013F77
(34.905552) can0 128#1388030000EC7882
(34.905656) can0 12E#0000000000000080
(34.915516) can0 290#0040000000000000
(34.915653) can0 12B#0000000000013F77
(34.915724) can0 120#069800000000007E
(34.915828) can0 290#0030000000000000
(34.925758) can0 12B#0000000000013F77
(34.925850) can0 128#1388030000EC78A2
(34.925957) can0 290#0020000000000000
(34.926062) can0 12B#0000000000013F78
(34.936007) can0 12A#1328012000000000
(34.936098) can0 290#0040000000000000
(34.936207) can0 12B#0000000000013F77
(34.936318) can0 128#1388030000EC78C2
(34.946244) can0 290#0020000000000000
(34.946373) can0 12B#0000000000013F78
(34.946478) can0 120#068C0000000000B2
(34.956492) can0 290#0030000000000000
(34.956628) can0 12B#0000000000013F77
(34.956739) can0 128#1388030000EC7822
(34.966730) can0 290#0020000000000000
(34.966860) can0 12B#0000000000013F77
(34.966931) can0 120#068F0000000000D5
(34.967035) can0 290#0030000000000000
(34.976973) can0 12B#0000000000013F77
(34.977064) can0 128#1388030000EC7842
(34.977172) can0 12E#0000000000000040
(34.977277) can0 12A#1328012000000000
(34.977348) can0 12C#0000000000000000
(34.977420) can0 290#0010000000000000
(34.987230) can0 12B#0000000000013F78
(34.987358) can0 120#0693000000000039
(34.987462) can0 290#0040000000000000
(34.987573) can0 12B#0000000000013F77
(34.997459) can0 128#1388030000EC7862
(34.997594) can0 12E#0000000000000060
(34.997699) can0 12B#0000000000013F78
(35.007702) can0 120#0690000000000056
(35.007828) can0 121#0027001500080044
(35.007931) can0 128#1388030000EC7882
(35.017945) can0 12E#0000000000000080
(35.018081) can0 174#6D800000146B0F49
(35.018185) can0 550#10000000000000D0
(35.028188) can0 120#068700000000006D
(35.028322) can0 121#0027001500080064
(35.028425) can0 12E#00000000000000A0
(35.038440) can0 174#B47F0000406B01D1
(35.038580) can0 178#6D8006222094018C
(35.038684) can0 120#067F000000000085
(35.048674) can0 121#0027001500080084
(35.048801) can0 129#0800000000000088
(35.048905) can0 540#02067A00000000F2
(35.058918) can0 174#AC7F00001D6B037D
(35.059053) can0 178#D67F082307960354
(35.059157) can0 120#06780000000000BE
(35.069160) can0 121#00280016000800A6
(35.069287) can0 129#08000000000000A8
(35.069391) can0 550#1000000000000030
(35.079405) can0 300#0F00000000000000
(35.079497) can0 174#628000002B6B0569
(35.079613) can0 178#967F0A21D795055B
(35.079717) can0 17C#00000000D3870567
(35.079819) can0 120#067F0000000000C5
(35.089662) can0 121#00280015000800C5
(35.089789) can0 129#08000000000000C8
(35.089896) can0 174#70800000316B065A
(35.099891) can0 178#E17F0B29F7940670
(35.100018) can0 174#27800000306B0721
(35.100122) can0 178#3B8000001E94075B
(35.110131) can0 17C#00000000A1870716
(35.110260) can0 120#068700000000002D
(35.110364) can0 121#0027001500080024
(35.120374) can0 129#0800000000000028
(35.120507) can0 174#777F0000406B09A1
(35.120622) can0 178#5F8000FFF3940996
(35.130618) can0 17C#000000006F860955
(35.130747) can0 120#069700000000005D
(35.130850) can0 121#0027001500080044
(35.140862) can0 129#0800000000000048
(35.140990) can0 174#937F0000336B0A3B
(35.141094) can0 178#08800000DD950A8B
(35.151103) can0 174#EC7F0000276B0B6C
(35.151231) can0 178#A47F012049960BC0
(35.151335) can0 17C#0000000032870BDE
(35.161346) can0 120#068D000000000073
(35.161474) can0 121#0027001500080064
(35.161585) can0 129#0800000000000068
(35.171591) can0 174#4C8000002D6B0CF7
(35.171727) can0 174#6D800000256B0DD4
(35.171831) can0 178#B47F03264A950DD2
(35.181846) can0 17C#000000002C880D22
(35.181981) can0 290#0050000000000000
(35.182086) can0 12B#0000000000013F78
(35.182166) can0 120#067900000000009F
(35.182270) can0 121#0027001600080085
(35.192075) can0 129#0800000000000088
(35.192203) can0 541#0280000000000000
(35.192276) can0 174#3B8000002A6B0EC1
(35.192380) can0 178#1680042560940E4A
(35.202318) can0 17C#00000000CA870E33
(35.202459) can0 290#0050000000000000
(35.202541) can0 300#0F00000000000000
(35.202622) can0 174#D97F0000406B0F20
(35.202726) can0 178#5F8005201E940FFE
(35.212562) can0 121#00290016000800A7
(35.212690) can0 129#08000000000000A8
(35.212794) can0 174#8D7F0000496B0016
(35.222804) can0 178#62800621B29400AC
(35.222932) can0 17C#000000007086003E
(35.223036) can0 174#937F0000406B0130
(35.233047) can0 178#168007219A9501CA
(35.233174) can0 17C#00000000618601B4
(35.233279) can0 290#0010000000000000
(35.243290) can0 12B#0000000000013F78
(35.243381) can0 120#06450000000000CB
(35.243489) can0 121#00290017000800C8
(35.243601) can0 129#08000000000000C8
(35.253541) can0 174#DE7F0000306B0267
(35.253668) can0 178#B27F082015960230
(35.253772) can0 17C#00000000D88602F8
(35.263776) can0 290#0050000000000000
(35.263905) can0 174#38800000386B03BC
(35.264009) can0 178#7F7F0925EB950358
(35.274021) can0 17C#000000009587034C
(35.274150) can0 290#0040000000000000
(35.274255) can0 12B#0000000000013F78
(35.274327) can0 174#65800000226B0479
(35.274429) can0 178#A67F0A297E95047F
(35.284278) can0 17C#0000000013880479
(35.284406) can0 450#0000000000000000
(35.284479) can0 290#0030000000000000
(35.284599) can0 12B#0000000000013F77
(35.294505) can0 128#1388030000EC7862
(35.294639) can0 174#51800000116B057F
(35.294743) can0 178#03800000B294059F
(35.304748) can0 17C#00000000FC8705D1
(35.304879) can0 290#0010000000000000
(35.304984) can0 12B#0000000000013F77
(35.305056) can0 174#FA7F0000076B06B7
(35.314991) can0 178#57800120379406DF
(35.315118) can0 17C#0000000055870685
(35.315223) can0 290#0020000000000000
(35.325233) can0 174#A17F0000146B076C
(35.325361) can0 178#658000007D9407E1
(35.325465) can0 17C#00000000B1860742
(35.335476) can0 290#0000000000000000
(35.335614) can0 12B#0000000000013F78
(35.335718) can0 178#228001204C9508C1
(35.345719) can0 17C#000000007586085F
(35.345848) can0 290#0030000000000000
(35.345953) can0 12B#0000000000013F77
(35.355968) can0 128#1388030000EC78A2
(35.356095) can0 17C#00000000C0860923
(35.356207) can0 450#0000000000000000
(35.356280) can0 290#0040000000000000
(35.366205) can0 290#0020000000000000
(35.366334) can0 12B#0000000000013F77
(35.366406) can0 128#1388030000EC78C2
(35.366516) can0 290#0050000000000000
(35.376467) can0 12B#0000000000013F77
(35.376566) can0 120#068E0000000000B4
(35.376674) can0 290#0010000000000000
(35.376779) can0 12B#0000000000013F77
(35.376851) can0 128#1388030000EC7822
(35.376954) can0 290#0030000000000000
(35.386691) can0 12B#0000000000013F77
(35.386782) can0 12A#1328012000000000
(35.386854) can0 450#0000000000000000
(35.386927) can0 290#0010000000000000
(35.387036) can0 12B#0000000000013F77
(35.387108) can0 290#0030000000000000
(35.387213) can0 12B#0000000000013F77
(35.387285) can0 120#067400000000003A
(35.396935) can0 290#0030000000000000
(35.397027) can0 12B#0000000000013F78
(35.397135) can0 128#1388030000EC7862
(35.397239) can0 12E#0000000000000060
(35.407182) can0 290#0030000000000000
(35.407275) can0 12B#0000000000013F77
(35.407383) can0 120#067D000000000043
(35.407487) can0 121#0028001600080046
(35.417420) can0 290#0050000000000000
(35.417557) can0 12B#0000000000013F77
(35.417629) can0 128#1388030000EC7882
(35.417732) can0 290#0030000000000000
(35.427663) can0 12B#0000000000013F78
(35.427791) can0 120#068F000000000075
(35.427896) can0 290#0040000000000000
(35.437908) can0 12B#0000000000013F77
(35.438044) can0 128#1388030000EC78A2
(35.438148) can0 290#0020000000000000
(35.448149) can0 12B#0000000000013F77
(35.448248) can0 120#06B1000000000097
(35.448356) can0 290#0030000000000000
(35.448469) can0 12B#0000000000013F78
(35.458392) can0 128#1388030000EC78C2
(35.458535) can0 12B#0000000000013F77
(35.458639) can0 12A#1328012000000000
(35.458710) can0 550#1000000000000050
(35.468638) can0 12B#0000000000013F78
(35.468766) can0 128#1388030000EC7822
(35.468871) can0 12E#0000000000000020
(35.468974) can0 174#518000001A6B0963
(35.478896) can0 120#06BE0000000000C4
(35.479024) can0 121#00260013000800C1
(35.479127) can0 129#08000000000000C8
(35.479199) can0 540#0206BB00000000F3
(35.489121) can0 174#49800000176B0BB7
(35.489256) can0 178#2480042042940BAF
(35.489360) can0 120#06B2000000000038
(35.499364) can0 121#0027001400080023
(35.499491) can0 129#0800000000000028
(35.499610) can0 541#0280000000000000
(35.499685) can0 174#DC7F0000366B0C7E
(35.509608) can0 178#5780052302940CA3
(35.509736) can0 5A0#0069200000000069
(35.509841) can0 550#1000000000000070
(35.519850) can0 300#0F00000000000000
(35.519942) can0 174#857F0000316B0D01
(35.520050) can0 120#06A900000000004F
(35.520154) can0 121#0027001400080043
(35.530092) can0 129#0800000000000048
(35.530221) can0 174#E77F0000286B0FAB
(35.530325) can0 178#B47F082758960F73
(35.540335) can0 17C#00000000D0860F75
(35.540464) can0 290#0030000000000000
(35.540540) can0 120#06A500000000006B
(35.540644) can0 121#0026001400080062
(35.550580) can0 129#0800000000000068
(35.550708) can0 174#7E800000386B018B
(35.550812) can0 178#A97F012047950129
(35.560821) can0 17C#00000000C2870184
(35.560950) can0 290#0010000000000000
(35.561055) can0 550#1000000000000090
(35.571078) can0 120#06A400000000008A
(35.571205) can0 121#0026001400080082
(35.571309) can0 129#0800000000000088
(35.571422) can0 174#DE7F00003B6B03FA
(35.581307) can0 178#43800112F29303FE
(35.581435) can0 17C#00000000F48603DF
(35.581548) can0 290#0000000000000000
(35.591557) can0 120#06A00000000000A6
(35.591685) can0 121#00270014000800A3
(35.591797) can0 129#08000000000000A8
(35.601793) can0 540#02069F00000000F4
(35.601935) can0 174#937F00001F6B05BA
(35.602047) can0 178#0B800302C7950559
(35.612036) can0 17C#00000000908605C7
(35.612165) can0 120#069E0000000000C4
(35.612268) can0 121#00260014000800C2
(35.622279) can0 129#08000000000000C8
(35.622415) can0 541#0280000000000000
(35.622488) can0 174#EF7F0000176B0622
(35.622601) can0 300#0F00000000000000
(35.622673) can0 174#51800000286B07EE
(35.632522) can0 178#7D7F0512299607B8
(35.632657) can0 17C#00000000C08707C9
(35.632761) can0 450#0000000000000000
(35.632834) can0 120#069E000000000024
(35.642765) can0 121#0026001400080022
(35.642897) can0 129#0800000000000028
(35.643002) can0 174#7B8000002D6B08DB
(35.653008) can0 174#46800000286B097F
(35.653136) can0 178#0680072F29940946
(35.653240) can0 17C#00000000BC87092D
(35.663254) can0 290#0030000000000000
(35.663383) can0 121#0028001400080044
(35.663486) can0 129#0800000000000048
(35.663604) can0 174#D67F00002B6B0AC5
(35.673510) can0 178#5F800802DE930A0B
(35.673646) can0 174#7A7F0000126B0B06
(35.673750) can0 178#6A80090FB1940BFE
(35.683737) can0 17C#0000000082860B7A
(35.683871) can0 174#7F7F0000FB6A0C3E
(35.683975) can0 178#22800A13CA950C6C
(35.693980) can0 17C#000000008B860CAA
(35.694108) can0 174#DC7F0000F56A0D03
(35.694213) can0 178#C27F0B0360960D0C
(35.704223) can0 17C#000000000D870D3E
(35.704352) can0 290#0050000000000000
(35.704457) can0 174#498000000E6B0E45
(35.714466) can0 178#9E7F0C0822960EB9
(35.714602) can0 17C#00000000BA870E7B
(35.714706) can0 290#0040000000000000
(35.724709) can0 12B#0000000000013F78
(35.724800) can0 128#1388030000EC78C2
(35.724908) can0 174#76800000146B0FC5
(35.725012) can0 178#C57F0D2F4C950FAF
(35.734952) can0 17C#0000000015880FB3
(35.735080) can0 290#0020000000000000
(35.735185) can0 174#46800000146B00A8
(35.745195) can0 178#1F800E0739940056
(35.745323) can0 17C#00000000BD870057
(35.745427) can0 174#D67F0000236B0106
(35.755438) can0 178#6D800F0DEF93016C
(35.755581) can0 17C#00000000FA8601EC
(35.755687) can0 174#777F0000206B023E
(35.765694) can0 178#6A800002A49402C8
(35.765822) can0 17C#0000000066860219
(35.765927) can0 178#22800108AC950348
(35.766031) can0 17C#0000000066860304
(35.775931) can0 290#0010000000000000
(35.776060) can0 17C#00000000EF860414
(35.776173) can0 290#0040000000000000
(35.786166) can0 12B#0000000000013F78
(35.786258) can0 290#0030000000000000
(35.786367) can0 12B#0000000000013F79
(35.786471) can0 12A#1328012000000000
(35.786551) can0 450#0000000000000000
(35.786624) can0 290#0020000000000000
(35.796415) can0 12B#0000000000013F78
(35.796551) can0 290#0040000000000000
(35.796657) can0 12B#0000000000013F79
(35.806652) can0 120#06AE000000000074
(35.806780) can0 290#0040000000000000
(35.806853) can0 12B#0000000000013F78
(35.806957) can0 128#1388030000EC78A2
(35.816897) can0 12E#00000000000000A0
(35.817026) can0 540#0206BC00000000F4
(35.817135) can0 290#0030000000000000
(35.827138) can0 12B#0000000000013F79
(35.827266) can0 120#06CA000000000090
(35.827377) can0 290#0040000000000000
(35.837381) can0 12B#0000000000013F78
(35.837509) can0 128#1388030000EC78C2
(35.837621) can0 290#0030000000000000
(35.847624) can0 12B#0000000000013F79
(35.847752) can0 120#06D90000000000BF
(35.847857) can0 290#0030000000000000
(35.847930) can0 12B#0000000000013F79
(35.848009) can0 128#1388030000EC7822
(35.857872) can0 290#0010000000000000
(35.858009) can0 12B#0000000000013F79
(35.858081) can0 120#06C70000000000CD
(35.858185) can0 290#0010000000000000
(35.858265) can0 12B#0000000000013F79
(35.858337) can0 128#1388030000EC7842
(35.858439) can0 290#0040000000000000
(35.868126) can0 12B#0000000000013F78
(35.868262) can0 12A#1328012000000000
(35.868334) can0 290#0050000000000000
(35.868439) can0 12B#0000000000013F79
(35.878353) can0 128#1388030000EC7862
(35.878488) can0 12B#0000000000013F79
(35.878568) can0 120#069C000000000042
(35.878672) can0 121#0026001500080043
(35.888597) can0 12B#0000000000013F79
(35.888689) can0 128#1388030000EC7882
(35.888796) can0 12E#0000000000000080
(35.888901) can0 540#0206A100000000F5
(35.898839) can0 174#43800000096B0326
(35.898975) can0 120#06A900000000006F
(35.899079) can0 121#0027001400080063
(35.909082) can0 129#0800000000000068
(35.909210) can0 541#0280000000000000
(35.909283) can0 12E#00000000000000A0
(35.909388) can0 12A#1328012000000000
(35.909459) can0 12C#0000000000000000
(35.909547) can0 5A0#0069200000000029
(35.919325) can0 550#10000000000000B0
(35.919454) can0 120#06BA000000000080
(35.919566) can0 121#0027001400080083
(35.929569) can0 129#0800000000000088
(35.929697) can0 174#7F7F00003C6B0797
(35.929801) can0 178#898004256F94077D
(35.939811) can0 17C#00000000C0860785
(35.939939) can0 120#06DD0000000000A3
(35.940043) can0 121#00260012000800A0
(35.950054) can0 129#08000000000000A8
(35.950182) can0 174#D07F00001F6B091F
(35.950286) can0 178#E47F062165960988
(35.960310) can0 17C#00000000E186099C
(35.960439) can0 290#0030000000000000
(35.960552) can0 550#10000000000000D0
(35.960658) can0 120#06E00000000000C6
(35.970547) can0 121#00260012000800C0
(35.970674) can0 174#89800000276B0BE0
(35.970786) can0 178#CB7F082074950B49
(35.980782) can0 17C#00000000E9870BE6
(35.980911) can0 120#06DC000000000022
(35.981015) can0 121#002500120008003F
(35.991025) can0 129#0800000000000028
(35.991154) can0 174#5A8000002D6B0C9D
(35.991258) can0 178#198009252C940CEE
(36.001268) can0 540#0206D700000000F5
(36.001400) can0 174#D97F00004A6B0D15
(36.001511) can0 178#5C800A29B1930DD1
(36.011511) can0 17C#0000000038870D9F
(36.011647) can0 120#06D400000000005A
(36.011759) can0 121#0026001300080041
(36.021754) can0 129#0800000000000048
(36.021892) can0 300#0F00000000000000
(36.021965) can0 174#777F0000236B0F33
(36.022068) can0 178#2A800120B4950FC4
(36.031997) can0 17C#0000000072860F86
(36.032125) can0 120#06CD000000000073
(36.032229) can0 121#0025001300080060
(36.042240) can0 129#0800000000000068
(36.042374) can0 174#49800000276B014D
(36.042478) can0 178#9E7F012044960129
(36.052486) can0 17C#0000000074870169
(36.052622) can0 120#06C1000000000087
(36.052725) can0 121#0026001300080081
(36.052827) can0 129#0800000000000088
(36.062742) can0 174#498000001A6B03DA
(36.062876) can0 178#27800324209403B6
(36.062982) can0 17C#00000000B187037A
(36.072969) can0 121#00270014000800A3
(36.073096) can0 129#08000000000000A8
(36.073200) can0 174#D07F0000276B04BA
(36.083212) can0 178#7080042FD59304D9
(36.083339) can0 174#717F0000156B051F
(36.083443) can0 178#68800512AB94055D
(36.093455) can0 17C#00000000828605DC
(36.093591) can0 290#0020000000000000
(36.093696) can0 174#7F7F0000FC6A0666
(36.103698) can0 178#16800624CA950658
(36.103826) can0 17C#00000000678606E2
(36.103931) can0 290#0020000000000000
(36.104003) can0 12B#0000000000013F79
(36.104075) can0 128#1388030000EC7842
(36.113941) can0 174#EA7F0000FC6A0757
(36.114069) can0 178#BA7F0726659607D6
(36.114173) can0 17C#00000000CB860705
(36.124184) can0 290#0040000000000000
(36.124313) can0 12B#0000000000013F79
(36.124384) can0 541#0280000000000000
(36.124457) can0 120#0693000000000039
(36.124569) can0 121#0027001500080024
(36.134427) can0 174#5A800000146B0842
(36.134563) can0 178#8D7F08203396085D
(36.134667) can0 17C#0000000069870801
(36.144670) can0 290#0020000000000000
(36.144799) can0 174#868000001D6B09A1
(36.144903) can0 178#B77F09255095094F
(36.154928) can0 17C#00000000D2870974
(36.155057) can0 450#0000000000000000
(36.155130) can0 174#49800000226B0A0B
(36.155234) can0 178#1C80000029940A99
(36.155338) can0 17C#00000000A7870A92
(36.165156) can0 290#0030000000000000
(36.165284) can0 174#CB7F0000306B0B1F
(36.165388) can0 178#5A800125DE930B81
(36.175399) can0 17C#000000001F870B6B
(36.175535) can0 174#6F7F00001A6B0CD4
(36.175639) can0 178#43800239B6940C08
(36.185642) can0 17C#00000000A6860C1F
(36.185770) can0 178#EF7F0321D7950D29
(36.185876) can0 17C#000000009B860DAF
(36.195886) can0 290#0010000000000000
(36.196023) can0 12B#0000000000013F79
(36.196095) can0 17C#00000000FD860EDD
(36.196207) can0 450#0000000000000000
(36.196280) can0 290#0020000000000000
(36.206127) can0 12B#0000000000013F79
(36.206219) can0 290#0030000000000000
(36.206328) can0 12B#0000000000013F79
(36.206399) can0 120#06990000000000BF
(36.206503) can0 121#00280015000800A5
(36.216376) can0 290#0040000000000000
(36.216505) can0 12B#0000000000013F79
(36.216584) can0 128#1388030000EC7822
(36.216688) can0 12E#0000000000000020
(36.226615) can0 290#0030000000000000
(36.226744) can0 12B#0000000000013F79
(36.226815) can0 541#0280000000000000
(36.226889) can0 290#0020000000000000
(36.226994) can0 12B#0000000000013F79
(36.227065) can0 128#1388030000EC7842
(36.236857) can0 12E#0000000000000040
(36.236986) can0 290#0050000000000000
(36.237091) can0 12B#0000000000013F79
(36.237163) can0 120#068600000000002C
(36.247102) can0 290#0050000000000000
(36.247194) can0 12B#0000000000013F79
(36.247266) can0 128#1388030000EC7862
(36.247373) can0 12E#0000000000000060
(36.247478) can0 290#0040000000000000
(36.247589) can0 12B#0000000000013F79
(36.247661) can0 120#068B000000000051
(36.257358) can0 290#0030000000000000
(36.257487) can0 12B#0000000000013F79
(36.257566) can0 128#1388030000EC7882
(36.257670) can0 12E#0000000000000080
(36.267587) can0 290#0010000000000000
(36.267715) can0 12B#0000000000013F79
(36.267792) can0 12A#1328012000000000
(36.267867) can0 290#0020000000000000
(36.267985) can0 12B#0000000000013F79
(36.268057) can0 128#1388030000EC78A2
(36.277828) can0 290#0020000000000000
(36.277920) can0 12B#0000000000013F79
(36.278000) can0 120#06B500000000009B
(36.278108) can0 121#0027001400080083
(36.278219) can0 290#0020000000000000
(36.278292) can0 12B#0000000000013F79
(36.278363) can0 128#1388030000EC78C2
(36.288076) can0 12B#0000000000013F79
(36.288167) can0 541#0280000000000000
(36.288248) can0 120#06D70000000000BD
(36.288356) can0 12B#0000000000013F79
(36.288427) can0 128#1388030000EC7822
(36.288547) can0 12E#0000000000000020
(36.298319) can0 120#06CD0000000000D3
(36.298447) can0 121#00250013000800C0
(36.298567) can0 129#08000000000000C8
(36.308558) can0 12E#0000000000000040
(36.308687) can0 174#5F800000186B0F2F
(36.308791) can0 178#2D80040552940FD5
(36.318800) can0 17C#00000000D9870FBA
(36.318929) can0 290#0030000000000000
(36.319034) can0 120#06C2000000000028
(36.329043) can0 121#0026001300080021
(36.329170) can0 129#0800000000000028
(36.329275) can0 174#F27F0000316B0006
(36.339286) can0 174#857F0000236B0186
(36.339414) can0 178#8380061469940178
(36.339524) can0 17C#00000000888601A7
(36.349550) can0 550#1000000000000050
(36.349679) can0 120#06B400000000005A
(36.349783) can0 121#0027001400080043
(36.349892) can0 174#C57F0000F36A0396
(36.359772) can0 178#B47F08024F9603E4
(36.359904) can0 17C#0000000098860385
(36.360009) can0 290#0040000000000000
(36.370015) can0 120#06A800000000006E
(36.370142) can0 121#0026001400080062
(36.370246) can0 129#0800000000000068
(36.380258) can0 540#0206A700000000F6
(36.380391) can0 174#7E8000001D6B0546
(36.380503) can0 178#887F0A138C950553
(36.390501) can0 120#06A600000000008C
(36.390636) can0 121#0027001400080083
(36.390740) can0 129#0800000000000088
(36.400744) can0 550#1000000000000070
(36.400875) can0 300#0F00000000000000
(36.400948) can0 174#F57F00004A6B0713
(36.401052) can0 120#06A50000000000AB
(36.410987) can0 121#00280014000800A4
(36.411114) can0 129#08000000000000A8
(36.411218) can0 174#7F7F0000416B09FC
(36.421229) can0 178#49800E07A0950900
(36.421358) can0 17C#000000007A8609C4
(36.421462) can0 290#0020000000000000
(36.431478) can0 120#06A20000000000C8
(36.431613) can0 121#00270014000800C3
(36.431725) can0 129#08000000000000C8
(36.441723) can0 174#43800000366B0B60
(36.441851) can0 178#9E7F00025A960BED
(36.441964) can0 17C#0000000067870B2F
(36.442067) can0 120#06AB000000000031
(36.451980) can0 121#0026001400080022
(36.452107) can0 129#0800000000000028
(36.452212) can0 174#6A8000002D6B0D56
(36.462201) can0 178#F57F00007A940DA8
(36.462337) can0 17C#00000000D6870D06
(36.462442) can0 290#0040000000000000
(36.472444) can0 121#0027001400080043
(36.472579) can0 129#0800000000000048
(36.472684) can0 174#FA7F0000386B0EF1
(36.482687) can0 174#8A7F0000276B0F7A
(36.482815) can0 178#4680022064940F84
(36.482919) can0 17C#0000000090860F15
(36.492934) can0 290#0020000000000000
(36.493063) can0 12B#0000000000013F79
(36.493135) can0 541#0280000000000000
(36.493208) can0 174#747F0000076B0059
(36.493312) can0 178#0380032185950071
(36.503178) can0 17C#0000000054860008
(36.503307) can0 300#0F00000000000000
(36.503380) can0 174#C07F0000F66A0111
(36.503491) can0 178#A97F042358960106
(36.513416) can0 17C#00000000A2860198
(36.513553) can0 174#32800000116B027A
(36.513657) can0 178#7D7F0523549602EE
(36.523659) can0 17C#000000005687027D
(36.523787) can0 174#7E800000156B0304
(36.523896) can0 178#9E7F06228D9503C8
(36.533904) can0 17C#00000000E1870302
(36.534032) can0 174#68800000186B04B8
(36.534136) can0 178#038007244E94040F
(36.544158) can0 17C#00000000D9870475
(36.544287) can0 174#F57F0000356B05E7
(36.544391) can0 178#5F800823C39305FA
(36.544495) can0 17C#00000000458705BA
(36.554388) can0 290#0040000000000000
(36.554523) can0 12B#0000000000013F78
(36.554633) can0 174#827F0000306B06CF
(36.564631) can0 178#7080092069940638
(36.564758) can0 17C#00000000A48606CE
(36.564867) can0 450#0000000000000000
(36.564940) can0 290#0030000000000000
(36.574876) can0 12B#0000000000013F79
(36.575004) can0 128#1388030000EC7842
(36.575108) can0 178#22800A2193950710
(36.585117) can0 17C#0000000066860770
(36.585253) can0 290#0030000000000000
(36.585326) can0 12B#0000000000013F79
(36.585402) can0 17C#00000000A78608E4
(36.585517) can0 290#0040000000000000
(36.595360) can0 12B#0000000000013F79
(36.595451) can0 128#1388030000EC7862
(36.595575) can0 290#0040000000000000
(36.595647) can0 12B#0000000000013F79
(36.595719) can0 120#06CA000000000050
(36.595823) can0 121#0026001300080041
(36.605604) can0 290#0040000000000000
(36.605696) can0 12B#0000000000013F79
(36.605768) can0 128#1388030000EC7882
(36.605878) can0 450#0000000000000000
(36.605951) can0 290#0020000000000000
(36.606056) can0 12B#0000000000013F78
(36.615851) can0 120#06C1000000000067
(36.615979) can0 121#0026001300080061
(36.616090) can0 129#0800000000000068
(36.626089) can0 290#0020000000000000
(36.626181) can0 12B#0000000000013F79
(36.626289) can0 128#1388030000EC78A2
(36.626392) can0 290#0030000000000000
(36.636340) can0 12B#0000000000013F78
(36.636468) can0 120#06B1000000000097
(36.636579) can0 290#0040000000000000
(36.636683) can0 12B#0000000000013F78
(36.636755) can0 128#1388030000EC78C2
(36.646592) can0 290#0020000000000000
(36.646721) can0 12B#0000000000013F79
(36.646825) can0 12A#1328012000000000
(36.646902) can0 290#0050000000000000
(36.656817) can0 12B#0000000000013F78
(36.656946) can0 128#1388030000EC7822
(36.657049) can0 12E#0000000000000020
(36.667060) can0 290#0020000000000000
(36.667189) can0 12B#0000000000013F79
(36.667294) can0 120#06BD0000000000C3
(36.677303) can0 290#0030000000000000
(36.677432) can0 12B#0000000000013F78
(36.677545) can0 128#1388030000EC7842
(36.687554) can0 290#0010000000000000
(36.687683) can0 12B#0000000000013F78
(36.687754) can0 541#0280000000000000
(36.687827) can0 290#0050000000000000
(36.687933) can0 12B#0000000000013F78
(36.688013) can0 128#1388030000EC7862
(36.697789) can0 290#0040000000000000
(36.697919) can0 12B#0000000000013F78
(36.697998) can0 120#06D800000000005E
(36.698102) can0 12B#0000000000013F79
(36.708038) can0 128#1388030000EC7882
(36.708165) can0 12E#0000000000000080
(36.708277) can0 174#578000000F6B0787
(36.718280) can0 120#06D700000000007D
(36.718408) can0 121#0026001300080061
(36.718487) can0 129#0800000000000068
(36.718567) can0 12E#00000000000000A0
(36.718672) can0 174#5C8000001D6B090F
(36.728524) can0 178#1980000000940939
(36.728657) can0 550#1000000000000090
(36.728763) can0 120#06D500000000009B
(36.738775) can0 121#0026001300080081
(36.738903) can0 129#0800000000000088
(36.739008) can0 174#717F0000306B0B00
(36.739112) can0 178#70800221A0940BCE
(36.749004) can0 17C#0000000089860BFA
(36.749132) can0 120#06D30000000000B9
(36.749236) can0 121#00260013000800A1
(36.759247) can0 129#08000000000000A8
(36.759375) can0 540#0206D100000000F8
(36.759484) can0 174#E47F00000A6B0D45
(36.769490) can0 178#D67F042F89960D2B
(36.769626) can0 541#0280000000000000
(36.769699) can0 120#06D00000000000D6
(36.769803) can0 121#00250013000800C0
(36.779733) can0 550#10000000000000B0
(36.779863) can0 300#0F00000000000000
(36.779936) can0 174#86800000306B0F5A
(36.780040) can0 178#D97F062434950F06
(36.789976) can0 17C#00000000E3870F9D
(36.790104) can0 120#06CD000000000033
(36.790208) can0 121#0026001300080021
(36.800219) can0 129#0800000000000028
(36.800347) can0 174#C27F0000446B010C
(36.800451) can0 178#91800820D69301DB
(36.810462) can0 17C#000000001687013A
(36.810598) can0 290#0010000000000000
(36.810704) can0 12B#0000000000013F78
(36.820705) can0 120#06CB000000000051
(36.820832) can0 121#0027001300080042
(36.820936) can0 129#0800000000000048
(36.830951) can0 174#8A7F00000E6B0355
(36.831079) can0 178#38800000019603CE
(36.831183) can0 17C#000000009686038C
(36.831286) can0 120#06C700000000006D
(36.841207) can0 121#0026001300080061
(36.841334) can0 129#0800000000000068
(36.841438) can0 174#00800000186B04DB
(36.851442) can0 178#D07F0125849604EC
(36.851585) can0 174#6D800000276B053F
(36.851689) can0 178#987F0239299605C1
(36.861676) can0 17C#00000000A387052F
(36.861812) can0 120#06BF000000000085
(36.861917) can0 121#0026001300080081
(36.871921) can0 129#0800000000000088
(36.872049) can0 174#43800000436B073D
(36.872153) can0 178#06800420E49307EA
(36.882168) can0 17C#00000000AB870719
(36.882296) can0 120#06B80000000000BE
(36.882408) can0 121#00270014000800A3
(36.892405) can0 129#08000000000000A8
(36.892542) can0 174#C27F0000466B08FA
(36.892653) can0 178#46800000DE930857
(36.902654) can0 300#0F00000000000000
(36.902746) can0 174#747F00002D6B0993
(36.902863) can0 178#3B800000EC940976
(36.902967) can0 17C#000000008E86094A
(36.912894) can0 450#0000000000000000
(36.912986) can0 174#9B7F00000C6B0A47
(36.913095) can0 178#F27F012204960AAB
(36.913199) can0 17C#0000000091860AF3
(36.923134) can0 290#0030000000000000
(36.923263) can0 174#0E8000001A6B0B62
(36.923368) can0 178#9E7F022065960BFA
(36.933391) can0 17C#0000000016870BE8
(36.933519) can0 290#0010000000000000
(36.933633) can0 12B#0000000000013F78
(36.933704) can0 120#06A500000000002B
(36.933808) can0 174#708000002E6B0C16
(36.943624) can0 178#827F0332F1950CC9
(36.943752) can0 17C#00000000BA870C41
(36.943858) can0 290#0020000000000000
(36.953867) can0 174#7E800000446B0D55
(36.953995) can0 178#C27F0420CB940D68
(36.954099) can0 17C#0000000005880D91
(36.964106) can0 290#0010000000000000
(36.964235) can0 12B#0000000000013F78
(36.964307) can0 12A#1328012000000000
(36.964378) can0 550#1000000000000050
(36.964483) can0 174#27800000416B0E13
(36.974349) can0 178#2A800523E1930E92
(36.974477) can0 17C#00000000A0870E6C
(36.974589) can0 450#0000000000000000
(36.974662) can0 174#AC7F0000396B0FD7
(36.984593) can0 178#6880063200940F0B
(36.984721) can0 17C#0000000003870F0D
(36.984827) can0 290#0020000000000000
(36.994835) can0 12B#0000000000013F77
(36.994963) can0 120#067F000000000065
(36.995067) can0 174#6C7F0000176B002A
(37.005078) can0 178#54800721139500F0
(37.005204) can0 17C#00000000988600A2
(37.005308) can0 290#0020000000000000
(37.005379) can0 12B#0000000000013F78
(37.015321) can0 128#1388030000EC78A2
(37.015447) can0 12E#00000000000000A0
(37.015519) can0 178#F57F08271496013C
(37.015631) can0 17C#00000000AF86011D
(37.025568) can0 290#0050000000000000
(37.025696) can0 12B#0000000000012F78
(37.025800) can0 541#0280000000000000
(37.025873) can0 120#0672000000000098
(37.025975) can0 17C#000000003C870222
(37.035828) can0 290#0050000000000000
(37.035920) can0 12B#0000000000013F78
(37.036036) can0 450#0000000000000000
(37.036108) can0 290#0030000000000000
(37.036220) can0 12B#0000000000013F78
(37.036300) can0 290#0020000000000000
(37.046053) can0 12B#0000000000013F77
(37.046184) can0 128#1388030000EC7822
(37.046288) can0 290#0030000000000000
(37.056298) can0 12B#0000000000013F77
(37.056389) can0 120#06880000000000CE
(37.056496) can0 290#0030000000000000
(37.056576) can0 12B#0000000000013F77
(37.056647) can0 128#1388030000EC7842
(37.056750) can0 290#0020000000000000
(37.066543) can0 12B#0000000000013F78
(37.066671) can0 12A#1328012000000000
(37.066742) can0 550#1000000000000090
(37.066847) can0 290#0010000000000000
(37.076778) can0 12B#0000000000013F77
(37.076907) can0 128#1388030000EC7862
(37.077009) can0 290#0030000000000000
(37.087021) can0 12B#0000000000013F77
(37.087112) can0 120#069D000000000043
(37.087220) can0 290#0010000000000000
(37.087325) can0 12B#0000000000013F78
(37.097264) can0 128#1388030000EC7882
(37.097391) can0 290#0050000000000000
(37.097496) can0 12B#0000000000013F77
(37.107507) can0 541#0280000000000000
(37.107604) can0 290#0030000000000000
(37.107714) can0 12B#0000000000013F77
(37.107785) can0 128#1388030000EC78A2
(37.107894) can0 12E#00000000000000A0
(37.107971) can0 290#0010000000000000
(37.117750) can0 12B#0000000000012F77
(37.117881) can0 120#068D000000000093
(37.117993) can0 290#0030000000000000
(37.128012) can0 12B#0000000000013F77
(37.128140) can0 128#1388030000EC78C2
(37.128252) can0 12B#0000000000013F77
(37.128323) can0 120#06820000000000A8
(37.128427) can0 121#00280016000800A6
(37.138251) can0 12B#0000000000013F77
(37.138342) can0 128#1388030000EC7822
(37.138449) can0 12E#0000000000000020
(37.138570) can0 174#4C800000356B0162
(37.148486) can0 550#10000000000000D0
(37.148623) can0 120#06860000000000CC
(37.148727) can0 121#00270015000800C4
(37.158722) can0 128#1388030000EC7842
(37.158849) can0 12E#0000000000000040
(37.158954) can0 174#4C8000002D6B034C
(37.168965) can0 120#068A000000000030
(37.169093) can0 121#0028001500080025
(37.169196) can0 129#0800000000000028
(37.179208) can0 540#02068D00000000F9
(37.179341) can0 174#887F0000356B0509
(37.179453) can0 178#54800108A9940518
(37.189451) can0 541#0280000000000000
(37.189549) can0 120#0690000000000056
(37.189656) can0 121#0028001500080045
(37.189766) can0 129#0800000000000048
(37.199694) can0 174#827F00002B6B0657
(37.199822) can0 550#1000000000000030
(37.199927) can0 300#0F00000000000000
(37.200000) can0 174#CE7F00001A6B0788
(37.209938) can0 178#A97F01283996076E
(37.210065) can0 120#069700000000007D
(37.210169) can0 121#0027001500080064
(37.220183) can0 129#0800000000000068
(37.220311) can0 174#65800000286B09F7
(37.220415) can0 178#AC7F032189950915
(37.220517) can0 17C#00000000058809E5
(37.230439) can0 120#069800000000009E
(37.230572) can0 121#0027001500080084
(37.230676) can0 129#0800000000000088
(37.240666) can0 174#EF7F0000396B0B9A
(37.240793) can0 178#6D80052308940B41
(37.240898) can0 17C#000000006A870BAA
(37.250911) can0 290#0040000000000000
(37.251040) can0 550#1000000000000050
(37.251145) can0 120#06990000000000BF
(37.261152) can0 121#00270015000800A4
(37.261279) can0 174#7A7F0000466B0D36
(37.261383) can0 178#2280072463950D31
(37.271395) can0 17C#0000000072860DBC
(37.271539) can0 290#0030000000000000
(37.271644) can0 120#069B0000000000C1
(37.281646) can0 121#00270015000800C4
(37.281773) can0 129#08000000000000C8
(37.281880) can0 540#02069D00000000F9
(37.291884) can0 174#2A800000366B0F2A
(37.292020) can0 178#7D7F092004960F6F
(37.292124) can0 17C#000000007C870FC3
(37.302129) can0 290#0040000000000000
(37.302258) can0 541#0280000000000000
(37.302338) can0 120#069F000000000025
(37.302442) can0 121#0027001500080024
(37.312366) can0 129#0800000000000028
(37.312494) can0 174#708000001C6B00A1
(37.312606) can0 178#907F0A2189950090
(37.322624) can0 300#0F00000000000000
(37.322717) can0 174#65800000156B01B2
(37.322825) can0 178#EF7F0B29849401E6
(37.322929) can0 17C#00000000268801B1
(37.323034) can0 450#0000000000000000
(37.323107) can0 290#0010000000000000
(37.332853) can0 121#0028001500080045
(37.332980) can0 129#0800000000000048
(37.333084) can0 174#03800000276B02DC
(37.343095) can0 174#9B7F0000366B0395
(37.343223) can0 178#768000003D9403AB
(37.343327) can0 17C#00000000CD860374
(37.353338) can0 290#0030000000000000
(37.353467) can0 174#7A7F0000366B048B
(37.353586) can0 178#498000FF3995049E
(37.363583) can0 17C#00000000828604C1
(37.363711) can0 290#0000000000000000
(37.363816) can0 12B#0000000000013F77
(37.363888) can0 174#B47F00002A6B05FA
(37.373824) can0 178#F27F000010960509
(37.373952) can0 17C#00000000D08605A7
(37.374057) can0 290#0040000000000000
(37.384067) can0 174#1F8000003B6B06B8
(37.384195) can0 178#AC7F01204196069F
(37.384299) can0 17C#000000007C870636
(37.394310) can0 174#6D800000276B0705
(37.394438) can0 178#A47F0222D495074C
(37.394550) can0 17C#00000000008807CA
(37.404560) can0 174#6A800000186B089E
(37.404687) can0 178#E77F0326BA9408FF
(37.404791) can0 17C#000000000F8808F7
(37.414799) can0 174#0E8000001A6B0958
(37.414927) can0 178#43800425FF9309ED
(37.415031) can0 17C#0000000085870986
(37.415134) can0 290#0020000000000000
(37.425055) can0 12B#0000000000013F77
(37.425146) can0 541#0280000000000000
(37.425219) can0 174#A17F0000286B0ACF
(37.425327) can0 178#7680052042940A05
(37.425431) can0 17C#00000000DC860A16
(37.435282) can0 290#0020000000000000
(37.435374) can0 178#5A8006213F950B6E
(37.435489) can0 17C#000000007B860B71
(37.435605) can0 450#0000000000000000
(37.435678) can0 17C#00000000A9860C99
(37.445525) can0 290#0040000000000000
(37.445658) can0 12B#0000000000012F77
(37.445762) can0 128#1388030000EC7862
(37.455773) can0 12E#0000000000000060
(37.455903) can0 290#0030000000000000
(37.456017) can0 12B#0000000000013F77
(37.466011) can0 120#06E500000000004B
(37.466138) can0 290#0040000000000000
(37.466243) can0 12B#0000000000013F77
(37.466315) can0 128#1388030000EC7882
(37.476259) can0 12E#0000000000000080
(37.476387) can0 290#0030000000000000
(37.476493) can0 12B#0000000000013F77
(37.476572) can0 12A#1328012000000000
(37.476644) can0 450#0000000000000000
(37.476717) can0 290#0040000000000000
(37.486497) can0 12B#0000000000013F77
(37.486596) can0 290#0000000000000000
(37.486705) can0 12B#0000000000012F77
(37.486810) can0 120#06F1000000000097
(37.496740) can0 121#002500120008009F
(37.496871) can0 290#0030000000000000
(37.496976) can0 12B#0000000000013F77
(37.506982) can0 128#1388030000EC78C2
(37.507124) can0 12E#00000000000000C0
(37.507230) can0 290#0020000000000000
(37.517239) can0 12B#0000000000013F77
(37.517330) can0 541#0280000000000000
(37.517403) can0 290#0050000000000000
(37.517513) can0 12B#0000000000013F77
(37.517591) can0 128#1388030000EC7822
(37.517695) can0 290#0030000000000000
(37.517800) can0 12B#0000000000013F77
(37.517872) can0 120#06CD0000000000D3
(37.527468) can0 290#0020000000000000
(37.527606) can0 12B#0000000000013F77
(37.527677) can0 128#1388030000EC7842
(37.527781) can0 290#0030000000000000
(37.537711) can0 12B#0000000000013F77
(37.537803) can0 120#06B2000000000038
(37.537911) can0 121#0026001400080022
(37.538023) can0 290#0020000000000000
(37.547954) can0 12B#0000000000013F77
(37.548054) can0 128#1388030000EC7862
(37.548161) can0 290#0030000000000000
(37.548274) can0 12B#0000000000013F77
(37.548346) can0 12A#1328012000000000
(37.548417) can0 290#0040000000000000
(37.558197) can0 12B#0000000000013F77
(37.558297) can0 128#1388030000EC7882
(37.558404) can0 120#068F000000000075
(37.558523) can0 121#0027001500080064
(37.568440) can0 129#0800000000000068
(37.568580) can0 12E#00000000000000A0
(37.568685) can0 540#02069000000000FA
(37.578683) can0 174#6D800000446B0D0B
(37.578819) can0 541#0280000000000000
(37.578893) can0 120#0692000000000098
(37.578996) can0 121#0028001500080085
(37.588929) can0 12C#0000000000000000
(37.589021) can0 5A0#00692000000000C9
(37.589130) can0 550#1000000000000070
(37.589236) can0 300#0F00000000000000
(37.589309) can0 120#06960000000000BC
(37.599169) can0 121#00270015000800A4
(37.599297) can0 129#08000000000000A8
(37.599401) can0 174#6F7F0000096B00DC
(37.609415) can0 174#C27F0000F96A012D
(37.609557) can0 178#D97F000070960177
(37.609661) can0 17C#00000000C68601CE
(37.609764) can0 120#068D0000000000D3
(37.619671) can0 121#00270015000800C4
(37.619798) can0 129#08000000000000C8
(37.619904) can0 174#388000001C6B0297
(37.629900) can0 178#9B7F000052960207
(37.630028) can0 174#7B8000002E6B0398
(37.630132) can0 178#A97F012292950305
(37.640141) can0 17C#00000000CE8703B4
(37.640274) can0 550#1000000000000090
(37.640382) can0 120#067C000000000022
(37.650384) can0 121#0027001600080025
(37.650511) can0 174#F57F0000366B056B
(37.650623) can0 178#38800332F793059A
(37.660627) can0 17C#0000000042870530
(37.660755) can0 290#0010000000000000
(37.660862) can0 12B#0000000000013F77
(37.660934) can0 120#066800000000004E
(37.670872) can0 121#0028001600080046
(37.670999) can0 129#0800000000000048
(37.671104) can0 174#967F00002D6B0682
(37.681113) can0 540#02065D00000000FB
(37.681246) can0 174#887F00001A6B0785
(37.681358) can0 178#068005237F9507D7
(37.691356) can0 541#0280000000000000
(37.691455) can0 120#0650000000000076
(37.691568) can0 121#0029001700080068
(37.691672) can0 300#0F00000000000000
(37.691752) can0 174#32800000116B09B5
(37.701600) can0 178#827F07212B9609E9
(37.701736) can0 17C#000000007F870901
(37.701841) can0 120#065400000000009A
(37.711856) can0 121#0029001700080088
(37.711991) can0 129#0800000000000088
(37.712096) can0 174#6D800000176B0AAC
(37.712200) can0 174#628000001F6B0BE1
(37.722092) can0 178#F87F0000CD940B62
(37.722220) can0 17C#0000000004880B50
(37.722340) can0 290#0040000000000000
(37.732327) can0 12B#0000000000013F77
(37.732419) can0 121#00290016000800A7
(37.732534) can0 129#08000000000000A8
(37.732639) can0 174#118000001A6B0CD4
(37.742572) can0 178#468001201B940CD3
(37.742700) can0 17C#0000000066870CF3
(37.742804) can0 290#0030000000000000
(37.752813) can0 174#AF7F00001F6B0D3F
(37.752942) can0 178#5A80000039940DDF
(37.753046) can0 17C#00000000AD860D82
(37.763056) can0 174#857F0000116B0E16
(37.763184) can0 178#1F8001120C950E97
(37.763288) can0 17C#000000005E860EA1
(37.773299) can0 450#0000000000000000
(37.773392) can0 290#0030000000000000
(37.773464) can0 12B#0000000000013F77
(37.773544) can0 174#B27F0000FB6A0F80
(37.773652) can0 178#BD7F020FCD950F0C
(37.773756) can0 17C#00000000B1860FAA
(37.783550) can0 290#0010000000000000
(37.783679) can0 174#11800000016B00D0
(37.783783) can0 178#717F0302149600B9
(37.793785) can0 17C#000000006687006F
(37.793914) can0 174#5C800000076B01F0
(37.794019) can0 178#7D7F0405CC950180
(37.804031) can0 17C#0000000004880182
(37.804165) can0 290#0010000000000000
(37.804238) can0 174#688000000E6B02EB
(37.804343) can0 178#D67F0512059502C4
(37.804445) can0 17C#000000002888029F
(37.814296) can0 174#24800000156B030B
(37.814424) can0 178#3E8006143494032E
(37.814536) can0 17C#000000009587034C
(37.824514) can0 450#0000000000000000
(37.824612) can0 290#0020000000000000
(37.824721) can0 12B#0000000000013F76
(37.824826) can0 174#C27F00003C6B0421
(37.834757) can0 178#7380072F199404D3
(37.834887) can0 17C#00000000D48604BC
(37.834992) can0 178#57800802DD940517
(37.845000) can0 17C#00000000698605CC
(37.845128) can0 290#0030000000000000
(37.845234) can0 12B#0000000000012F77
(37.855243) can0 120#06A2000000000088
(37.855370) can0 17C#000000009E8606E9
(37.855475) can0 290#0050000000000000
(37.865486) can0 12B#0000000000013F77
(37.865622) can0 128#1388030000EC78C2
(37.865725) can0 290#0050000000000000
(37.865798) can0 12B#0000000000013F77
(37.865870) can0 12A#1328012000000000
(37.865941) can0 450#0000000000000000
(37.866014) can0 290#0040000000000000
(37.875729) can0 12B#0000000000013F76
(37.875865) can0 290#0020000000000000
(37.875970) can0 12B#0000000000013F77
(37.885972) can0 120#06B00000000000D6
(37.886099) can0 290#0020000000000000
(37.886172) can0 12B#0000000000013F77
(37.886244) can0 128#1388030000EC7842
(37.886347) can0 290#0050000000000000
(37.896215) can0 12B#0000000000013F76
(37.896351) can0 120#06BF000000000025
(37.896455) can0 121#0027001400080023
(37.906471) can0 290#0030000000000000
(37.906608) can0 12B#0000000000013F77
(37.906713) can0 128#1388030000EC7862
(37.906816) can0 12E#0000000000000060
(37.916701) can0 290#0010000000000000
(37.916830) can0 12B#0000000000012F77
(37.916935) can0 120#06C700000000004D
(37.926944) can0 290#0010000000000000
(37.927036) can0 12B#0000000000013F77
(37.927145) can0 128#1388030000EC7882
(37.927248) can0 12E#0000000000000080
(37.937187) can0 290#0030000000000000
(37.937315) can0 12B#0000000000013F77
(37.937387) can0 120#06BF000000000065
(37.937491) can0 290#0030000000000000
(37.937572) can0 12B#0000000000013F77
(37.937648) can0 128#1388030000EC78A2
(37.947429) can0 290#0030000000000000
(37.947522) can0 12B#0000000000013F77
(37.947601) can0 12A#1328012000000000
(37.947672) can0 290#0030000000000000
(37.947744) can0 12B#0000000000013F76
(37.947853) can0 128#1388030000EC78C2
(37.947957) can0 290#0010000000000000
(37.957672) can0 12B#0000000000012F77
(37.957801) can0 120#06A40000000000AA
(37.957905) can0 290#0020000000000000
(37.967917) can0 12B#0000000000013F77
(37.968053) can0 128#1388030000EC7822
(37.968157) can0 541#0280000000000000
(37.968238) can0 120#06A50000000000CB
(37.978158) can0 121#00270014000800C3
(37.978294) can0 12E#0000000000000040
(37.978399) can0 12A#1328012000000000
(37.978478) can0 12C#0000000000000000
(37.978558) can0 5A0#0069200000000089
(37.988401) can0 120#06B0000000000036
(37.988546) can0 121#0026001400080022
(37.988649) can0 129#0800000000000028
(37.998647) can0 174#D37F00001A6B0971
(37.998775) can0 178#5C800A21FF930950
(37.998881) can0 17C#000000000D87094A
(37.998985) can0 290#0010000000000000
(38.008905) can0 12B#0000000000013F77
(38.009000) can0 120#06B900000000005F
(38.009115) can0 121#0027001400080043
(38.009218) can0 129#0800000000000048
(38.019130) can0 174#7D7F0000186B0A9A
(38.019257) can0 174#8D7F0000076B0BB0
(38.019361) can0 178#EF7F0000F3950B38
(38.029373) can0 17C#0000000072860BF2
(38.029501) can0 550#10000000000000D0
(38.029614) can0 120#06C0000000000066
(38.039618) can0 121#0026001400080062
(38.039744) can0 174#51800000126B0D1B
(38.039848) can0 178#717F00FF3C960D3B
(38.049861) can0 17C#0000000059870D40
(38.049989) can0 290#0040000000000000
(38.050094) can0 120#06B400000000009A
(38.060102) can0 121#0027001400080083
(38.060229) can0 129#0800000000000088
(38.060333) can0 540#0206AE00000000FC
(38.070345) can0 174#3E800000206B0FE7
(38.070480) can0 178#1680012026940F3E
(38.070592) can0 541#0280000000000000
(38.070664) can0 120#069F0000000000A5
(38.080589) can0 121#00270014000800A3
(38.080717) can0 300#0F00000000000000
(38.080789) can0 174#7A7F0000366B01E2
(38.080896) can0 178#5A800326D5940144
(38.090831) can0 120#068F0000000000D5
(38.090958) can0 121#00270015000800C4
(38.091068) can0 129#08000000000000C8
(38.101087) can0 174#887F00002A6B02C4
(38.101215) can0 174#EA7F0000336B0349
(38.101319) can0 178#937F052058960352
(38.101423) can0 17C#000000000287031E
(38.111317) can0 290#0000000000000000
(38.111446) can0 12B#0000000000013F77
(38.111517) can0 120#0690000000000036
(38.111629) can0 121#0027001500080024
(38.121561) can0 129#0800000000000028
(38.121697) can0 174#57800000406B0446
(38.121801) can0 178#697F06211B96040F
(38.131803) can0 174#83800000366B05B9
(38.131931) can0 178#987F07213C9505E2
(38.132034) can0 17C#00000000FF87055D
(38.142046) can0 121#0027001500080044
(38.142181) can0 129#0800000000000048
(38.142286) can0 174#4C800000276B062A
(38.152288) can0 174#D07F0000316B0780
(38.152416) can0 178#54800925F79307D8
(38.152520) can0 17C#000000000E870760
(38.162545) can0 290#0010000000000000
(38.162674) can0 174#747F00002D6B088E
(38.162778) can0 178#57800A29C29408B0
(38.172774) can0 17C#00000000918608C9
(38.172903) can0 290#0030000000000000
(38.173008) can0 12B#0000000000013F77
(38.173080) can0 128#1388030000EC78A2
(38.183018) can0 174#7F7F0000286B092F
(38.183145) can0 178#0E800000C29509E1
(38.183250) can0 17C#000000009086095B
(38.193263) can0 290#0050000000000000
(38.193392) can0 174#E47F0000226B0A2A
(38.193496) can0 178#B27F01204C960A3E
(38.193606) can0 17C#0000000008870AE4
(38.203519) can0 300#0F00000000000000
(38.203617) can0 174#57800000206B0BAD
(38.203725) can0 178#887F00000F960B51
(38.203829) can0 174#89800000146B0C17
(38.213746) can0 178#A97F01202B950CF2
(38.213876) can0 17C#0000000026880C30
(38.213981) can0 290#0030000000000000
(38.223989) can0 12B#0000000000013F77
(38.224081) can0 128#1388030000EC7822
(38.224188) can0 12E#0000000000000020
(38.224293) can0 174#51800000016B0D8F
(38.234232) can0 178#068002211B940D33
(38.234360) can0 17C#00000000E3870DA7
(38.234465) can0 290#0040000000000000
(38.244475) can0 12B#0000000000013F77
(38.244574) can0 174#D97F0000076B0ED7
(38.244683) can0 178#54800324E9930E02
(38.244787) can0 17C#0000000032870EB7
(38.254718) can0 290#0010000000000000
(38.254847) can0 174#7F7F0000FB6A0F19
(38.254958) can0 178#6280042FBC940F3F
(38.264961) can0 17C#00000000A6860F38
(38.265089) can0 290#0010000000000000
(38.265162) can0 12B#0000000000012F77
(38.265266) can0 12A#1328012000000000
(38.265337) can0 178#2A800512BE95008D
(38.275204) can0 17C#000000009986002D
(38.275332) can0 450#0000000000000000
(38.275405) can0 290#0030000000000000
(38.275510) can0 17C#00000000F586016A
(38.285447) can0 290#0000000000000000
(38.285581) can0 12B#0000000000013F77
(38.285685) can0 290#0040000000000000
(38.295703) can0 12B#0000000000013F77
(38.295802) can0 128#1388030000EC7882
(38.295910) can0 12E#0000000000000080
(38.296014) can0 290#0030000000000000
(38.296128) can0 12B#0000000000012F77
(38.305934) can0 541#0280000000000000
(38.306026) can0 120#06AC000000000072
(38.306134) can0 121#0026001400080062
(38.306238) can0 290#0030000000000000
(38.306310) can0 12B#0000000000013F77
(38.316181) can0 128#1388030000EC78A2
(38.316308) can0 450#0000000000000000
(38.316381) can0 290#0020000000000000
(38.316486) can0 12B#0000000000013F77
(38.316571) can0 120#06CF000000000095
(38.326419) can0 290#0010000000000000
(38.326556) can0 12B#0000000000012F77
(38.326661) can0 128#1388030000EC78C2
(38.336662) can0 290#0020000000000000
(38.336791) can0 12B#0000000000013F77
(38.336896) can0 120#06E20000000000A8
(38.346907) can0 290#0030000000000000
(38.347035) can0 12B#0000000000013F77
(38.347107) can0 128#1388030000EC7822
(38.347210) can0 290#0040000000000000
(38.357148) can0 12B#0000000000012F77
(38.357276) can0 12A#1328012000000000
(38.357347) can0 290#0030000000000000
(38.357452) can0 12B#0000000000013F77
(38.367391) can0 128#1388030000EC7842
(38.367517) can0 12E#0000000000000040
(38.367630) can0 290#0020000000000000
(38.377634) can0 12B#0000000000013F77
(38.377725) can0 120#06BA000000000020
(38.377833) can0 290#0020000000000000
(38.377905) can0 12B#0000000000013F77
(38.377983) can0 128#1388030000EC7862
(38.378087) can0 290#0040000000000000
(38.387884) can0 12B#0000000000012F77
(38.388019) can0 541#0280000000000000
(38.388092) can0 120#0693000000000059
(38.388196) can0 121#0026001500080043
(38.388312) can0 290#0030000000000000
(38.398135) can0 12B#0000000000013F77
(38.398271) can0 128#1388030000EC7882
(38.398374) can0 12B#0000000000012F77
(38.408362) can0 120#068900000000006F
(38.408498) can0 121#0027001500080064
(38.408610) can0 129#0800000000000068
(38.418607) can0 12E#00000000000000A0
(38.418735) can0 174#83800000386B01C4
(38.418839) can0 178#DE7F06324495012A
(38.428848) can0 120#068700000000008D
(38.428976) can0 121#0028001600080086
(38.429080) can0 129#0800000000000088
(38.439091) can0 174#548000003E6B02AE
(38.439219) can0 174#DE7F0000496B03B1
(38.439323) can0 178#6D800827059403CA
(38.449334) can0 17C#00000000FA8603D6
(38.449463) can0 550#1000000000000050
(38.449573) can0 120#06830000000000A9
(38.459584) can0 121#00280016000800A6
(38.459711) can0 174#857F0000076B05C4
(38.459816) can0 178#19800120DE950578
(38.469820) can0 17C#000000006286054C
(38.469949) can0 120#067F0000000000C5
(38.470053) can0 121#00270016000800C5
(38.480063) can0 129#08000000000000C8
(38.480191) can0 174#DE7F0000F56A0676
(38.480296) can0 178#BD7F0000749606FA
(38.490320) can0 17C#00000000D0860680
(38.490448) can0 540#02068700000000FD
(38.490565) can0 174#4C800000186B0799
(38.490677) can0 178#937F01123E96078E
(38.500556) can0 120#068D000000000033
(38.500684) can0 121#0027001500080024
(38.500788) can0 129#0800000000000028
(38.510792) can0 550#1000000000000070
(38.510921) can0 300#0F00000000000000
(38.510994) can0 174#62800000336B09E1
(38.511098) can0 178#038003024A94091E
(38.521035) can0 17C#00000000CB8709EF
(38.521163) can0 120#069C000000000042
(38.521267) can0 121#0027001500080044
(38.531278) can0 129#0800000000000048
(38.531406) can0 174#907F00003C6B0B47
(38.531518) can0 178#4980051263940B65
(38.541521) can0 17C#000000009E860B68
(38.541665) can0 290#0020000000000000
(38.541771) can0 120#06AE000000000074
(38.551764) can0 121#0027001400080063
(38.551897) can0 129#0800000000000068
(38.552009) can0 174#C87F0000FC6A0D50
(38.562014) can0 178#9E7F072F39960D71
(38.562142) can0 17C#00000000F2860D7C
(38.562255) can0 120#06C3000000000089
(38.572250) can0 121#0026001300080081
(38.572383) can0 129#0800000000000088
(38.572489) can0 174#768000000F6B0F5D
(38.582495) can0 178#887F090FA5950F7B
(38.582631) can0 17C#0000000029880F91
(38.582736) can0 290#0030000000000000
(38.582839) can0 12B#0000000000013F77
(38.592752) can0 120#06C90000000000AF
(38.592882) can0 121#00260013000800A1
(38.592985) can0 129#08000000000000A8
(38.602978) can0 174#57800000286B006E
(38.603115) can0 178#EC7F0A136C94003E
(38.603219) can0 174#E77F00004F6B01D7
(38.613221) can0 178#54800B03C593014A
(38.613349) can0 17C#00000000598701DC
(38.613454) can0 290#0010000000000000
(38.623464) can0 12B#0000000000013F77
(38.623564) can0 129#08000000000000C8
(38.623672) can0 174#7A7F0000496B020B
(38.623777) can0 178#70800C08489402FA
(38.633707) can0 300#0F00000000000000
(38.633800) can0 174#717F00002B6B0370
(38.633908) can0 178#38800D2F619503C0
(38.634012) can0 17C#000000008B860311
(38.643951) can0 174#C87F00000A6B0464
(38.644079) can0 178#D67F0E073C9604CA
(38.644183) can0 17C#00000000E9860411
(38.654193) can0 174#408000000E6B0505
(38.654327) can0 178#907F0F0D499605CA
(38.654432) can0 17C#00000000A187052C
(38.664444) can0 290#0030000000000000
(38.664581) can0 174#7E800000116B066B
(38.664685) can0 178#9E7F000290950617
(38.674679) can0 17C#0000000031880670
(38.674808) can0 290#0040000000000000
(38.674913) can0 12B#0000000000013F78
(38.684944) can0 128#1388030000EC7882
(38.685035) can0 174#57800000226B0732
(38.685143) can0 178#FA7F01085D94076A
(38.685247) can0 17C#0000000021880775
(38.685352) can0 290#0020000000000000
(38.695165) can0 12B#0000000000012F77
(38.695293) can0 12A#1328012000000000
(38.695365) can0 550#10000000000000D0
(38.695470) can0 174#EA7F0000466B0847
(38.705408) can0 178#62800000CE930849
(38.705544) can0 17C#000000007C870890
(38.705649) can0 174#8A7F0000466B09EB
(38.715656) can0 178#868001285D94093C
(38.715784) can0 17C#00000000CD8609A6
(38.715898) can0 290#0030000000000000
(38.725896) can0 178#518002206B950A10
(38.726024) can0 17C#0000000088860A68
(38.726129) can0 290#0010000000000000
(38.736142) can0 12B#0000000000013F77
(38.736276) can0 128#1388030000EC78C2
(38.736381) can0 17C#00000000D9860B82
(38.746380) can0 290#0010000000000000
(38.746472) can0 12B#0000000000013F78
(38.746589) can0 290#0030000000000000
(38.746694) can0 12B#0000000000012F77
(38.756624) can0 128#1388030000EC7822
(38.756751) can0 12E#0000000000000020
(38.756857) can0 450#0000000000000000
(38.756930) can0 290#0020000000000000
(38.766870) can0 12B#0000000000013F77
(38.766998) can0 120#06AB0000000000D1
(38.767102) can0 290#0040000000000000
(38.777111) can0 12B#0000000000013F78
(38.777240) can0 128#1388030000EC7842
(38.777343) can0 290#0040000000000000
(38.777416) can0 12B#0000000000012F77
(38.777519) can0 120#06BC000000000022
(38.787368) can0 290#0030000000000000
(38.787497) can0 12B#0000000000012F77
(38.787577) can0 128#1388030000EC7862
(38.787680) can0 290#0040000000000000
(38.797596) can0 12B#0000000000013F78
(38.797724) can0 12A#1328012000000000
(38.797796) can0 290#0030000000000000
(38.797901) can0 12B#0000000000012F77
(38.807838) can0 128#1388030000EC7882
(38.807965) can0 290#0050000000000000
(38.808078) can0 12B#0000000000013F78
(38.818081) can0 120#06CE000000000074
(38.818216) can0 121#0026001300080061
(38.818320) can0 290#0010000000000000
(38.828323) can0 12B#0000000000013F78
(38.828415) can0 128#1388030000EC78A2
(38.828538) can0 12E#00000000000000A0
(38.828643) can0 290#0030000000000000
(38.838568) can0 12B#0000000000012F77
(38.838696) can0 541#0280000000000000
(38.838769) can0 290#0050000000000000
(38.838877) can0 12B#0000000000013F77
(38.848809) can0 128#1388030000EC78C2
(38.848937) can0 12E#00000000000000C0
(38.849042) can0 290#0020000000000000
(38.859052) can0 12B#0000000000012F77
(38.859180) can0 120#06B80000000000BE
(38.859284) can0 121#00270014000800A3
(38.869295) can0 290#0010000000000000
(38.869424) can0 12B#0000000000012F78
(38.869537) can0 128#1388030000EC7822
(38.879553) can0 120#06AE0000000000D4
(38.879681) can0 121#00270014000800C3
(38.879785) can0 129#08000000000000C8
(38.879857) can0 128#1388030000EC7842
(38.879961) can0 12E#0000000000000040
(38.889781) can0 174#898000003B6B0BF2
(38.889909) can0 550#1000000000000090
(38.890021) can0 120#06A3000000000029
(38.900024) can0 121#0026001500080023
(38.900152) can0 174#E47F0000436B0DA6
(38.900256) can0 178#3E800621F5930DE2
(38.910267) can0 17C#000000004E870DD2
(38.910396) can0 120#069600000000005C
(38.910500) can0 121#0027001500080044
(38.920510) can0 129#0800000000000048
(38.920646) can0 174#7F7F0000386B0E64
(38.920750) can0 540#02068F00000000FF
(38.930753) can0 174#7F7F0000286B0F61
(38.930893) can0 178#1C800820C7950F18
(38.930997) can0 541#0280000000000000
(38.931070) can0 120#068600000000006C
(38.940996) can0 121#0028001600080066
(38.941123) can0 129#0800000000000068
(38.941228) can0 550#10000000000000B0
(38.951239) can0 300#0F00000000000000
(38.951332) can0 174#4E800000386B015D
(38.951440) can0 178#8A7F0A29299601E4
(38.951560) can0 120#068F000000000095
(38.961482) can0 121#0028001500080085
(38.961617) can0 129#0800000000000088
(38.961722) can0 174#5C800000316B03E7
(38.971733) can0 178#F87F01205394037B
(38.971862) can0 17C#00000000DD870320
(38.971967) can0 290#0030000000000000
(38.972077) can0 120#069B0000000000A1
(38.981984) can0 121#00280015000800A5
(38.982118) can0 129#08000000000000A8
(38.982223) can0 174#827F0000366B05ED
(38.992211) can0 178#658001208794057C
(38.992338) can0 17C#00000000D88605AB
(38.992443) can0 290#0050000000000000
(39.002454) can0 120#06AA0000000000D0
(39.002591) can0 121#00270014000800C3
(39.002694) can0 129#08000000000000C8
(39.012697) can0 174#CE7F0000076B0715
(39.012824) can0 178#D37F0324589607D7
(39.012928) can0 17C#00000000DE860794
(39.022940) can0 290#0030000000000000
(39.023068) can0 12B#0000000000012F77
(39.023172) can0 120#06BB000000000021
(39.033182) can0 121#0026001400080022
(39.033310) can0 129#0800000000000028
(39.033414) can0 174#3E800000146B089A
(39.043425) can0 174#838000000C6B0902
(39.043562) can0 178#857F051287950948
(39.043665) can0 17C#00000000238809D0
(39.053668) can0 120#06BD000000000043
(39.053796) can0 121#0027001400080043
(39.053900) can0 129#0800000000000048
(39.063913) can0 174#6A8000000F6B0A36
(39.064041) can0 178#D67F06244D940AB4
(39.064152) can0 300#0F00000000000000
(39.064226) can0 174#F87F00002B6B0BB6
(39.074168) can0 178#35800726CE930BAF
(39.074295) can0 17C#000000005B870B0D
(39.074400) can0 450#0000000000000000
(39.074473) can0 174#857F0000316B0C1C
(39.074584) can0 178#628008206F940C86
(39.084397) can0 17C#00000000B4860C04
(39.084526) can0 290#0020000000000000
(39.084638) can0 12B#0000000000012F77
(39.084710) can0 174#697F0000286B0D31
(39.094640) can0 178#3880092581950DF8
(39.094768) can0 17C#0000000086860D32
(39.094874) can0 174#B27F0000186B0ECD
(39.104885) can0 178#D37F00003C960ECE
(39.105013) can0 17C#00000000D4860E6E
(39.105118) can0 174#2A800000226B0F34
(39.115126) can0 178#907F012538960F1F
(39.115254) can0 17C#0000000077870F43
(39.115359) can0 290#0040000000000000
(39.125369) can0 174#768000001D6B00FD
(39.125497) can0 178#A47F02397F95006C
(39.125609) can0 17C#0000000005880010
(39.135619) can0 450#0000000000000000
(39.135712) can0 174#57800000256B01F6
(39.135828) can0 178#FA7F0321459401AF
(39.135932) can0 17C#000000000F880102
(39.145856) can0 174#E17F0000436B0229
(39.145983) can0 178#57800420B89302CB
(39.146094) can0 17C#000000008787024A
(39.156101) can0 290#0040000000000000
(39.156193) can0 12B#0000000000012F77
(39.156265) can0 128#1388030000EC7842
(39.156336) can0 174#777F0000366B033E
(39.156444) can0 178#7B800000669403B5
(39.156556) can0 17C#00000000E186034E
(39.166344) can0 290#0030000000000000
(39.166473) can0 12B#0000000000013F77
(39.166585) can0 178#4C8000008C95046D
(39.166688) can0 17C#000000008B860442
(39.176601) can0 290#0040000000000000
(39.176730) can0 17C#00000000BD860572
(39.176835) can0 450#0000000000000000
(39.176908) can0 290#0000000000000000
(39.186827) can0 290#0030000000000000
(39.186956) can0 12B#0000000000012F77
(39.187060) can0 128#1388030000EC7882
(39.197070) can0 290#0010000000000000
(39.197199) can0 12B#0000000000013F77
(39.197303) can0 120#06B600000000007C
(39.207313) can0 290#0040000000000000
(39.207442) can0 12B#0000000000013F77
(39.207513) can0 128#1388030000EC78A2
(39.207623) can0 290#0010000000000000
(39.217557) can0 12B#0000000000012F77
(39.217685) can0 12A#1328012000000000
(39.217757) can0 290#0010000000000000
(39.217834) can0 12B#0000000000013F77
(39.217946) can0 128#1388030000EC78C2
(39.227799) can0 290#0030000000000000
(39.227928) can0 12B#0000000000012F77
(39.228041) can0 120#068D0000000000B3
(39.238047) can0 290#0040000000000000
(39.238176) can0 12B#0000000000013F77
(39.238288) can0 128#1388030000EC7822
(39.248290) can0 290#0030000000000000
(39.248419) can0 12B#0000000000013F78
(39.248539) can0 541#0280000000000000
(39.248612) can0 120#068C0000000000D2
(39.258541) can0 290#0040000000000000
(39.258670) can0 12B#0000000000012F77
(39.258774) can0 128#1388030000EC7842
(39.268784) can0 290#0020000000000000
(39.268914) can0 12B#0000000000013F77
(39.269018) can0 120#0692000000000038
(39.269122) can0 121#0028001500080025
(39.279013) can0 290#0010000000000000
(39.279142) can0 12B#0000000000012F77
(39.279247) can0 128#1388030000EC7862
(39.289256) can0 290#0010000000000000
(39.289349) can0 12B#0000000000013F77
(39.289457) can0 120#069900000000005F
(39.289569) can0 290#0010000000000000
(39.289642) can0 12B#0000000000012F78
(39.299499) can0 128#1388030000EC7882
(39.299640) can0 12A#1328012000000000
(39.299713) can0 550#10000000000000D0
(39.299819) can0 120#069E000000000064
(39.309742) can0 12B#0000000000013F77
(39.309874) can0 128#1388030000EC78A2
(39.309977) can0 12E#00000000000000A0
(39.319985) can0 120#069E000000000084
(39.320113) can0 121#0027001500080084
(39.320217) can0 129#0800000000000088
(39.330228) can0 540#02069E0000000100
(39.330362) can0 174#EA7F00004A6B07F6
(39.330474) can0 178#70800802E1930717
(39.340471) can0 17C#000000001B8707F1
(39.340607) can0 541#0280000000000000
(39.340680) can0 120#069E0000000000A4
(39.340784) can0 121#00280015000800A5
(39.350714) can0 5A0#00692000000000A9
(39.350843) can0 550#1000000000000030
(39.350949) can0 300#0F00000000000000
(39.351022) can0 120#069E0000000000C4
(39.360960) can0 121#00270015000800C4
(39.361087) can0 129#08000000000000C8
(39.361192) can0 174#2D800000046B0BFB
(39.361294) can0 178#7A7F0C0851960B6D
(39.371216) can0 17C#0000000087870BBF
(39.371344) can0 290#0030000000000000
(39.371450) can0 120#06A2000000000028
(39.381443) can0 121#0027001500080024
(39.381579) can0 129#0800000000000028
(39.381691) can0 174#788000000F6B0C7B
(39.391693) can0 174#68800000276B0DE3
(39.391821) can0 178#EC7F0E078A940DF4
(39.391925) can0 17C#000000001B880D80
(39.401940) can0 550#1000000000000050
(39.402069) can0 120#06A600000000004C
(39.402181) can0 121#0027001500080044
(39.412172) can0 174#9B7F0000416B0FCB
(39.412300) can0 178#898000026C940F12
(39.412404) can0 17C#0000000099860F96
(39.422415) can0 120#06AA000000000070
(39.422551) can0 121#0027001400080063
(39.422655) can0 129#0800000000000068
(39.432658) can0 174#CB7F0000146B01FB
(39.432786) can0 178#DE7F000026960184
(39.432893) can0 17C#00000000988601BF
(39.442902) can0 290#0010000000000000
(39.443031) can0 12B#0000000000012F77
(39.443136) can0 541#0280000000000000
(39.443209) can0 120#06B2000000000098
(39.453144) can0 121#0027001400080083
(39.453271) can0 129#0800000000000088
(39.453376) can0 300#0F00000000000000
(39.453449) can0 174#7B800000226B0392
(39.463400) can0 178#887F0220AB950305
(39.463543) can0 121#00260014000800A2
(39.463649) can0 129#08000000000000A8
(39.463756) can0 174#6D800000356B0439
(39.473629) can0 174#03800000516B05C2
(39.473758) can0 178#65800423E19305B5
(39.473868) can0 17C#000000008387051F
(39.483875) can0 174#967F00004F6B06D1
(39.484003) can0 178#948005234094068A
(39.484107) can0 17C#00000000B88606DC
(39.494115) can0 174#717F0000316B0713
(39.494243) can0 178#5F800622489507BE
(39.494347) can0 17C#000000004E86074C
(39.504358) can0 290#0030000000000000
(39.504487) can0 174#B27F0000116B0800
(39.504608) can0 178#E77F072422960821
(39.514603) can0 17C#000000008E860857
(39.514731) can0 450#0000000000000000
(39.514804) can0 174#228000001C6B0989
(39.514909) can0 178#907F0823479609EB
(39.524844) can0 17C#000000004E8709A6
(39.524973) can0 174#76800000146B0AAC
(39.525077) can0 178#A17F0920B7950ACB
(39.535087) can0 17C#00000000F2870A63
(39.535216) can0 290#0030000000000000
(39.535288) can0 12B#0000000000013F77
(39.535393) can0 174#6D8000001A6B0B34
(39.545330) can0 178#0B800A2185940B3D
(39.545458) can0 17C#000000000F880BD0
(39.545571) can0 290#0040000000000000
(39.555579) can0 174#03800000366B0CED
(39.555712) can0 178#81800B29E1930CFE
(39.555825) can0 17C#0000000087870CEC
(39.555929) can0 290#0010000000000000
(39.565832) can0 174#967F00003B6B0D50
(39.565960) can0 178#AB80000053940D74
(39.566064) can0 17C#00000000D1860DC0
(39.576059) can0 178#6A8000005D950E34
(39.576187) can0 17C#000000006A860E8F
(39.576292) can0 290#0010000000000000
(39.576364) can0 17C#0000000094860F13
(39.586302) can0 290#0040000000000000
(39.586431) can0 12B#0000000000012F78
(39.586544) can0 120#06B00000000000B6
(39.596552) can0 290#0010000000000000
(39.596681) can0 12B#0000000000013F78
(39.596786) can0 128#1388030000EC7822
(39.606788) can0 12E#0000000000000020
(39.606917) can0 290#0030000000000000
(39.607022) can0 12B#0000000000013F78
(39.607102) can0 12A#1328012000000000
(39.607173) can0 450#0000000000000000
(39.607246) can0 290#0030000000000000
(39.607319) can0 12B#0000000000012F78
(39.617031) can0 290#0030000000000000
(39.617123) can0 12B#0000000000013F77
(39.617232) can0 120#069B000000000021
(39.617336) can0 290#0040000000000000
(39.627274) can0 12B#0000000000012F78
(39.627402) can0 128#1388030000EC7862
(39.627506) can0 12E#0000000000000060
(39.637517) can0 540#0206950000000101
(39.637658) can0 290#0030000000000000
(39.637771) can0 12B#0000000000013F77
(39.647760) can0 541#0280000000000000
(39.647853) can0 290#0010000000000000
(39.647962) can0 12B#0000000000012F78
(39.648073) can0 128#1388030000EC7882
(39.658022) can0 290#0050000000000000
(39.658151) can0 12B#0000000000013F79
(39.658263) can0 120#068E000000000074
(39.658367) can0 290#0030000000000000
(39.668251) can0 12B#0000000000012F78
(39.668379) can0 128#1388030000EC78A2
(39.668491) can0 290#0030000000000000
(39.668571) can0 12B#0000000000013F77
(39.678494) can0 120#0692000000000098
(39.678627) can0 121#0028001500080085
(39.678731) can0 290#0030000000000000
(39.678803) can0 12B#0000000000012F78
(39.688732) can0 128#1388030000EC78C2
(39.688859) can0 290#0050000000000000
(39.688965) can0 12B#0000000000013F78
(39.698974) can0 12A#1328012000000000
(39.699066) can0 550#1000000000000050
(39.699143) can0 290#0030000000000000
(39.699265) can0 12B#0000000000012F78
(39.699369) can0 128#1388030000EC7822
(39.709217) can0 120#069D0000000000C3
(39.709345) can0 121#00270015000800C4
(39.709449) can0 129#08000000000000C8
(39.719460) can0 174#2A8000002D6B0EAF
(39.719596) can0 128#1388030000EC7842
(39.719699) can0 12E#0000000000000040
(39.729703) can0 540#0206A70000000102
(39.729837) can0 541#0280000000000000
(39.729918) can0 120#06AD000000000033
(39.730022) can0 121#0026001400080022
(39.739947) can0 12A#1328012000000000
(39.740038) can0 12C#0000000000000000
(39.740110) can0 5A0#0069200000000069
(39.740220) can0 120#06BA000000000040
(39.740324) can0 121#0027001400080043
(39.750192) can0 129#0800000000000048
(39.750320) can0 174#697F0000366B0386
(39.750424) can0 178#4E800624FA9403E0
(39.750534) can0 17C#000000008D860314
(39.760448) can0 120#06CB000000000071
(39.760580) can0 121#0026001318080079
(39.760683) can0 129#0800000000000068
(39.770675) can0 174#03800000096B05B6
(39.770803) can0 178#B47F082006960524
(39.770908) can0 17C#000000007A870514
(39.780920) can0 550#1000000000000090
(39.781049) can0 120#0692000000000098
(39.781153) can0 121#002800151808009D
(39.791161) can0 174#57800000F66A07C0
(39.791289) can0 178#EC7F0000059507CE
(39.791393) can0 17C#00000000CE8707C0
(39.801404) can0 290#0030000000000000
(39.801496) can0 120#06290000000000AF
(39.801612) can0 121#00290019180800A2
(39.801724) can0 129#08000000000000A8
(39.811654) can0 174#1C800000066B0854
(39.811782) can0 178#3B8001257D9408CF
(39.811900) can0 540#0205F20000000102
(39.821897) can0 174#D07F0000206B09B1
(39.822033) can0 178#5F800239959409DF
(39.822145) can0 17C#00000000108709D7
(39.832133) can0 120#05B30000000000D8
(39.832261) can0 121#002B001B180800C6
(39.832364) can0 129#08000000000000C8
(39.842381) can0 300#0F00000000000000
(39.842474) can0 174#BD7F0000626B0BBF
(39.842590) can0 178#0B8004207E950BF2
(39.842694) can0 120#057A00000000003F
(39.852632) can0 121#002A001B18080025
(39.852759) can0 129#0800000000000028
(39.852870) can0 174#2A800000596B0DC6
(39.852974) can0 178#D07F000065950D21
(39.862868) can0 17C#000000009E870D6A
(39.862996) can0 121#0028001B18080043
(39.863100) can0 129#0800000000000048
(39.873105) can0 174#27800000526B0E87
(39.873232) can0 178#EF7F012223950EEE
(39.873337) can0 174#03800000406B0F87
(39.883348) can0 178#2280022026950F73
(39.883475) can0 17C#0000000055870F70
(39.883588) can0 174#DC7F0000306B00E7
(39.893592) can0 178#49800332399500BA
(39.893720) can0 17C#000000000087003A
(39.893825) can0 450#0000000000000000
(39.893898) can0 290#0020000000000000
(39.903834) can0 12B#0000000000013F78
(39.903962) can0 174#D67F0000176B0128
(39.904066) can0 178#4680042076950114
(39.914076) can0 17C#00000000BD860106
(39.914205) can0 290#0030000000000000
(39.914311) can0 174#F27F0000366B02B6
(39.924319) can0 178#228005235D95028B
(39.924447) can0 17C#00000000A7860236
(39.924560) can0 290#0010000000000000
(39.934564) can0 174#0B800000626B03FA
(39.934692) can0 178#E77F06320295032C
(39.934796) can0 17C#00000000D3860365
(39.944808) can0 174#0E800000406B04AE
(39.944936) can0 178#BA7F07210A950407
(39.945048) can0 17C#00000000118704D9
(39.945153) can0 174#068000000A6B050E
(39.955064) can0 178#B27F08272E9505EB
(39.955192) can0 17C#0000000024870565
(39.955297) can0 450#0000000000000000
(39.955370) can0 174#FA7F0000FE6A06F0
(39.965291) can0 178#BD7F00002B9506D0
(39.965419) can0 17C#00000000138706E0
(39.965524) can0 290#0040000000000000
(39.975542) can0 12B#0000000000012F78
(39.975670) can0 174#EA7F0000F66A0758
(39.975782) can0 178#D07F012050950772
(39.985777) can0 17C#000000001887077D
(39.985906) can0 178#D97F0000A09508EE
(39.986010) can0 17C#000000002A8708ED
(39.996022) can0 290#0020000000000000
(39.996151) can0 17C#000000002A8709F0
(39.996264) can0 290#0010000000000000
(40.006263) can0 12B#0000000000012F77
(40.006390) can0 12A#1328012000000000
(40.006460) can0 450#0000000000000000
(40.006540) can0 290#0050000000000000
(40.006644) can0 12B#0000000000013F78
(40.016506) can0 290#0030000000000000
(40.016640) can0 12B#0000000000012F78
(40.016744) can0 120#030B00000000006E
(40.026749) can0 121#002A001B18080065
(40.026883) can0 290#0030000000000000
(40.026958) can0 12B#0000000000013F77
(40.027062) can0 128#1388030000EC78A2
(40.036992) can0 290#0030000000000000
(40.037084) can0 12B#0000000000012F78
(40.037192) can0 120#030B00000000008E
(40.037295) can0 121#002A001B18080085
(40.047248) can0 129#0800000000000088
(40.047376) can0 290#0050000000000000
(40.047481) can0 12B#0000000000013F77
(40.047593) can0 128#1388030000EC78C2
(40.057478) can0 12E#00000000000000C0
(40.057614) can0 290#0010000000000000
(40.057719) can0 12B#0000000000012F77
(40.067721) can0 120#02BB0000000000BD
(40.067848) can0 290#0040000000000000
(40.067953) can0 12B#0000000000013F77
(40.077964) can0 128#1388030000EC7822
(40.078097) can0 290#0000000000000000
(40.078210) can0 12B#0000000000012F77
(40.088214) can0 120#02BB0000000000DD
(40.088341) can0 290#0040000000000000
(40.088454) can0 12B#0000000000013F78
(40.098457) can0 128#1388030000EC7842
(40.098592) can0 12E#0000000000000040
(40.098696) can0 290#0050000000000000
(40.108693) can0 12B#0000000000012F77
(40.108826) can0 12A#1328012000000000
(40.108899) can0 550#1000000000000090
(40.108971) can0 290#0020000000000000
(40.109077) can0 12B#0000000000013F77
(40.118936) can0 128#1388030000EC7862
(40.119064) can0 12E#0000000000000060
(40.119168) can0 290#0020000000000000
(40.119241) can0 12B#0000000000012F77
(40.129178) can0 120#02BB00000000005D
(40.129306) can0 290#0030000000000000
(40.129411) can0 12B#0000000000013F77
(40.139424) can0 128#1388030000EC7882
(40.139560) can0 120#02BB00000000007D
(40.139664) can0 121#0030001B180C006F
(40.139766) can0 129#0800000000000068
(40.149680) can0 128#1388030000EC78A2
(40.149807) can0 12E#00000000000000A0
(40.149913) can0 12A#1328012000000000
(40.149984) can0 120#02BB00000000009D
(40.159910) can0 121#0030001B180C008F
(40.160037) can0 129#0800000000000088
(40.160141) can0 174#EF7F0000416B0BDE
(40.170150) can0 178#F57F012845950BB8
(40.170278) can0 17C#000000000B870B75
(40.170383) can0 120#02BB0000000000BD
(40.180393) can0 121#0030001B180C00AF
(40.180520) can0 129#08000000000000A8
(40.180633) can0 174#14800000356B0D4B
(40.190636) can0 178#EC7F03211D950D61
(40.190764) can0 17C#0000000083870DF7
(40.190871) can0 290#0020000000000000
