(0.371454) can0 174#00800000846A067F
(0.372150) can0 178#22800624CD95066D
(0.372307) can0 17C#0000000019800616
(0.372465) can0 290#0000000000000000
(0.372624) can0 12B#0000000000000000
(0.372788) can0 128#7FFF0300007FFF5F
(0.372955) can0 12E#4000000000000040
(0.373126) can0 120#0000000000000040
(0.373295) can0 121#0000000000000040
(0.373475) can0 129#0000000000000040
(0.373644) can0 174#03800000846A0785
(0.373821) can0 178#11800726CA950786
(0.373975) can0 17C#000000002780072A
(0.374133) can0 290#0000000000000000
(0.374247) can0 12B#0000000000000000
(0.374417) can0 12A#1208002000000000
(0.374569) can0 550#1000000000000090
(0.374736) can0 540#02000000110000E7
(0.374900) can0 174#06800000816A0883
(0.375065) can0 178#0B800820C49508F0
(0.375219) can0 17C#000000003880080F
(0.375378) can0 450#0000000000000000
(0.375546) can0 290#0000000000000000
(0.375673) can0 12B#0000000000000000
(0.375771) can0 128#7FFF0300007FFF7F
(0.375912) can0 12E#4000000000000060
(0.376067) can0 120#0000000000000060
(0.376225) can0 121#0000000000000060
(0.376396) can0 129#0000000000000060
(0.376597) can0 541#0280000000000000
(0.376757) can0 174#038000007F6A092B
(0.376923) can0 178#14800925B7950975
(0.377077) can0 17C#000000003A800911
(0.377235) can0 290#0000000000000000
(0.377350) can0 12B#0000000000000000
(0.397466) can0 174#FD7F00007C6A0A21
(0.397907) can0 178#16800000B3950A6A
(0.398069) can0 17C#0000000030800A39
(0.398231) can0 290#0000000000000000
(0.398436) can0 12B#0000000000000000
(0.398559) can0 128#7FFF0300007FFF9F
(0.398705) can0 12E#4000000000000080
(0.398874) can0 120#0000000000000080
(0.399036) can0 121#0000000000000080
(0.399198) can0 129#0000000000000080
(0.399360) can0 174#FA7F00007B6A0B38
(0.399529) can0 178#0E800125B4950B65
(0.399691) can0 17C#0000000021800BB3
(0.399857) can0 290#0000000000000000
(0.399980) can0 12B#0000000000000000
(0.400086) can0 174#FA7F00007E6A0CE2
(0.400232) can0 178#06800239BE950CA2
(0.400394) can0 17C#0000000011800CC8
(0.401263) can0 290#0000000000000000
(0.401514) can0 12B#0000000000000000
(0.401758) can0 128#7FFF0300007FFFBF
(0.402004) can0 12E#40000000000000A0
(0.402243) can0 12A#1308002000000000
(0.402502) can0 12C#0000000000000000
(0.402745) can0 5A0#0000000000000020
(0.403677) can0 550#10000000000000B0
(0.405587) can0 120#00000000000000A0
(0.405827) can0 121#00000000000000A0
(0.406072) can0 129#00000000000000A0
(0.408280) can0 174#FA7F0000826A0D7D
(0.408508) can0 178#0E800321CA950DF0
(0.408753) can0 17C#0000000008800D4E
(0.409007) can0 450#0000000000000000
(0.411790) can0 290#0000000000000000
(0.412043) can0 12B#0000000000000000
(0.418266) can0 174#FA7F0000896A0EDA
(0.418510) can0 178#1C800420D4950E53
(0.418748) can0 17C#0000000009800EE6
(0.421238) can0 290#0000000000000000
(0.421494) can0 12B#0000000000000000
(0.421735) can0 128#7FFF0300007FFFDF
(0.421986) can0 12E#40000000000000C0
(0.425640) can0 120#00000000000000C0
(0.425848) can0 121#00000000000000C0
(0.426072) can0 129#00000000000000C0
(0.428272) can0 174#00800000896A0F0F
(0.428511) can0 178#27800000D4950F52
(0.428752) can0 17C#0000000014800F66
(0.431691) can0 290#0000000000000000
(0.431935) can0 12B#0000000000000000
(0.438273) can0 174#008000008C6A003D
(0.438513) can0 178#22800000D09500DB
(0.438758) can0 17C#0000000017800051
(0.441263) can0 290#0000000000000000
(0.441511) can0 12B#0000000000000000
(0.441753) can0 128#7FFF0300007FFF3F
(0.441995) can0 12E#4000000000000020
(0.445586) can0 120#0000000000000020
(0.445833) can0 121#0000000000000020
(0.446117) can0 129#0000000000000020
(0.448268) can0 174#FA7F00008D6A0167
(0.448499) can0 178#14800122CD950159
(0.448752) can0 17C#00000000148001C0
(0.451677) can0 290#0000000000000000
(0.451922) can0 12B#0000000000000000
(0.452160) can0 12A#1308002000000000
(0.453678) can0 550#10000000000000D0
(0.455845) can0 540#02000000110000E7
(0.458266) can0 174#F57F0000926A0282
(0.458503) can0 178#06800220C99502E2
(0.458744) can0 17C#0000000019800262
(0.459004) can0 450#0000000000000000
(0.461408) can0 290#0000000000000000
(0.461655) can0 12B#0000000000000000
(0.461898) can0 128#7FFF0300007FFF5F
(0.462143) can0 12E#4000000000000040
(0.465578) can0 120#0000000000000040
(0.465823) can0 121#0000000000000040
(0.466089) can0 129#0000000000000040
(0.466680) can0 541#0280000000000000
(0.468268) can0 174#F27F00008F6A038C
(0.468499) can0 178#06800332C795039E
(0.468753) can0 17C#00000000268003D1
(0.471706) can0 290#0000000000000000
(0.471953) can0 12B#0000000000000000
(0.478273) can0 174#EF7F0000896A0485
(0.478511) can0 178#06800420CA950441
(0.478758) can0 17C#000000002780040D
(0.481258) can0 290#0000000000000000
(0.481503) can0 12B#0000000000000000
(0.481759) can0 128#7FFF0300007FFF7F
(0.482006) can0 12E#4000000000000060
(0.485590) can0 120#0000000000000060
(0.485836) can0 121#0000000000000060
(0.486085) can0 129#0000000000000060
(0.488281) can0 174#EF7F0000816A0594
(0.488514) can0 178#0E800523CF9505D7
(0.488752) can0 17C#000000001180053D
(0.491686) can0 290#0000000000000000
(0.491945) can0 12B#0000000000000000
(0.498273) can0 174#EA7F0000846A060E
(0.498503) can0 178#14800632D09506B9
(0.498741) can0 17C#00000000EA7F0653
(0.501266) can0 290#0000000000000000
(0.501514) can0 12B#0000000000000000
(0.501755) can0 128#7FFF0300007FFF9F
(0.501998) can0 12E#4000000000000080
(0.502241) can0 12A#1308002000000000
(0.502496) can0 12C#0000000000000000
(0.502741) can0 5A0#0000000000000040
(0.503671) can0 550#1000000000000030
(0.505582) can0 120#0000000000000080
(0.505829) can0 121#0000000000000080
(0.506070) can0 129#0000000000000080
(0.508266) can0 174#EC7F0000846A07C0
(0.508513) can0 178#16800721CA9507FC
(0.508754) can0 17C#00000000D17F07E6
(0.509003) can0 450#0000000000000000
(0.511802) can0 290#0000000000000000
(0.512044) can0 12B#0000000000000000
(0.518264) can0 174#EF7F0000796A0891
(0.518504) can0 178#11800827C195085C
(0.518745) can0 17C#00000000D97F0851
(0.521292) can0 290#0000000000000000
(0.521540) can0 12B#0000000000000000
(0.521785) can0 128#7FFF0300007FFFBF
(0.522024) can0 12E#40000000000000A0
(0.525570) can0 120#00000000000000A0
(0.525820) can0 121#00000000000000A0
(0.526065) can0 129#00000000000000A0
(0.528275) can0 174#F57F0000736A0952
(0.528515) can0 178#06800000B99509FB
(0.528753) can0 17C#00000000F87F09F3
(0.531701) can0 290#0000000000000000
(0.531961) can0 12B#0000000000000000
(0.538305) can0 174#F87F0000766A0A1A
(0.538506) can0 178#06800120B6950A7A
(0.538750) can0 17C#0000000014800A0F
(0.541287) can0 290#0000000000000000
(0.541534) can0 12B#0000000000000000
(0.541790) can0 128#7FFF0300007FFFDF
(0.542034) can0 12E#40000000000000C0
(0.545561) can0 120#00000000000000C0
(0.545808) can0 121#00000000000000C0
(0.546047) can0 129#00000000000000C0
(0.548272) can0 174#FA7F00007F6A0B3E
(0.548547) can0 178#08800000B9950BC0
(0.548755) can0 17C#0000000016800B11
(0.551719) can0 290#0000000000000000
(0.551967) can0 12B#0000000000000000
(0.552215) can0 12A#1308002000000000
(0.553674) can0 550#1000000000000050
(0.555816) can0 540#02000000110000E7
(0.558273) can0 174#FA7F0000876A0CE9
(0.558503) can0 178#0B800112BF950C19
(0.558782) can0 17C#0000000000800C5F
(0.559007) can0 450#0000000000000000
(0.561518) can0 290#0000000000000000
(0.561763) can0 12B#0000000000000000
(0.562018) can0 128#7FFF0300007FFF3F
(0.562265) can0 12E#4000000000000020
(0.565561) can0 120#0000000000000020
(0.565803) can0 121#0000000000000020
(0.566048) can0 129#0000000000000020
(0.566670) can0 541#0280000000000000
(0.568272) can0 174#038000008C6A0D5B
(0.568510) can0 178#0E80020FC1950DA5
(0.568755) can0 17C#00000000ED7F0D16
(0.571701) can0 290#0000000000000000
(0.571953) can0 12B#0000000000000000
(0.578274) can0 174#03800000916A0EE1
(0.578508) can0 178#11800302BC950E8F
(0.578746) can0 17C#00000000FA7F0EA3
(0.581252) can0 290#0000000000000000
(0.581502) can0 12B#0000000000000000
(0.581747) can0 128#7FFF0300007FFF5F
(0.582000) can0 12E#4000000000000040
(0.585550) can0 120#0000000000000040
(0.585802) can0 121#0000000000000040
(0.586047) can0 129#0000000000000040
(0.588273) can0 174#008000008F6A0F0A
(0.588501) can0 178#16800405B9950F6A
(0.588754) can0 17C#0000000014800F66
(0.591724) can0 290#0000000000000000
(0.591967) can0 12B#0000000000000000
(0.598270) can0 174#F87F00008A6A004A
(0.598503) can0 178#11800512BC95006D
(0.598748) can0 17C#000000001C8000D1
(0.601298) can0 290#0000000000000000
(0.601542) can0 12B#0000000000000000
(0.601797) can0 128#7FFF0300007FFF7F
(0.602045) can0 12E#4000000000000060
(0.602280) can0 12A#1308002000000000
(0.602526) can0 12C#0000000000000000
(0.602781) can0 5A0#0000000000000060
(0.603672) can0 550#1000000000000070
(0.605561) can0 120#0000000000000060
(0.605808) can0 121#0000000000000060
(0.606050) can0 129#0000000000000060
(0.608265) can0 174#F57F0000826A01BD
(0.608511) can0 178#00800614C9950182
(0.608757) can0 17C#0000000011800149
(0.609003) can0 450#0000000000000000
(0.611819) can0 290#0000000000000000
(0.612076) can0 12B#0000000000000000
(0.618266) can0 174#F57F0000846A029F
(0.618503) can0 178#EC7F072FD7950235
(0.618744) can0 17C#000000000B800279
(0.621287) can0 290#0000000000000000
(0.621535) can0 12B#0000000000000000
(0.621776) can0 128#7FFF0300007FFF9F
(0.622019) can0 12E#4000000000000080
(0.625546) can0 120#0000000000000080
(0.625791) can0 121#0000000000000080
(0.626047) can0 129#0000000000000080
(0.628266) can0 174#F57F0000926A039F
(0.628500) can0 178#E47F0802D7950383
(0.628754) can0 17C#0000000017800376
(0.631670) can0 290#0000000000000000
(0.631917) can0 12B#0000000000000000
(0.638265) can0 174#F57F0000AB6A0467
(0.638496) can0 178#EF7F090FC99504D1
(0.638746) can0 17C#0000000022800484
(0.641269) can0 290#0000000000000000
(0.641513) can0 12B#0000000000000000
(0.641770) can0 128#7FFF0300007FFFBF
(0.642013) can0 12E#40000000000000A0
(0.645546) can0 120#00000000000000A0
(0.645787) can0 121#00000000000000A0
(0.646043) can0 129#00000000000000A0
(0.648277) can0 174#FA7F0000BB6A053E
(0.648510) can0 178#03800A13B995056F
(0.648756) can0 17C#0000000022800599
(0.651663) can0 290#0000000000000000
(0.651911) can0 12B#0000000000000000
(0.652160) can0 12A#1308002000000000
(0.653677) can0 550#1000000000000090
(0.655805) can0 540#02000000110000E7
(0.658277) can0 174#00800000AA6A0646
(0.658516) can0 178#14800B03B9950630
(0.658757) can0 17C#000000001F800613
(0.659006) can0 450#0000000000000000
(0.661420) can0 290#0000000000000000
(0.661668) can0 12B#0000000000000000
(0.661915) can0 128#7FFF0300007FFFDF
(0.662154) can0 12E#40000000000000C0
(0.665542) can0 120#00000000000000C0
(0.665792) can0 121#00000000000000C0
(0.666037) can0 129#00000000000000C0
(0.666673) can0 541#0280000000000000
(0.668276) can0 174#F87F00007F6A0718
(0.668510) can0 178#16800C08C4950777
(0.668756) can0 17C#000000001E800781
(0.671673) can0 290#0000000000000000
(0.671921) can0 12B#0000000000000000
(0.678278) can0 174#EC7F0000546A08C3
(0.678507) can0 178#11800D2FD295088B
(0.678756) can0 17C#000000001E80083A
(0.681288) can0 290#0000000000000000
(0.681529) can0 12B#0000000000000000
(0.681772) can0 128#7FFF0300007FFF3F
(0.682022) can0 12E#4000000000000020
(0.685539) can0 120#0000000000000020
(0.685796) can0 121#0000000000000020
(0.686038) can0 129#0000000000000020
(0.688265) can0 174#E77F00003F6A093B
(0.688508) can0 178#11800E07DA9509F2
(0.688757) can0 17C#0000000024800900
(0.691672) can0 290#0000000000000000
(0.691957) can0 12B#0000000000000000
(0.698270) can0 174#EF7F00004C6A0A0A
(0.698503) can0 178#16800F0DCF950A1B
(0.698749) can0 17C#0000000027800AAB
(0.701300) can0 290#0000000000000000
(0.701555) can0 12B#0000000000000000
(0.701796) can0 128#7FFF0300007FFF5F
(0.702042) can0 12E#4000000000000040
(0.702316) can0 12A#1308002000000000
(0.702538) can0 12C#0000000000000000
(0.702791) can0 5A0#0000000000000080
(0.703677) can0 550#10000000000000B0
(0.705546) can0 120#0000000000000040
(0.705803) can0 121#0000000000000040
(0.706049) can0 129#0000000000000040
(0.708273) can0 174#F87F0000706A0B02
(0.712443) can0 178#1C800002AC950BA6
(0.712622) can0 17C#000000002D800BB9
(0.712785) can0 450#0000000000000000
(0.712907) can0 290#0000000000000000
(0.713014) can0 12B#0000000000000000
(0.718269) can0 174#00800000946A0CB5
(0.722686) can0 178#2780010885950C74
(0.722853) can0 17C#000000003D800CF2
(0.723015) can0 290#0000000000000000
(0.723138) can0 12B#0000000000000000
(0.723244) can0 128#7FFF0300007FFF7F
(0.732929) can0 12E#4000000000000060
(0.733092) can0 120#0000000000000060
(0.733253) can0 121#0000000000000060
(0.743175) can0 129#0000000000000060
(0.743337) can0 174#00800000A56A0D0F
(0.743506) can0 178#2A8000007A950D77
(0.743667) can0 17C#0000000049800DA1
(0.753431) can0 290#0000000000000000
(0.753562) can0 12B#0000000000000000
(0.753675) can0 174#F87F00009F6A0E7D
(0.753825) can0 178#2780012893950E19
(0.753987) can0 17C#0000000043800E89
(0.763658) can0 290#0000000000000000
(0.763785) can0 12B#0000000000000000
(0.763897) can0 128#7FFF0300007FFF9F
(0.764047) can0 12E#4000000000000080
(0.764210) can0 120#0000000000000080
(0.773901) can0 121#0000000000000080
(0.774063) can0 129#0000000000000080
(0.774225) can0 174#F57F00008F6A0F9E
(0.784144) can0 178#1C800220C1950FBE
(0.784306) can0 17C#000000002D800FCD
(0.784476) can0 290#0000000000000000
(0.784599) can0 12B#0000000000000000
(0.784705) can0 12A#1308002000000000
(0.784811) can0 550#10000000000000D0
(0.794387) can0 540#02000000110000E7
(0.794517) can0 174#F27F0000816A00A2
(0.794663) can0 178#1F800321EE9500A3
(0.794826) can0 17C#000000002A8000FC
(0.804643) can0 450#0000000000000000
(0.804766) can0 290#0000000000000000
(0.804873) can0 12B#0000000000000000
(0.804979) can0 128#7FFF0300007FFFBF
(0.805125) can0 12E#40000000000000A0
(0.805287) can0 120#00000000000000A0
(0.805449) can0 121#00000000000000A0
(0.814874) can0 129#00000000000000A0
(0.815037) can0 541#0280000000000000
(0.815159) can0 174#EF7F0000786A01EB
(0.815305) can0 178#278004230A9601D4
(0.825116) can0 17C#00000000328001F5
(0.825278) can0 290#0000000000000000
(0.825401) can0 12B#0000000000000000
(0.825522) can0 174#F27F0000766A029A
(0.825675) can0 178#308005230D960224
(0.835359) can0 17C#00000000348002D7
(0.835529) can0 290#0000000000000000
(0.835652) can0 12B#0000000000000000
(0.835758) can0 128#7FFF0300007FFFDF
(0.835904) can0 12E#40000000000000C0
(0.845602) can0 120#00000000000000C0
(0.845770) can0 121#00000000000000C0
(0.845932) can0 129#00000000000000C0
(0.855866) can0 174#F87F00007E6A03E3
(0.856028) can0 178#3E800622F395034E
(0.856190) can0 17C#000000002D800351
(0.856352) can0 290#0000000000000000
(0.856512) can0 12B#0000000000000000
(0.856626) can0 174#FA7F00008F6A040D
(0.866093) can0 178#4C800724CD95048D
(0.866255) can0 17C#000000002F800401
(0.866418) can0 290#0000000000000000
(0.866548) can0 12B#0000000000000000
(0.866662) can0 128#7FFF0300007FFF3F
(0.876331) can0 12E#4000000000000020
(0.876501) can0 12A#1308002000000000
(0.876623) can0 12C#0000000000000000
(0.876729) can0 5A0#00000000000000A0
(0.876877) can0 550#1000000000000030
(0.886573) can0 120#0000000000000020
(0.886735) can0 121#0000000000000020
(0.886898) can0 129#0000000000000020
(0.896818) can0 174#FA7F00009D6A050B
(0.896980) can0 178#54800823B3950532
(0.897141) can0 17C#0000000034800584
(0.907073) can0 450#0000000000000000
(0.907196) can0 290#0000000000000000
(0.907302) can0 12B#0000000000000000
(0.907409) can0 174#008000009D6A06E4
(0.907563) can0 178#54800920A99506D2
(0.907732) can0 17C#00000000328006A6
(0.907894) can0 290#0000000000000000
(0.908017) can0 12B#0000000000000000
(0.908123) can0 128#7FFF0300007FFF5F
(0.917302) can0 12E#4000000000000040
(0.917465) can0 120#0000000000000040
(0.917632) can0 121#0000000000000040
(0.927547) can0 129#0000000000000040
(0.927709) can0 174#00800000926A077F
(0.927871) can0 178#43800A21A59507D1
(0.937788) can0 17C#000000002C8007AA
(0.937951) can0 290#0000000000000000
(0.938073) can0 12B#0000000000000000
(0.938180) can0 174#FA7F0000896A0894
(0.938334) can0 178#2A800B29A59508A2
(0.948031) can0 17C#000000002D80089E
(0.948194) can0 290#0000000000000000
(0.948324) can0 12B#0000000000000000
(0.948431) can0 128#7FFF0300007FFF7F
(0.948591) can0 12E#4000000000000060
(0.958282) can0 120#0000000000000060
(0.958444) can0 121#0000000000000060
(0.958621) can0 129#0000000000000060
(0.968538) can0 174#F87F00007E6A0931
(0.968700) can0 178#2D800000B0950922
(0.968869) can0 17C#0000000038800912
(0.969032) can0 290#0000000000000000
(0.969154) can0 12B#0000000000000000
(0.969260) can0 12A#1308002000000000
(0.969366) can0 550#1000000000000050
(0.978767) can0 540#02000000110000E7
(0.978890) can0 174#F57F00006E6A0AE8
(0.979036) can0 178#40800000C9950A99
(0.979198) can0 17C#000000003F800ABF
(0.989003) can0 450#0000000000000000
(0.989126) can0 290#0000000000000000
(0.989233) can0 12B#0000000000000000
(0.989339) can0 128#7FFF0300007FFF9F
(0.989491) can0 12E#4000000000000080
(0.989653) can0 120#0000000000000080
(0.999246) can0 121#0000000000000080
(0.999448) can0 129#0000000000000080
(0.999632) can0 541#0280000000000000
(0.999754) can0 174#F57F0000656A0B75
(1.009494) can0 178#628000FFE0950B44
(1.009655) can0 17C#0000000035800BAD
(1.009818) can0 290#0040000000000000
(1.019745) can0 12B#0000000000010000
(1.019925) can0 174#F57F00006D6A0C2A
(1.020092) can0 178#7B800000E6950C82
(1.020254) can0 17C#000000002D800CEA
(1.029975) can0 290#0040000000000000
(1.030097) can0 12B#0000000000010000
(1.030202) can0 128#1388030000EC78A2
(1.030347) can0 12E#00000000000000A0
(1.030517) can0 120#00000000000000A0
(1.040218) can0 121#00000000000000A0
(1.040379) can0 129#00000000000000A0
(1.040549) can0 174#F87F0000766A0D49
(1.050461) can0 178#7B800120DB950D12
(1.050627) can0 17C#000000002A800D7D
(1.050789) can0 290#0030000000000000
(1.060704) can0 12B#0000000000010FFF
(1.060866) can0 174#FA7F0000826A0E5A
(1.061028) can0 178#70800222C7950E8B
(1.070960) can0 17C#0000000021800EDA
(1.071122) can0 290#0050000000000000
(1.071285) can0 12B#0000000000011000
(1.071447) can0 128#1388030000EC78C2
(1.081190) can0 12E#00000000000000C0
(1.081359) can0 12A#1208002000000000
(1.081537) can0 12C#0000000000000000
(1.081659) can0 5A0#00692000000000C9
(1.091433) can0 550#1000000000000070
(1.091604) can0 120#00000000000000C0
(1.091774) can0 121#00000000000000C0
(1.101675) can0 129#00000000000000C0
(1.101848) can0 300#0F00000000000000
(1.102026) can0 174#F57F0000946A0F06
(1.111919) can0 178#68800326B4950F1D
(1.112089) can0 17C#000000001B800FE0
(1.112251) can0 450#0000000000000000
(1.112374) can0 290#0020000000000000
(1.122164) can0 12B#0000000000010000
(1.122327) can0 174#F27F0000A36A0091
(1.122496) can0 178#5C800425AC9500BC
(1.122657) can0 17C#0000000027800079
(1.132421) can0 290#0030000000000000
(1.132588) can0 12B#0000000000010000
(1.132710) can0 128#1388030000EC7822
(1.132860) can0 12E#0000000000000020
(1.142647) can0 120#0000000000000020
(1.142810) can0 121#0000000000000020
(1.142972) can0 129#0000000000000020
(1.152892) can0 174#F27F0000A66A0105
(1.153054) can0 178#5C800520B495010C
(1.153216) can0 17C#000000003B800176
(1.163133) can0 290#0020000000000000
(1.163296) can0 12B#0000000000010000
(1.163418) can0 174#FA7F00009A6A02D2
(1.163572) can0 178#62800621C195021E
(1.173376) can0 17C#000000004980021A
(1.173547) can0 290#0010000000000000
(1.173710) can0 12B#0000000000010000
(1.173832) can0 128#1388030000EC7842
(1.183668) can0 12E#0000000000000040
(1.183852) can0 120#0000000000000040
(1.184021) can0 121#0000000000000040
(1.184183) can0 129#0000000000000040
(1.193865) can0 174#FD7F0000826A0355
(1.194026) can0 178#5F800721CD950353
(1.194188) can0 17C#000000004D800301
(1.204105) can0 290#0040000000000000
(1.204268) can0 12B#0000000000010000
(1.204390) can0 12A#1208012000000000
(1.204544) can0 550#1000000000000090
(1.214348) can0 540#02000000110000E8
(1.214520) can0 174#008000006D6A0456
(1.214682) can0 178#54800820D0950449
(1.224591) can0 17C#00000000408004D7
(1.224753) can0 450#0000000000000000
(1.224876) can0 290#0040000000000000
(1.224983) can0 12B#0000000000010000
(1.225089) can0 128#1388030000EC7862
(1.225234) can0 12E#0000000000000060
(1.234850) can0 120#0000000000000060
(1.235011) can0 121#0000000000000060
(1.235173) can0 129#0000000000000060
(1.235336) can0 541#0280000000000000
(1.235458) can0 174#FD7F00005B6A0520
(1.245077) can0 178#54800925D09505ED
(1.245239) can0 17C#000000001E8005BB
(1.245401) can0 290#0030000000000000
(1.255320) can0 12B#0000000000010000
(1.255442) can0 174#F87F0000586A06BF
(1.255603) can0 178#57800A29D0950641
(1.255771) can0 17C#00000000F57F06CD
(1.265570) can0 290#0010000000000000
(1.265740) can0 12B#0000000000011000
(1.265902) can0 128#1388030000EC7882
(1.275807) can0 12E#0000000000000080
(1.275969) can0 120#0000000000000080
(1.276131) can0 121#0000000000000080
(1.286068) can0 129#0000000000000080
(1.286230) can0 174#F27F0000636A0762
(1.286391) can0 178#5A800000CC950740
(1.286562) can0 17C#00000000E57F07C8
(1.296292) can0 290#0030000000000000
(1.296455) can0 12B#0000000000010000
(1.296624) can0 174#EF7F0000786A081E
(1.306536) can0 178#65800120C495085D
(1.306698) can0 17C#00000000F47F08E4
(1.306861) can0 290#0020000000000000
(1.316778) can0 12B#0000000000010000
(1.316900) can0 128#1388030000EC78A2
(1.317045) can0 12E#00000000000000A0
(1.317207) can0 12A#1208012000000000
(1.317329) can0 12C#0000000000000000
(1.317435) can0 5A0#0069200000000029
(1.327020) can0 550#10000000000000B0
(1.327184) can0 120#00000000000000A0
(1.327346) can0 121#00000000000000A0
(1.337272) can0 129#00000000000000A0
(1.337449) can0 300#0F00000000000000
(1.337588) can0 174#EF7F0000916A0910
(1.337734) can0 178#6D800000C195093B
(1.347521) can0 17C#0000000006800933
(1.347684) can0 450#0000000000000000
(1.347815) can0 290#0010000000000000
(1.348008) can0 12B#0000000000010000
(1.348143) can0 174#F57F0000A06A0A41
(1.348312) can0 178#76800120C1950AB0
(1.357749) can0 17C#0000000013800A85
(1.357912) can0 290#0020000000000000
(1.358075) can0 12B#0000000000010000
(1.358197) can0 128#1388030000EC78C2
(1.367992) can0 12E#00000000000000C0
(1.368155) can0 120#00000000000000C0
(1.368325) can0 121#00000000000000C0
(1.378235) can0 129#00000000000000C0
(1.378404) can0 174#F57F00009D6A0BF1
(1.378581) can0 178#78800221C4950B06
(1.388494) can0 17C#0000000009800B8F
(1.388657) can0 290#0020000000000000
(1.388787) can0 12B#0000000000010000
(1.388893) can0 174#FA7F0000926A0C78
(1.389039) can0 178#6D800324CA950C68
(1.398741) can0 17C#00000000ED7F0C0B
(1.398904) can0 290#0040000000000000
(1.399067) can0 12B#0000000000010000
(1.399189) can0 128#1388030000EC7822
(1.399334) can0 12E#0000000000000020
(1.408964) can0 120#0000000000000020
(1.409132) can0 121#0000000000000020
(1.409295) can0 129#0000000000000020
(1.419207) can0 174#F87F0000876A0D4E
(1.419369) can0 178#5C80042FD8950DC8
(1.419537) can0 17C#00000000D17F0D34
(1.429450) can0 290#0030000000000000
(1.429620) can0 12B#0000000000011000
(1.429789) can0 12A#1208012000000000
(1.429911) can0 550#10000000000000D0
(1.439693) can0 540#02000000110000E8
(1.439816) can0 174#F57F00007E6A0E84
(1.439962) can0 178#4E800512E6950E87
(1.440123) can0 17C#00000000CC7F0E8E
(1.449950) can0 450#0000000000000000
(1.450072) can0 290#0010000000000000
(1.450220) can0 12B#0000000000010000
(1.450382) can0 128#1388030000EC7842
(1.450552) can0 12E#0000000000000040
(1.460179) can0 120#0000000000000040
(1.460341) can0 121#0000000000000040
(1.460511) can0 129#0000000000000040
(1.470422) can0 541#0280000000000000
(1.470553) can0 174#F57F0000796A0F13
(1.470699) can0 178#4E800624E9950FA4
(1.470861) can0 17C#00000000E17F0F26
(1.480665) can0 290#0030000000000000
(1.480829) can0 12B#0000000000010000
(1.480951) can0 174#F57F0000786A0027
(1.481096) can0 178#57800726E09500E7
(1.490908) can0 17C#00000000ED7F0097
(1.491070) can0 290#0040000000000000
(1.491233) can0 12B#0000000000010000
(1.491355) can0 128#1388030000EC7862
(1.501153) can0 12E#0000000000000060
(1.501324) can0 120#0000000000000060
(1.501511) can0 121#0000000000000060
(1.501671) can0 129#0000000000000060
(1.511410) can0 174#F57F0000736A01BA
(1.511580) can0 178#5F800820CF95018B
(1.511748) can0 17C#00000000EC7F0105
(1.521672) can0 290#0020000000000000
(1.521868) can0 12B#0000000000011000
(1.522022) can0 174#F57F0000706A0211
(1.531896) can0 178#62800925BE9502E2
(1.532050) can0 17C#00000000E97F02AB
(1.532197) can0 290#0010000000000000
(1.542122) can0 12B#0000000000010000
(1.542269) can0 128#1388030000EC7882
(1.542423) can0 12E#0000000000000080
(1.552358) can0 12A#1208012000000000
(1.552476) can0 12C#0000000000000000
(1.552567) can0 5A0#0069200000000049
(1.552706) can0 550#1000000000000030
(1.552854) can0 120#0000000000000080
(1.562622) can0 121#0000000000000080
(1.562768) can0 129#0000000000000080
(1.562923) can0 300#0F00000000000000
(1.563030) can0 174#F27F0000766A0387
(1.563168) can0 178#5F800000B19503CD
(1.572845) can0 17C#00000000EA7F033A
(1.573000) can0 450#0000000000000000
(1.573107) can0 290#0020000000000000
(1.573246) can0 12B#0000000000010000
(1.573357) can0 174#EF7F00007F6A0408
(1.583103) can0 178#5A800125AE9504C7
(1.583249) can0 17C#00000000DE7F0447
(1.583404) can0 290#0030000000000000
(1.593329) can0 12B#0000000000010000
(1.593443) can0 128#1388030000EC78A2
(1.593581) can0 12E#00000000000000A0
(1.593736) can0 120#00000000000000A0
(1.603572) can0 121#00000000000000A0
(1.603735) can0 129#00000000000000A0
(1.603881) can0 174#EA7F0000876A05A5
(1.613840) can0 178#51800239B49505B1
(1.613986) can0 17C#00000000D37F05DF
(1.614140) can0 290#0040000000000000
(1.614288) can0 12B#0000000000011000
(1.624066) can0 174#EC7F0000846A06DD
(1.624212) can0 178#51800321BF9506C5
(1.624366) can0 17C#00000000D37F06F8
(1.634301) can0 290#0020000000000000
(1.634456) can0 12B#0000000000010000
(1.634608) can0 128#1388030000EC78C2
(1.644553) can0 12E#00000000000000C0
(1.644700) can0 120#00000000000000C0
(1.644855) can0 121#00000000000000C0
(1.654787) can0 129#00000000000000C0
(1.654942) can0 174#F27F00007B6A0776
(1.655088) can0 178#5A800420CA9507BA
(1.665051) can0 17C#00000000E27F0742
(1.665205) can0 290#0040000000000000
(1.665383) can0 12B#0000000000010000
(1.665523) can0 12A#1208012000000000
(1.665613) can0 550#1000000000000050
(1.665764) can0 540#02000000110000E8
(1.665875) can0 174#F57F0000706A08C3
(1.675281) can0 178#5F800000D09508DD
(1.675427) can0 17C#00000000F57F086B
(1.675589) can0 450#0000000000000000
(1.675696) can0 290#0010000000000000
(1.685528) can0 12B#0000000000010000
(1.685634) can0 128#1388030000EC7822
(1.685780) can0 12E#0000000000000020
(1.685978) can0 120#0000000000000020
(1.695767) can0 121#0000000000000020
(1.695929) can0 129#0000000000000020
(1.696091) can0 541#0280000000000000
(1.696214) can0 174#F57F00006E6A09CF
(1.706015) can0 178#62800000D5950979
(1.706177) can0 17C#00000000FE7F09F6
(1.706340) can0 290#0040000000000000
(1.716261) can0 12B#0000000000011000
(1.716424) can0 174#F87F0000736A0A93
(1.716592) can0 178#5F800122D7950A6A
(1.726511) can0 17C#0000000005800A98
(1.726673) can0 290#0020000000000000
(1.726839) can0 12B#0000000000010001
(1.727002) can0 128#1388030000EC7842
(1.736739) can0 12E#0000000000000040
(1.736901) can0 120#0000000000000040
(1.737063) can0 121#0000000000000040
(1.746982) can0 129#0000000000000040
(1.747144) can0 174#F87F00007C6A0B08
(1.747306) can0 178#5F800220D7950BEE
(1.757225) can0 17C#0000000000800B0C
(1.757388) can0 290#0030000000000000
(1.757559) can0 12B#0000000000011000
(1.767475) can0 174#EF7F0000876A0C64
(1.767637) can0 178#4E800332D4950CBD
(1.767799) can0 17C#00000000ED7F0C0B
(1.777724) can0 290#0010000000000000
(1.777887) can0 12B#0000000000010000
(1.778050) can0 128#1388030000EC7862
(1.778211) can0 12E#0000000000000060
(1.787953) can0 12A#1208012000000000
(1.788075) can0 12C#0000000000000000
(1.788181) can0 5A0#0069200000000069
(1.788336) can0 550#1000000000000070
(1.788514) can0 120#0000000000000060
(1.798196) can0 121#0000000000000060
(1.798366) can0 129#0000000000000060
(1.798544) can0 300#0F00000000000000
(1.798667) can0 174#EC7F00008C6A0D1E
(1.808439) can0 178#40800420CD950D33
(1.808615) can0 17C#00000000DE7F0DB2
(1.808786) can0 450#0000000000000000
(1.808909) can0 290#0000000000000000
(1.818682) can0 12B#0000000000010001
(1.818857) can0 174#EC7F00008C6A0E39
(1.819019) can0 178#32800523CC950EF9
(1.828939) can0 17C#00000000DE7F0E95
(1.829101) can0 290#0040000000000000
(1.829271) can0 12B#0000000000011000
(1.829434) can0 128#1388030000EC7882
(1.839168) can0 12E#0000000000000080
(1.839331) can0 120#0000000000000080
(1.839501) can0 121#0000000000000080
(1.849411) can0 129#0000000000000080
(1.849580) can0 174#EF7F00008C6A0FC3
(1.849742) can0 178#30800632CD950FD7
(1.859654) can0 17C#00000000F07F0FB1
(1.859822) can0 290#0040000000000000
(1.859945) can0 12B#0000000000010001
(1.860092) can0 174#EF7F0000846A0074
(1.869897) can0 178#32800721D09500BE
(1.870059) can0 17C#00000000FD7F008F
(1.870222) can0 290#0010000000000000
(1.880178) can0 12B#0000000000010001
(1.880313) can0 128#1388030000EC78A2
(1.880462) can0 12E#00000000000000A0
(1.880633) can0 120#00000000000000A0
(1.880793) can0 121#00000000000000A0
(1.890399) can0 129#00000000000000A0
(1.890569) can0 174#F57F0000796A01B5
(1.890731) can0 178#2A800827CF950143
(1.900626) can0 17C#00000000ED7F018A
(1.900789) can0 290#0030000000000000
(1.900952) can0 12B#0000000000011000
(1.910870) can0 12A#1208012000000000
(1.910992) can0 550#1000000000000090
(1.911146) can0 540#02000000110000E8
(1.911269) can0 174#F57F0000706A0211
(1.911415) can0 178#1F800000CD95024C
(1.921112) can0 17C#00000000D17F028F
(1.921283) can0 450#0000000000000000
(1.921406) can0 290#0030000000000000
(1.921526) can0 12B#0000000000010001
(1.921673) can0 128#1388030000EC78C2
(1.931355) can0 12E#00000000000000C0
(1.931526) can0 120#00000000000000C0
(1.931696) can0 121#00000000000000C0
(1.941611) can0 129#00000000000000C0
(1.941782) can0 541#0280000000000000
(1.941904) can0 174#F57F0000706A030C
(1.942057) can0 178#1C800120D095030B
(1.942219) can0 17C#00000000C27F0306
(1.951850) can0 290#0020000000000000
(1.952013) can0 12B#0000000000011001
(1.952183) can0 174#F57F0000786A0453
(1.962084) can0 178#1F800000CD950402
(1.962254) can0 17C#00000000CE7F045F
(1.962416) can0 290#0000000000000000
(1.972327) can0 12B#0000000000010000
(1.972497) can0 128#1388030000EC7822
(1.972658) can0 12E#0000000000000020
(1.982573) can0 174#F57F0000846A05CC
(1.982735) can0 178#22800112CA9505CD
(1.982897) can0 17C#00000000EA7F0574
(1.992828) can0 290#0020000000000000
(1.992991) can0 174#F57F00008C6A06E7
(1.993153) can0 178#2D80020FC19506E2
(1.993315) can0 17C#0000000005800604
(2.003055) can0 300#0F00000000000000
(2.003177) can0 174#F57F00008C6A07FA
(2.003322) can0 178#30800302BE95074B
(2.003490) can0 174#F57F00008C6A0841
(2.013298) can0 178#30800405C19508C1
(2.013460) can0 17C#00000000FD7F0867
(2.013628) can0 290#0030000000000000
(2.023543) can0 12B#0000000000011001
(2.023705) can0 128#1388030000EC7862
(2.023866) can0 174#EF7F0000896A0904
(2.033784) can0 178#2D800512C595093E
(2.033945) can0 17C#00000000E77F096D
(2.034108) can0 174#EF7F0000846A0AA6
(2.044041) can0 178#2A800614CA950AC6
(2.044202) can0 17C#00000000CB7F0A70
(2.044364) can0 290#0010000000000000
(2.044535) can0 174#EF7F0000796A0BB6
(2.054270) can0 178#2780072FC7950B9B
(2.054431) can0 17C#00000000BE7F0BAC
(2.054637) can0 290#0030000000000000
(2.064515) can0 12B#0000000000010000
(2.064677) can0 12A#1208012000000000
(2.064798) can0 174#EF7F0000746A0C60
(2.064944) can0 178#2D800802C9950CD0
(2.074756) can0 17C#00000000BE7F0CFF
(2.074918) can0 450#0000000000000000
(2.075041) can0 174#F57F0000796A0D29
(2.075186) can0 178#2A80090FCD950D60
(2.084999) can0 17C#00000000CB7F0D23
(2.085161) can0 174#FA7F00007F6A0E57
(2.085323) can0 178#32800A13CC950EEA
(2.095242) can0 17C#00000000D67F0E99
(2.095404) can0 178#3B800B03C7950FB7
(2.095574) can0 17C#00000000D97F0F02
(2.105513) can0 290#0020000000000000
(2.105676) can0 12B#0000000000010001
(2.105851) can0 174#FA7F0000876A0075
(2.106021) can0 17C#00000000D97F00B9
(2.115728) can0 290#0010000000000000
(2.115891) can0 12B#0000000000011001
(2.116054) can0 128#1388030000EC7822
(2.125977) can0 12E#0000000000000020
(2.126099) can0 450#0000000000000000
(2.126206) can0 290#0050000000000000
(2.126353) can0 12B#0000000000010001
(2.126524) can0 290#0040000000000000
(2.136214) can0 12B#0000000000011001
(2.136376) can0 128#1388030000EC7842
(2.136545) can0 290#0030000000000000
(2.146457) can0 12B#0000000000010001
(2.146624) can0 174#F57F0000826A04D4
(2.146786) can0 178#27800002C29504A7
(2.156713) can0 290#0020000000000000
(2.156877) can0 12B#0000000000011001
(2.157039) can0 128#1388030000EC7862
(2.157200) can0 12E#0000000000000060
(2.166943) can0 290#0010000000000000
(2.167106) can0 12B#0000000000010001
(2.167268) can0 12A#1208012000000000
(2.167390) can0 550#1000000000000050
(2.177186) can0 540#02000000110000E8
(2.177308) can0 290#0000000000000000
(2.177456) can0 12B#0000000000011001
(2.177624) can0 128#1388030000EC7882
(2.187429) can0 290#0020000000000000
(2.187597) can0 12B#0000000000011001
(2.187719) can0 174#F87F0000846A08AB
(2.187865) can0 178#1F800220CF950803
(2.197671) can0 290#0050000000000000
(2.197836) can0 12B#0000000000010001
(2.197999) can0 128#1388030000EC78A2
(2.207928) can0 12E#00000000000000A0
(2.208091) can0 290#0030000000000000
(2.208262) can0 12B#0000000000011001
(2.208424) can0 174#F27F00008F6A0A79
(2.218157) can0 178#16800423C2950AE8
(2.218327) can0 290#0010000000000000
(2.218506) can0 12B#0000000000011001
(2.218628) can0 128#1388030000EC78C2
(2.228400) can0 12E#00000000000000C0
(2.228586) can0 290#0030000000000000
(2.228756) can0 12B#0000000000010001
(2.238643) can0 174#EF7F00008A6A0CE1
(2.238853) can0 128#1388030000EC7822
(2.239030) can0 12E#0000000000000020
(2.248891) can0 120#0000000000000020
(2.249053) can0 12B#0000000000010001
(2.249175) can0 174#F87F0000826A0EE0
(2.249321) can0 178#11800823C5950E5A
(2.259132) can0 120#0000000000000040
(2.259294) can0 121#0000000000000040
(2.259456) can0 129#0000000000000040
(2.259622) can0 550#1000000000000090
(2.269388) can0 540#02000000110000E8
(2.269519) can0 174#FA7F00007F6A00F1
(2.269664) can0 178#19800A21C79500DE
(2.269827) can0 17C#00000000CE7F002B
(2.279615) can0 120#0000000000000060
(2.279777) can0 121#0000000000000060
(2.279939) can0 129#0000000000000060
(2.289860) can0 541#0280000000000000
(2.289983) can0 174#FA7F00007E6A0163
(2.290129) can0 174#FA7F0000816A024A
(2.290291) can0 178#0B800000BB9502D1
(2.300101) can0 17C#00000000C37F0294
(2.300264) can0 290#0040000000000000
(2.300427) can0 12B#0000000000011001
(2.310344) can0 120#0000000000000080
(2.310530) can0 121#0000000000000080
(2.310699) can0 129#0000000000000080
(2.320601) can0 174#FA7F00008C6A0481
(2.320762) can0 178#0B8000FFC195047E
(2.320924) can0 17C#00000000D97F04CD
(2.321087) can0 290#0040000000000000
(2.321209) can0 550#10000000000000B0
(2.330832) can0 120#00000000000000A0
(2.330994) can0 121#00000000000000A0
(2.331156) can0 174#F57F0000896A066E
(2.341073) can0 178#06800120C7950621
(2.341243) can0 17C#00000000C57F06E5
(2.341406) can0 290#0020000000000000
(2.351316) can0 120#00000000000000C0
(2.351485) can0 121#00000000000000C0
(2.351655) can0 129#00000000000000C0
(2.361566) can0 174#F57F0000866A084E
(2.361734) can0 178#EF7F0326BC950864
(2.361896) can0 17C#00000000BD7F0807
(2.371817) can0 120#0000000000000020
(2.371986) can0 121#0000000000000020
(2.372148) can0 129#0000000000000020
(2.372310) can0 540#02000000110000E8
(2.372432) can0 174#F87F00008A6A0A98
(2.382050) can0 178#F57F0520C9950A46
(2.382212) can0 120#0000000000000040
(2.382374) can0 121#0000000000000040
(2.392288) can0 129#0000000000000040
(2.392450) can0 541#0280000000000000
(2.392580) can0 174#FA7F0000896A0BB3
(2.392733) can0 178#F27F0621CD950BF0
(2.402537) can0 17C#00000000C87F0BE1
(2.402701) can0 174#00800000846A0CAD
(2.402871) can0 178#EC7F0721CD950C71
(2.412774) can0 17C#00000000D17F0C29
(2.412936) can0 290#0020000000000000
(2.413058) can0 121#0000000000000060
(2.413205) can0 129#0000000000000060
(2.423030) can0 174#FA7F0000826A0D7D
(2.423238) can0 178#F27F0820CD950D35
(2.423419) can0 174#F27F0000816A0E04
(2.423587) can0 178#FA7F0925CC950EF6
(2.433259) can0 17C#00000000DC7F0E96
(2.433422) can0 290#0010000000000000
(2.433593) can0 300#0F00000000000000
(2.433716) can0 174#EF7F0000826A0FCA
(2.443510) can0 178#00800A29CA950F4A
(2.443672) can0 174#F27F0000826A002E
(2.443835) can0 178#00800000CD950093
(2.453751) can0 17C#00000000C07F0022
(2.453913) can0 174#F57F00007E6A013F
(2.454075) can0 178#F27F0120D295012A
(2.463988) can0 17C#00000000B57F01FE
(2.464151) can0 290#0040000000000000
(2.464314) can0 174#FA7F00007B6A02CD
(2.474231) can0 178#E77F0000D29502A0
(2.474393) can0 17C#00000000AF7F02CE
(2.474564) can0 174#FA7F0000766A0355
(2.484494) can0 178#DE7F0120CF950359
(2.484656) can0 17C#00000000AC7F035F
(2.484822) can0 174#FA7F0000766A0406
(2.484985) can0 178#E17F0221CF9504A3
(2.494717) can0 17C#00000000AC7F040C
(2.494880) can0 174#F57F00007C6A0548
(2.495042) can0 178#E47F0324CD950530
(2.504960) can0 17C#00000000A97F0598
(2.505123) can0 174#EF7F00007E6A06BD
(2.505284) can0 178#D97F042FCC950685
(2.515203) can0 17C#00000000A47F063A
(2.515366) can0 290#0000000000000000
(2.515536) can0 174#EF7F0000796A072A
(2.525454) can0 178#CB7F0512D09507C3
(2.525623) can0 17C#00000000A57F07A8
(2.525794) can0 290#0030000000000000
(2.535703) can0 12B#0000000000010001
(2.535866) can0 174#EF7F0000786A081E
(2.536028) can0 178#C27F0624CF9508D1
(2.536190) can0 17C#00000000AA7F0895
(2.545939) can0 290#0030000000000000
(2.546062) can0 178#C07F0726CC9509B7
(2.546208) can0 17C#00000000AF7F0901
(2.546371) can0 450#0000000000000000
(2.546501) can0 290#0020000000000000
(2.556175) can0 17C#00000000BA7F0AB7
(2.556337) can0 290#0030000000000000
(2.556506) can0 12B#0000000000011001
(2.566418) can0 290#0040000000000000
(2.566588) can0 12B#0000000000011001
(2.566718) can0 174#F57F00007C6A0CBD
(2.566864) can0 178#BD7F0000D4950C0C
(2.576661) can0 290#0030000000000000
(2.576825) can0 12B#0000000000011001
(2.576947) can0 128#1388030000EC78A2
(2.577092) can0 290#0040000000000000
(2.586917) can0 12B#0000000000011001
(2.587039) can0 12A#1208012000000000
(2.587145) can0 290#0050000000000000
(2.587292) can0 12B#0000000000011001
(2.587414) can0 128#1388030000EC78C2
(2.587567) can0 12E#00000000000000C0
(2.587730) can0 290#0010000000000000
(2.597147) can0 12B#0000000000010001
(2.597309) can0 174#F57F0000976A0031
(2.597512) can0 290#0040000000000000
(2.607390) can0 12B#0000000000011001
(2.607560) can0 128#1388030000EC7822
(2.607729) can0 12E#0000000000000020
(2.617633) can0 120#0000001000000030
(2.617794) can0 290#0030000000000000
(2.617958) can0 12B#0000000000011001
(2.618079) can0 174#F57F00008C6A0293
(2.627877) can0 290#0050000000000000
(2.628040) can0 12B#0000000000011001
(2.628162) can0 128#1388030000EC7842
(2.628315) can0 290#0030000000000000
(2.638121) can0 12B#0000000000011001
(2.638250) can0 174#FA7F00007C6A0409
(2.638396) can0 178#9B7F0220C7950452
(2.638579) can0 17C#00000000D17F04C1
(2.638748) can0 290#0050000000000000
(2.648377) can0 12B#0000000000011001
(2.648515) can0 128#1388030000EC7862
(2.648661) can0 12E#0000000000000060
(2.648834) can0 120#0000001000000070
(2.658604) can0 290#0050000000000000
(2.658735) can0 12B#0000000000011001
(2.658841) can0 174#F57F00008C6A06E7
(2.658993) can0 128#1388030000EC7882
(2.659155) can0 12E#0000000000000080
(2.668850) can0 120#0000001000000090
(2.669012) can0 121#0000000000000080
(2.669174) can0 129#0000000000000080
(2.679090) can0 12A#1228012000000000
(2.679252) can0 550#10000000000000D0
(2.679416) can0 540#02000000110000E8
(2.679546) can0 12E#00000000000000A0
(2.689333) can0 120#00000010000000B0
(2.689502) can0 121#00000000000000A0
(2.689665) can0 174#FA7F0000826A0A2E
(2.699590) can0 178#7F7F0827CA950A5F
(2.699752) can0 17C#00000000EF7F0A46
(2.699914) can0 120#00000010000000D0
(2.700076) can0 121#00000000000000C0
(2.709820) can0 129#00000000000000C0
(2.709982) can0 174#F87F00007F6A0CD7
(2.710144) can0 178#717F0120D8950CE2
(2.720062) can0 17C#0000000000800C5F
(2.720225) can0 290#0020000000000000
(2.720388) can0 550#1000000000000030
(2.730305) can0 120#0000001000000030
(2.730467) can0 121#0000000000000020
(2.730637) can0 129#0000000000000020
(2.740549) can0 174#F87F00007F6A0EED
(2.740711) can0 178#827F0112CC950EC0
(2.740874) can0 17C#00000000ED7F0E31
(2.750806) can0 120#0000001000000050
(2.750968) can0 121#0000000000000040
(2.751130) can0 129#0000000000000040
(2.751292) can0 174#FA7F00007C6A007D
(2.761034) can0 178#8A7F0302C295004C
(2.761196) can0 17C#00000000DB7F00BA
(2.761359) can0 120#0000001000000070
(2.771277) can0 121#0000000000000060
(2.771439) can0 129#0000000000000060
(2.771608) can0 174#F57F00007B6A01B6
(2.781528) can0 540#02000000110000E9
(2.781691) can0 174#F27F00007B6A021F
(2.781897) can0 178#777F0512BC95023C
(2.791763) can0 120#0000001000000090
(2.791933) can0 121#0000000000000080
(2.792095) can0 129#0000000000000080
(2.802026) can0 541#0280000000000000
(2.802149) can0 174#F27F00007F6A0457
(2.802303) can0 178#8D7F072FBE950444
(2.802486) can0 17C#000000000380043B
(2.802649) can0 290#0000000000000000
(2.812249) can0 120#00000010000000B0
(2.812410) can0 121#00000000000000A0
(2.812580) can0 129#00000000000000A0
(2.822498) can0 174#FD7F00008C6A0635
(2.822660) can0 178#8D7F090FBB9506AB
(2.822825) can0 17C#000000000980060E
(2.832735) can0 121#00000000000000C0
(2.832897) can0 129#00000000000000C0
(2.833059) can0 300#0F00000000000000
(2.833182) can0 174#00800000896A07E7
(2.842978) can0 174#00800000896A085C
(2.843140) can0 178#7A7F0B03C595086D
(2.843302) can0 17C#00000000FB7F0862
(2.853220) can0 129#0000000000000020
(2.853383) can0 174#03800000876A09AF
(2.853553) can0 178#7D7F0C08C99509D9
(2.863485) can0 17C#00000000F07F09FF
(2.863648) can0 290#0030000000000000
(2.863811) can0 174#00800000876A0A6F
(2.863973) can0 178#8A7F0D2FCA950A81
(2.873706) can0 17C#00000000EC7F0ACA
(2.873869) can0 174#F57F0000846A0B6A
(2.874031) can0 178#967F0E07C9950B7A
(2.883949) can0 17C#00000000FA7F0BCA
(2.884112) can0 174#F27F00007F6A0CBF
(2.884274) can0 178#967F0F0DC4950C7D
(2.894192) can0 17C#0000000021800CE0
(2.894355) can0 450#0000000000000000
(2.894485) can0 174#EF7F00007F6A0DFD
(2.894631) can0 178#937F0002BB950D8E
(2.904435) can0 17C#0000000046800D27
(2.904606) can0 290#0030000000000000
(2.904728) can0 174#F57F0000846A0E03
(2.904875) can0 178#887F0108B7950EFE
(2.914692) can0 17C#000000004B800E85
(2.914860) can0 290#0020000000000000
(2.915023) can0 174#F57F0000876A0F92
(2.915185) can0 178#7D7F0000B7950F88
(2.924921) can0 17C#0000000032800F53
(2.925084) can0 290#0030000000000000
(2.925247) can0 174#FA7F0000846A00F9
(2.935164) can0 178#7D7F0128BE95000C
(2.935326) can0 17C#0000000011800054
(2.935497) can0 174#FA7F00007E6A0163
(2.945415) can0 178#747F0220C1950172
(2.945585) can0 17C#00000000FE7F011E
(2.945754) can0 450#0000000000000000
(2.945877) can0 174#F87F0000826A027C
(2.955650) can0 178#6F7F0321C29502A2
(2.955822) can0 17C#00000000FD7F02B5
(2.955985) can0 290#0030000000000000
(2.956107) can0 178#747F0423C495031A
(2.965916) can0 17C#00000000028003E7
(2.966079) can0 290#0020000000000000
(2.966249) can0 17C#000000001B80042F
(2.966447) can0 290#0020000000000000
(2.966588) can0 12B#0000000000011000
(2.976136) can0 290#0030000000000000
(2.976299) can0 12B#0000000000011000
(2.976421) can0 12A#1228012000000000
(2.976534) can0 550#10000000000000D0
(2.976682) can0 290#0010000000000000
(2.986379) can0 12B#0000000000011000
(2.986509) can0 128#1388030000EC7842
(2.986654) can0 12E#0000000000000040
(2.986823) can0 290#0020000000000000
(2.996622) can0 12B#0000000000011000
(2.996744) can0 174#F57F0000826A0848
(2.996890) can0 178#8D7F0920D5950876
(2.997052) can0 290#0030000000000000
(3.006867) can0 12B#0000000000011000
(3.006988) can0 128#1388030000EC7862
(3.007132) can0 290#0030000000000000
(3.007253) can0 12B#0000000000011FFF
(3.007398) can0 174#EF7F00007C6A0A22
(3.017110) can0 178#937F0B29CC950ABA
(3.017272) can0 290#0030000000000000
(3.017394) can0 12B#0000000000011000
(3.017548) can0 128#1388030000EC7882
(3.017707) can0 290#0030000000000000
(3.017829) can0 12B#0000000000011FFF
(3.027367) can0 174#F57F0000796A0C34
(3.027542) can0 290#0020000000000000
(3.027721) can0 12B#0000000000011FFF
(3.027843) can0 128#1388030000EC78A2
(3.037594) can0 12E#00000000000000A0
(3.037756) can0 120#00000010000000B0
(3.037876) can0 290#0030000000000000
(3.038023) can0 12B#0000000000011FFF
(3.038144) can0 174#F57F00007E6A0E84
(3.047839) can0 290#0010000000000000
(3.048002) can0 12B#0000000000011FFF
(3.048123) can0 128#1388030000EC78C2
(3.048275) can0 290#0020000000000000
(3.058080) can0 12B#0000000000011FFF
(3.058201) can0 12A#1228012000000000
(3.058312) can0 12B#0000000000011FFF
(3.058418) can0 128#1388030000EC7822
(3.058579) can0 12E#0000000000000020
(3.058748) can0 12B#0000000000011FFF
(3.058869) can0 174#F57F0000926A0282
(3.068328) can0 178#A97F0425BB950280
(3.068504) can0 17C#000000003A8002DE
(3.068666) can0 290#0030000000000000
(3.078586) can0 120#0000001000000050
(3.078755) can0 121#0000000000000040
(3.078917) can0 129#0000000000000040
(3.079079) can0 174#F57F00008A6A04D8
(3.088817) can0 178#AC7F0621C5950421
(3.088978) can0 17C#00000000468004D2
(3.089140) can0 290#0050000000000000
(3.099051) can0 5A0#0069200000000069
(3.099174) can0 550#1000000000000070
(3.099327) can0 120#0000001000000070
(3.099496) can0 174#008000007F6A0677
(3.109294) can0 178#B27F0820C795062B
(3.109456) can0 17C#000000004980066E
(3.109624) can0 290#0010000000000000
(3.119539) can0 120#0000001000000090
(3.119736) can0 121#0000000000000080
(3.119914) can0 129#0000000000000080
(3.129794) can0 174#06800000846A07B1
(3.129956) can0 174#008000008C6A08D5
(3.130118) can0 178#C87F0A29CD950837
(3.130280) can0 17C#000000002C800811
(3.140023) can0 290#0020000000000000
(3.140186) can0 120#00000010000000B0
(3.140348) can0 121#00000000000000A0
(3.150266) can0 129#00000000000000A0
(3.150428) can0 540#02000000110000E9
(3.150556) can0 174#F57F00008C6A0A7B
(3.150702) can0 178#CE7F0120CF950A15
(3.160511) can0 120#00000010000000D0
(3.160672) can0 121#00000000000000C0
(3.160836) can0 129#00000000000000C0
(3.170752) can0 174#F57F0000876A0CB5
(3.170914) can0 178#D97F0120D2950CF1
(3.171076) can0 17C#0000000024800C69
(3.181009) can0 120#0000001000000030
(3.181170) can0 121#0000000000000020
(3.181340) can0 129#0000000000000020
(3.181523) can0 174#F57F0000826A0D21
(3.191238) can0 174#F87F0000816A0E6C
(3.191400) can0 178#BD7F0324BB950E5A
(3.191570) can0 17C#0000000038800E41
(3.201489) can0 120#0000001000000050
(3.201658) can0 121#0000000000000040
(3.201830) can0 129#0000000000000040
(3.211724) can0 174#03800000876A005A
(3.211893) can0 178#C07F0512B795007F
(3.212063) can0 17C#000000003D80006E
(3.221973) can0 120#0000001000000070
(3.222135) can0 121#0000000000000060
(3.222297) can0 129#0000000000000060
(3.232210) can0 174#03800000826A02E9
(3.232372) can0 178#CB7F0726B7950285
(3.232541) can0 17C#000000003A8002DE
(3.242466) can0 290#0030000000000000
(3.242637) can0 129#0000000000000080
(3.242799) can0 174#FD7F0000826A0355
(3.242961) can0 178#C27F0820BC950382
(3.252696) can0 17C#0000000043800308
(3.252859) can0 290#0040000000000000
(3.253022) can0 174#FA7F0000826A0488
(3.262939) can0 178#C57F0925BB95046C
(3.263100) can0 17C#000000004580045E
(3.263263) can0 541#0280000000000000
(3.263385) can0 174#FA7F0000866A0593
(3.273182) can0 178#CE7F0000BE950549
(3.273350) can0 17C#00000000428005C9
(3.273521) can0 174#F57F0000846A06EB
(3.283425) can0 178#D07F0125C19506EB
(3.283592) can0 17C#000000003D800620
(3.283754) can0 290#0040000000000000
(3.283877) can0 174#F87F0000826A0715
(3.293681) can0 178#CB7F0239BF950772
(3.293845) can0 17C#000000003A8007B7
(3.294008) can0 290#0010000000000000
(3.294171) can0 12B#0000000000011FFE
(3.303910) can0 174#F57F00007E6A08CA
(3.304072) can0 178#C57F0321BE950894
(3.304234) can0 17C#000000003880080F
(3.314153) can0 290#0020000000000000
(3.314352) can0 12B#0000000000011FFE
(3.314491) can0 300#0F00000000000000
(3.314598) can0 174#F27F00007C6A095A
(3.314748) can0 178#C57F0420C4950958
(3.324396) can0 174#EF7F0000816A0A2F
(3.324566) can0 178#CB7F0000C7950A0D
(3.324728) can0 17C#000000003D800ABC
(3.334639) can0 290#0020000000000000
(3.334761) can0 174#EF7F0000866A0BB8
(3.334908) can0 178#D07F0000CA950B19
(3.335070) can0 17C#0000000043800BE0
(3.344898) can0 290#0030000000000000
(3.345061) can0 174#F57F0000896A0CBC
(3.345223) can0 178#E17F0122C7950C43
(3.345405) can0 17C#0000000043800CB3
(3.355125) can0 290#0030000000000000
(3.355247) can0 12B#0000000000011FFE
(3.355353) can0 178#E17F0220C2950D4E
(3.355506) can0 17C#0000000045800DAB
(3.355677) can0 290#0030000000000000
(3.355799) can0 12B#0000000000011FFE
(3.355905) can0 17C#000000003F800ECB
(3.365376) can0 450#0000000000000000
(3.365506) can0 290#0030000000000000
(3.365619) can0 12B#0000000000011FFE
(3.365725) can0 128#1388030000EC7882
(3.365879) can0 290#0040000000000000
(3.366042) can0 12B#0000000000011FFE
(3.366163) can0 174#EC7F0000896A0016
(3.375611) can0 290#0030000000000000
(3.375774) can0 12B#0000000000011FFD
(3.375936) can0 128#1388030000EC78A2
(3.385864) can0 12E#00000000000000A0
(3.386027) can0 290#0010000000000000
(3.386190) can0 12B#0000000000011FFE
(3.396100) can0 174#F57F0000766A0214
(3.396261) can0 290#0040000000000000
(3.396425) can0 12B#0000000000011FFD
(3.396591) can0 128#1388030000EC78C2
(3.406356) can0 12E#00000000000000C0
(3.406527) can0 290#0040000000000000
(3.406649) can0 12B#0000000000011FFD
(3.406755) can0 174#FA7F0000816A0404
(3.406908) can0 290#0020000000000000
(3.416583) can0 12B#0000000000011FFE
(3.416745) can0 128#1388030000EC7822
(3.416907) can0 290#0030000000000000
(3.426828) can0 12B#0000000000011FFD
(3.426990) can0 174#FD7F0000866A063A
(3.427152) can0 290#0040000000000000
(3.437069) can0 12B#0000000000011FFD
(3.437190) can0 128#1388030000EC7842
(3.437336) can0 290#0030000000000000
(3.437506) can0 12B#0000000000011FFD
(3.437628) can0 12A#1228012000000000
(3.437733) can0 550#1000000000000090
(3.447312) can0 290#0050000000000000
(3.447483) can0 12B#0000000000011FFD
(3.447605) can0 128#1388030000EC7862
(3.447750) can0 290#0010000000000000
(3.457570) can0 12B#0000000000011FFD
(3.457691) can0 174#03800000956A0A93
(3.457840) can0 128#1388030000EC7882
(3.458001) can0 12E#0000000000000080
(3.458210) can0 120#0000001000000090
(3.467798) can0 12B#0000000000011FFD
(3.467919) can0 174#F87F00008D6A0C5C
(3.468065) can0 178#C07F0614C9950C75
(3.468227) can0 12A#1228012000000000
(3.468355) can0 12C#0000000000000000
(3.468461) can0 5A0#0069200000000029
(3.478041) can0 550#10000000000000B0
(3.478210) can0 120#00000010000000B0
(3.478379) can0 174#F57F00007F6A0E0B
(3.488290) can0 178#BD7F0802C9950EFB
(3.488452) can0 17C#000000003F800ECB
(3.488585) can0 120#00000010000000D0
(3.488737) can0 121#00000000000000C0
(3.498533) can0 129#00000000000000C0
(3.498696) can0 174#FA7F0000796A00F4
(3.498864) can0 178#CB7F0A13C99500EA
(3.508788) can0 17C#000000001F80005D
(3.508951) can0 290#0050000000000000
(3.509121) can0 120#0000001000000030
(3.509282) can0 121#0000000000000020
(3.519012) can0 129#0000000000000020
(3.519175) can0 550#10000000000000D0
(3.519338) can0 540#02000000110000E9
(3.519460) can0 174#F87F00007E6A02FE
(3.529255) can0 120#0000001000000050
(3.529417) can0 121#0000000000000040
(3.529587) can0 129#0000000000000040
(3.539506) can0 541#0280000000000000
(3.539629) can0 174#EF7F00007F6A0408
(3.539775) can0 178#B27F0E07B6950409
(3.539938) can0 17C#0000000049800454
(3.549741) can0 120#0000001000000070
(3.549903) can0 121#0000000000000060
(3.550065) can0 129#0000000000000060
(3.559998) can0 174#EA7F00006B6A0618
(3.560167) can0 178#C07F0002C295060A
(3.560329) can0 17C#00000000508006F5
(3.560500) can0 290#0020000000000000
(3.570227) can0 120#0000001000000090
(3.570389) can0 121#0000000000000080
(3.570559) can0 129#0000000000000080
(3.580476) can0 300#0F00000000000000
(3.580599) can0 174#EA7F0000606A083E
(3.580745) can0 178#C07F0000B795084A
(3.580907) can0 17C#000000005C800859
(3.590713) can0 290#0040000000000000
(3.590877) can0 120#00000010000000B0
(3.591038) can0 121#00000000000000A0
(3.600956) can0 129#00000000000000A0
(3.601118) can0 174#EA7F0000766A0A19
(3.601288) can0 178#A47F0220AE950AAD
(3.611199) can0 17C#0000000075800AD0
(3.611362) can0 120#00000010000000D0
(3.611532) can0 121#00000000000000C0
(3.621456) can0 129#00000000000000C0
(3.621630) can0 174#EA7F00007F6A0B87
(3.621800) can0 540#02000000110000E9
(3.621923) can0 174#EF7F0000816A0C61
(3.622077) can0 178#C27F0423B6950C4E
(3.631690) can0 17C#0000000078800C1B
(3.631857) can0 129#0000000000000020
(3.632027) can0 541#0280000000000000
(3.632150) can0 174#F87F00007F6A0DCA
(3.641976) can0 178#D97F0523BB950D30
(3.642150) can0 17C#0000000088800D8E
(3.642304) can0 174#F57F00007C6A0E87
(3.652176) can0 178#E17F0622BE950EB9
(3.652330) can0 17C#0000000091800E32
(3.652497) can0 290#0020000000000000
(3.662410) can0 12B#0000000000011FFB
(3.662576) can0 174#EF7F00007B6A0FC1
(3.662730) can0 178#DC7F0724BE950F97
(3.672670) can0 17C#0000000090800FA0
(3.672826) can0 290#0050000000000000
(3.672985) can0 174#EC7F00007E6A0014
(3.673139) can0 178#DC7F0823C49500E3
(3.682900) can0 17C#000000007B80000B
(3.683055) can0 290#0000000000000000
(3.683214) can0 300#0F00000000000000
(3.683329) can0 174#EC7F0000826A018B
(3.693143) can0 178#D97F0920D0950104
(3.693297) can0 17C#000000006680018B
(3.693455) can0 450#0000010000000000
(3.703382) can0 174#F57F00008A6A0296
(3.703548) can0 178#D97F0A21D4950206
(3.703702) can0 17C#0000000054800287
(3.713629) can0 290#0010000000000000
(3.713784) can0 12B#0000000000011FFB
(3.713901) can0 128#1388030000EC7882
(3.713998) can0 174#F57F0000926A039F
(3.714140) can0 178#E17F0B29CD950372
(3.723883) can0 17C#0000000051800313
(3.724042) can0 290#0030000000000000
(3.724197) can0 174#F57F0000986A04C3
(3.724355) can0 178#EF7F0000C2950424
(3.734111) can0 17C#000000005E8004C6
(3.734269) can0 290#0040000000000000
(3.734424) can0 12B#0000000000011FFB
(3.734548) can0 174#FA7F00009A6A0581
(3.744353) can0 178#FA7F0000C1950538
(3.744520) can0 17C#000000006F80057C
(3.744675) can0 290#0040000000000000
(3.744793) can0 174#00800000946A0667
(3.754596) can0 178#FA7F00FFC99506B5
(3.754754) can0 17C#00000000788006C9
(3.754909) can0 450#0000010000000000
(3.755028) can0 290#0010000000000000
(3.764841) can0 12B#0000000000011FFB
(3.764959) can0 128#1388030000EC78C2
(3.765096) can0 178#F87F0000D4950729
(3.765254) can0 17C#000000006D800745
(3.775089) can0 290#0030000000000000
(3.775244) can0 17C#00000000538008DF
(3.775403) can0 290#0030000000000000
(3.775525) can0 12B#0000000000011FFB
(3.775627) can0 128#1388030000EC7822
(3.775763) can0 290#0020000000000000
(3.785351) can0 12B#0000000000011FFB
(3.785465) can0 174#F57F0000986A0A65
(3.785626) can0 290#0010000000000000
(3.785782) can0 12B#0000000000011FFB
(3.785907) can0 128#1388030000EC7842
(3.795569) can0 12E#0000000000000040
(3.795728) can0 290#0040000000000000
(3.795883) can0 12B#0000000000011FFB
(3.796001) can0 174#FA7F0000A56A0CDA
(3.805820) can0 290#0020000000000000
(3.806019) can0 12B#0000000000011FFB
(3.806152) can0 128#1388030000EC7862
(3.806302) can0 290#0030000000000000
(3.816058) can0 12B#0000000000011FFB
(3.816180) can0 174#00800000986A0E85
(3.816326) can0 178#F87F0721CD950E9B
(3.816496) can0 290#0020000000000000
(3.826301) can0 12B#0000000000011FFB
(3.826423) can0 128#1388030000EC7882
(3.826574) can0 290#0030000000000000
(3.826738) can0 12B#0000000000011FFB
(3.826859) can0 12A#1228012000000000
(3.826964) can0 550#10000000000000D0
(3.827071) can0 290#0020000000000000
(3.836559) can0 12B#0000000000011FFA
(3.836721) can0 128#1388030000EC78A2
(3.836883) can0 290#0030000000000000
(3.837046) can0 12B#0000000000011FFB
(3.846787) can0 174#F87F0000866A027A
(3.846949) can0 290#0020000000000000
(3.847118) can0 12B#0000000000011FFA
(3.857030) can0 128#1388030000EC78C2
(3.857191) can0 12E#00000000000000C0
(3.857354) can0 290#0040000000000000
(3.867273) can0 12B#0000000000011FFB
(3.867435) can0 174#00800000846A0445
(3.867606) can0 12B#0000000000011FFA
(3.877517) can0 128#1388030000EC7822
(3.877678) can0 12E#0000000000000020
(3.877844) can0 290#0030000000000000
(3.887772) can0 12B#0000000000011FFB
(3.887935) can0 174#00800000826A067A
(3.888097) can0 12E#0000000000000040
(3.888266) can0 120#0000001000000050
(3.898002) can0 121#0000000000000040
(3.898164) can0 174#008000008C6A08D5
(3.898334) can0 178#D07F042FC49508A0
(3.908245) can0 17C#000000005880085F
(3.908414) can0 120#0000001000000070
(3.908592) can0 121#0000000000000060
(3.918502) can0 129#0000000000000060
(3.918665) can0 174#F57F00008F6A09D0
(3.918837) can0 550#1000000000000050
(3.928731) can0 540#02000000110000E9
(3.928861) can0 174#F27F0000916A0A68
(3.929007) can0 120#0000001000000090
(3.929169) can0 121#0000000000000080
(3.938987) can0 129#0000000000000080
(3.939156) can0 541#0280000000000000
(3.939279) can0 174#F87F0000826A0CDA
(3.939425) can0 178#03800820C4950C56
(3.939592) can0 17C#000000006C800C05
(3.949216) can0 120#00000010000000B0
(3.949378) can0 121#00000000000000A0
(3.949548) can0 129#00000000000000A0
(3.959459) can0 174#FA7F0000826A0D7D
(3.959627) can0 174#FA7F0000866A0E5C
(3.959789) can0 178#1C800000BF950E7C
(3.969702) can0 17C#0000000066800E30
(3.969865) can0 290#0030000000000000
(3.969988) can0 120#00000010000000D0
(3.970134) can0 121#00000000000000C0
(3.979945) can0 129#00000000000000C0
(3.980108) can0 174#FA7F00007E6A007E
(3.980305) can0 178#08800239C79500F4
(3.990188) can0 17C#00000000428000A0
(3.990351) can0 290#0020000000000000
(3.990522) can0 12B#0000000000011FFA
(4.000445) can0 120#0000001000000030
(4.000612) can0 121#0000000000000020
(4.000772) can0 129#0000000000000020
(4.000932) can0 174#F57F0000696A028A
(4.010674) can0 178#0B800420B7950224
(4.010838) can0 17C#000000004B800219
(4.011000) can0 290#0010000000000000
(4.020917) can0 120#0000001000000050
(4.021085) can0 121#0000000000000040
(4.021270) can0 129#0000000000000040
(4.031160) can0 174#EF7F0000686A03C9
(4.031321) can0 540#02000000110000E9
(4.031443) can0 174#EF7F00006B6A0416
(4.031597) can0 178#F57F0000A595042F
(4.041403) can0 17C#00000000488004DB
(4.041578) can0 450#0000000000000000
(4.041749) can0 290#0020000000000000
(4.051666) can0 12B#0000000000011FFA
(4.051787) can0 121#0000000000000060
(4.051941) can0 129#0000000000000060
(4.052102) can0 541#0280000000000000
(4.052233) can0 174#EF7F0000706A0593
(4.052378) can0 178#E77F0122A89505B3
(4.061896) can0 17C#00000000548005D4
(4.062058) can0 290#0030000000000000
(4.062227) can0 174#F57F00006D6A06F8
(4.072132) can0 178#DC7F0220AE9506EB
(4.072293) can0 17C#0000000059800676
(4.072455) can0 129#0000000000000080
(4.082375) can0 174#F87F0000696A0705
(4.082545) can0 178#E17F0332B49507B9
(4.082706) can0 174#EF7F00006B6A088A
(4.092618) can0 178#FA7F0420B6950884
(4.092779) can0 17C#0000000054800855
(4.092941) can0 290#0030000000000000
(4.093063) can0 300#0F00000000000000
(4.093170) can0 174#EC7F0000736A0964
(4.102876) can0 178#14800523B99509D7
(4.103045) can0 17C#00000000598009CD
(4.103207) can0 450#0000000000000000
(4.103330) can0 174#EC7F00007C6A0AC5
(4.103484) can0 178#22800632BB950AF0
(4.113104) can0 17C#0000000062800A42
(4.113266) can0 174#F27F00007F6A0BEC
(4.113428) can0 178#1F800721BF950B2E
(4.123347) can0 17C#000000005E800B7D
(4.123518) can0 174#F57F0000896A0CBC
(4.123679) can0 178#16800827C9950CAA
(4.133590) can0 17C#000000004D800CBA
(4.133752) can0 290#0010000000000000
(4.133915) can0 12B#0000000000011FFA
(4.134037) can0 128#1388030000EC7822
(4.134141) can0 174#F87F00008D6A0D41
(4.143835) can0 178#0E800000D4950D88
(4.143997) can0 17C#0000000043800DAE
(4.144160) can0 290#0040000000000000
(4.154078) can0 174#FD7F00008A6A0ED8
(4.154240) can0 178#08800120DD950EDF
(4.154402) can0 17C#000000004E800E0C
(4.154571) can0 450#0000000000000000
(4.154730) can0 290#0030000000000000
(4.164335) can0 174#00800000866A0F89
(4.164502) can0 178#06800000E0950F4E
(4.164665) can0 17C#000000005F800F86
(4.174563) can0 290#0040000000000000
(4.174726) can0 12B#0000000000011FFA
(4.174852) can0 174#008000008A6A0038
(4.175001) can0 178#06800112E3950011
(4.184806) can0 17C#0000000064800095
(4.184968) can0 290#0010000000000000
(4.185131) can0 178#0680020FE39501D8
(4.195047) can0 17C#0000000059800125
(4.195210) can0 290#0020000000000000
(4.195373) can0 12B#0000000000011FFA
(4.195502) can0 17C#000000004980021A
(4.205296) can0 290#0050000000000000
(4.205459) can0 12B#0000000000011FFA
(4.205595) can0 450#0000000000000000
(4.205702) can0 290#0050000000000000
(4.205816) can0 12B#0000000000011FFA
(4.205922) can0 174#F57F0000816A0458
(4.206068) can0 290#0020000000000000
(4.215548) can0 12B#0000000000011FFA
(4.215670) can0 128#1388030000EC78A2
(4.215817) can0 12E#00000000000000A0
(4.215980) can0 290#0030000000000000
(4.216143) can0 12B#0000000000011FFA
(4.216264) can0 174#F27F00007C6A06E1
(4.225784) can0 290#0020000000000000
(4.225947) can0 12B#0000000000011FFA
(4.226069) can0 128#1388030000EC78C2
(4.226214) can0 12E#00000000000000C0
(4.236019) can0 290#0040000000000000
(4.236182) can0 12B#0000000000011FFA
(4.236308) can0 12A#1228012000000000
(4.236416) can0 290#0020000000000000
(4.236571) can0 12B#0000000000011FFA
(4.236693) can0 128#1388030000EC7822
(4.246262) can0 12E#0000000000000020
(4.246425) can0 290#0050000000000000
(4.246593) can0 12B#0000000000011FFA
(4.246715) can0 174#FA7F00007F6A0A23
(4.256512) can0 290#0020000000000000
(4.256676) can0 12B#0000000000011FFA
(4.256797) can0 128#1388030000EC7842
(4.256943) can0 12E#0000000000000040
(4.266767) can0 290#0040000000000000
(4.266930) can0 12B#0000000000011FFA
(4.267051) can0 174#F57F00007F6A0C31
(4.267198) can0 290#0030000000000000
(4.267361) can0 12B#0000000000011FFA
(4.267490) can0 128#1388030000EC7862
(4.276991) can0 290#0040000000000000
(4.277154) can0 12B#0000000000011FFA
(4.277276) can0 174#F57F0000896A0E86
(4.277422) can0 12B#0000000000011FFA
(4.277551) can0 128#1388030000EC7882
(4.287234) can0 12E#0000000000000080
(4.287397) can0 120#0000001000000090
(4.287566) can0 121#0000000000000080
(4.297485) can0 12B#0000000000011FFA
(4.297606) can0 174#FA7F0000896A007C
(4.297759) can0 178#08800108C79500B8
(4.297934) can0 17C#0000000059800038
(4.307756) can0 12E#00000000000000A0
(4.307934) can0 120#00000010000000B0
(4.308096) can0 121#00000000000000A0
(4.317976) can0 550#1000000000000090
(4.318140) can0 540#02000000110000E9
(4.318269) can0 174#068000008F6A0258
(4.318415) can0 120#00000010000000D0
(4.318593) can0 121#00000000000000C0
(4.328206) can0 129#00000000000000C0
(4.328375) can0 174#00800000716A0444
(4.328553) can0 178#FD7F0321BE95040C
(4.338449) can0 17C#0000000053800443
(4.338627) can0 290#0040000000000000
(4.338756) can0 120#0000001000000030
(4.338902) can0 121#0000000000000020
(4.348692) can0 129#0000000000000020
(4.348862) can0 174#F57F00006E6A0553
(4.349024) can0 174#F27F0000786A06E7
(4.358935) can0 178#16800523B39506D9
(4.359103) can0 17C#00000000588006F9
(4.359265) can0 550#10000000000000B0
(4.369178) can0 120#0000001000000050
(4.369339) can0 121#0000000000000040
(4.369506) can0 174#EF7F0000926A0881
(4.379434) can0 178#08800724AE95087A
(4.379604) can0 17C#0000000085800862
(4.379767) can0 290#0010000000000000
(4.379930) can0 12B#0000000000011FFA
(4.380056) can0 120#0000001000000070
(4.389663) can0 121#0000000000000060
(4.389826) can0 129#0000000000000060
(4.389989) can0 174#F57F00009A6A0941
(4.399906) can0 174#F57F00009B6A0AE9
(4.400068) can0 178#E77F0920C5950A8D
(4.400230) can0 17C#000000005F800AEF
(4.410149) can0 290#0010000000000000
(4.410272) can0 120#0000001000000090
(4.410418) can0 121#0000000000000080
(4.410587) can0 129#0000000000000080
(4.420392) can0 174#F57F0000946A0B72
(4.420562) can0 540#02000000110000E9
(4.420685) can0 174#F57F00008F6A0CB9
(4.420832) can0 178#FD7F0B29C1950CC1
(4.430649) can0 17C#0000000045800CB6
(4.430812) can0 120#00000010000000B0
(4.430974) can0 121#00000000000000A0
(4.431136) can0 129#00000000000000A0
(4.440880) can0 541#0280000000000000
(4.441003) can0 174#F57F0000896A0E86
(4.441149) can0 178#19800000BE950EC7
(4.441319) can0 17C#0000000029800ED6
(4.451121) can0 290#0010000000000000
(4.451243) can0 12B#0000000000011FFA
(4.451349) can0 128#1388030000EC78C2
(4.451502) can0 121#00000000000000C0
(4.451672) can0 129#00000000000000C0
(4.461364) can0 174#F87F00008A6A0FF1
(4.461539) can0 178#168000FFC1950FEE
(4.461701) can0 17C#0000000038800F5C
(4.471607) can0 174#F87F0000896A00C6
(4.471776) can0 178#0B800000BF9500ED
(4.471946) can0 17C#00000000568000BE
(4.481866) can0 290#0000000000000000
(4.482037) can0 129#0000000000000020
(4.482235) can0 300#0F00000000000000
(4.482370) can0 174#F57F0000866A01BB
(4.482528) can0 178#FD7F0120B79501AF
(4.492093) can0 174#F57F00007F6A0297
(4.492255) can0 178#EF7F0222B3950214
(4.492417) can0 17C#0000000056800284
(4.502336) can0 290#0020000000000000
(4.502514) can0 174#F57F0000796A038F
(4.502675) can0 178#F27F0326B49503F8
(4.512579) can0 17C#0000000048800388
(4.512741) can0 290#0040000000000000
(4.512905) can0 12B#0000000000011FFA
(4.513026) can0 174#F57F0000796A04DC
(4.522823) can0 178#FA7F0425B995044D
(4.522985) can0 17C#000000004B800457
(4.523147) can0 290#0030000000000000
(4.533068) can0 12B#0000000000011FFA
(4.533189) can0 128#1388030000EC7862
(4.533335) can0 174#F57F00007B6A05C2
(4.533503) can0 178#03800520C295050E
(4.533670) can0 17C#0000000059800551
(4.543324) can0 174#F57F00007F6A06E3
(4.543491) can0 178#14800621CD9506BB
(4.543653) can0 17C#000000005F800673
(4.553552) can0 174#FD7F0000866A0727
(4.553714) can0 178#22800721D0950754
(4.553883) can0 17C#000000005980076B
(4.563794) can0 174#068000008C6A0806
(4.563956) can0 178#22800820CC95081C
(4.564118) can0 17C#0000000050800853
(4.574037) can0 174#08800000976A0982
(4.574199) can0 178#16800925C5950984
(4.574360) can0 17C#0000000040800956
(4.584280) can0 290#0040000000000000
(4.584443) can0 174#038000009A6A0A15
(4.584613) can0 178#08800A29BF950A30
(4.594538) can0 17C#0000000037800AB3
(4.594700) can0 174#00800000946A0BE6
(4.594863) can0 178#08800000BB950BC3
(4.595026) can0 17C#0000000030800B24
(4.604765) can0 178#0E800120BC950CE9
(4.604927) can0 17C#0000000029800CEC
(4.605090) can0 290#0030000000000000
(4.615008) can0 17C#0000000030800D6A
(4.615171) can0 290#0040000000000000
(4.615334) can0 12B#0000000000011FFA
(4.615456) can0 174#00800000896A0E12
(4.625258) can0 290#0010000000000000
(4.625428) can0 12B#0000000000011FFA
(4.625563) can0 128#1388030000EC7842
(4.625708) can0 12E#0000000000000040
(4.635498) can0 120#0000001000000050
(4.635660) can0 290#0040000000000000
(4.635825) can0 12B#0000000000011FFA
(4.635946) can0 12A#1228012000000000
(4.636052) can0 290#0030000000000000
(4.645757) can0 12B#0000000000011FFA
(4.645878) can0 128#1388030000EC7862
(4.646024) can0 290#0010000000000000
(4.646187) can0 12B#0000000000011FFA
(4.646309) can0 174#EC7F0000896A022C
(4.646455) can0 178#00800512CA9502FE
(4.655980) can0 290#0020000000000000
(4.656143) can0 12B#0000000000011FFA
(4.656311) can0 128#1388030000EC7882
(4.656484) can0 290#0010000000000000
(4.666223) can0 12B#0000000000011FFA
(4.666345) can0 174#EF7F00009B6A049E
(4.666499) can0 290#0020000000000000
(4.666662) can0 12B#0000000000011FFA
(4.666792) can0 128#1388030000EC78A2
(4.676466) can0 12E#00000000000000A0
(4.676637) can0 290#0020000000000000
(4.676760) can0 12B#0000000000011FFA
(4.676865) can0 174#EF7F00008C6A0636
(4.677012) can0 290#0030000000000000
(4.686709) can0 12B#0000000000011FFA
(4.686831) can0 128#1388030000EC78C2
(4.686976) can0 290#0010000000000000
(4.687140) can0 12B#0000000000011FFA
(4.687261) can0 174#F57F0000866A084E
(4.696966) can0 178#00800125C295080E
(4.697128) can0 12B#0000000000011FFA
(4.697250) can0 128#1388030000EC7822
(4.697395) can0 12E#0000000000000020
(4.697566) can0 12B#0000000000011FFA
(4.697688) can0 12A#1228012000000000
(4.697793) can0 550#10000000000000D0
(4.707195) can0 540#02000000110000E9
(4.707318) can0 174#FA7F0000896A0AAE
(4.707464) can0 178#0B800321C7950A12
(4.707640) can0 12E#0000000000000040
(4.717438) can0 120#0000001000000050
(4.717566) can0 121#0000000000000040
(4.717713) can0 174#FA7F0000956A0CF2
(4.717875) can0 178#0E800000BB950C43
(4.727681) can0 17C#000000005B800CA7
(4.727846) can0 120#0000001000000070
(4.728008) can0 121#0000000000000060
(4.737924) can0 129#0000000000000060
(4.738086) can0 174#FA7F0000926A0E42
(4.738255) can0 178#11800122C1950EDC
(4.748167) can0 17C#0000000072800E2E
(4.748337) can0 290#0030000000000000
(4.748524) can0 12B#0000000000011FFA
(4.748668) can0 550#1000000000000030
(4.758423) can0 120#0000001000000090
(4.758598) can0 121#0000000000000080
(4.758769) can0 129#0000000000000080
(4.758931) can0 300#0F00000000000000
(4.759062) can0 174#F57F00008C6A00A9
(4.768653) can0 178#14800332C4950036
(4.768824) can0 17C#000000007A800084
(4.768986) can0 120#00000010000000B0
(4.778896) can0 121#00000000000000A0
(4.779058) can0 129#00000000000000A0
(4.779221) can0 174#F27F00008C6A021D
(4.789139) can0 178#F87F0523C59502F8
(4.789300) can0 17C#0000000080800239
(4.789463) can0 290#0020000000000000
(4.799382) can0 12B#0000000000011FFA
(4.799511) can0 120#00000010000000D0
(4.799657) can0 121#00000000000000C0
(4.799825) can0 129#00000000000000C0
(4.809638) can0 540#02000000110000E9
(4.809761) can0 174#F57F0000816A0458
(4.809907) can0 178#EF7F0721C49504FD
(4.810069) can0 17C#000000006A8004E8
(4.810268) can0 450#0000000000000000
(4.810402) can0 120#0000001000000030
(4.819869) can0 121#0000000000000020
(4.820031) can0 129#0000000000000020
(4.820194) can0 174#F57F00007C6A066F
(4.830110) can0 178#EF7F0000C7950697
(4.830279) can0 17C#000000007B800645
(4.830442) can0 290#0010000000000000
(4.840353) can0 120#0000001000000050
(4.840523) can0 121#0000000000000040
(4.840685) can0 129#0000000000000040
(4.850596) can0 174#F57F0000826A0848
(4.850758) can0 178#06800000CC950827
(4.850920) can0 17C#0000000083800867
(4.860854) can0 290#0050000000000000
(4.861018) can0 121#0000000000000060
(4.861180) can0 129#0000000000000060
(4.861342) can0 300#0F00000000000000
(4.861476) can0 174#F57F00008D6A09D3
(4.871082) can0 178#19800112CA9509B2
(4.871244) can0 17C#0000000078800972
(4.871407) can0 450#0000000000000000
(4.871536) can0 174#F57F0000976A0AE3
(4.881331) can0 178#2280020FCF950A2B
(4.881501) can0 17C#000000006D800AC4
(4.881672) can0 290#0020000000000000
(4.891567) can0 12B#0000000000011FFA
(4.891697) can0 128#1388030000EC7882
(4.891845) can0 129#0000000000000080
(4.892015) can0 174#FD7F0000956A0B2F
(4.901817) can0 178#22800302DA950B82
(4.901980) can0 17C#0000000064800B5A
(4.902149) can0 174#FD7F0000896A0C6E
(4.912063) can0 178#19800405E0950CEA
(4.912232) can0 17C#0000000056800C22
(4.912395) can0 290#0040000000000000
(4.912564) can0 12B#0000000000011FFA
(4.912686) can0 128#1388030000EC78A2
(4.922313) can0 174#F87F00007E6A0D45
(4.922483) can0 178#19800512DE950D6D
(4.922645) can0 17C#000000004B800DA2
(4.932541) can0 290#0020000000000000
(4.932705) can0 174#F57F00007B6A0E0D
(4.932867) can0 178#1C800614D2950EA3
(4.942783) can0 17C#000000004D800E80
(4.942945) can0 450#0000000000000000
(4.943068) can0 174#FA7F00007F6A0F4A
(4.943214) can0 178#2280072FC2950F52
(4.953026) can0 17C#000000004D800F9D
(4.953188) can0 290#0030000000000000
(4.953352) can0 12B#0000000000011FFA
(4.953481) can0 174#F87F0000866A0040
(4.963269) can0 178#22800802B7950051
(4.963431) can0 17C#00000000468000A6
(4.963601) can0 290#0040000000000000
(4.973527) can0 12B#0000000000011FFA
(4.973648) can0 128#1388030000EC7822
(4.973794) can0 174#EF7F00008A6A0160
(4.973956) can0 178#1C80090FAE950125
(4.974118) can0 17C#00000000488001B2
(4.983755) can0 174#E77F00008A6A0295
(4.983917) can0 178#1F800A13A89502A9
(4.984085) can0 17C#0000000056800284
(4.993998) can0 290#0010000000000000
(4.994197) can0 174#E17F0000876A03DE
(4.994374) can0 178#2D800B03AE950392
(5.004241) can0 17C#000000006C8003BE
(5.004402) can0 174#E47F0000826A0430
(5.004571) can0 178#38800C08B19504FF
(5.014492) can0 17C#00000000728004FC
(5.014654) can0 290#0020000000000000
(5.014823) can0 12B#0000000000011FFA
(5.014944) can0 174#E47F00007F6A0520
(5.024740) can0 178#2D800D2FB79505BE
(5.024902) can0 17C#00000000668005FF
(5.025064) can0 178#19800E07C295068F
(5.025232) can0 17C#0000000061800652
(5.034970) can0 290#0040000000000000
(5.035132) can0 12B#0000000000011FFA
(5.035253) can0 17C#0000000069800743
(5.035400) can0 290#0020000000000000
(5.045218) can0 12B#0000000000012FFA
(5.045380) can0 450#0000000000000000
(5.045517) can0 290#0000000000000000
(5.045664) can0 12B#0000000000011FFB
(5.055462) can0 290#0010000000000000
(5.055633) can0 12B#0000000000011FFA
(5.055794) can0 174#F57F0000946A0A6F
(5.065705) can0 290#0060000000000000
(5.065868) can0 12B#0000000000011FFA
(5.065994) can0 128#1388030000EC78C2
(5.066161) can0 12E#00000000000000C0
(5.075955) can0 120#00000010000000D0
(5.076116) can0 290#0030000000000000
(5.076279) can0 12B#0000000000011FFA
(5.076400) can0 174#FD7F00009A6A0CFA
(5.076554) can0 290#0040000000000000
(5.086184) can0 12B#0000000000011FFA
(5.086305) can0 128#1388030000EC7822
(5.086450) can0 290#0010000000000000
(5.086620) can0 12B#0000000000011FFA
(5.086741) can0 174#F27F00008C6A0E81
(5.096427) can0 178#32800423C7950E13
(5.096596) can0 290#0010000000000000
(5.096718) can0 12B#0000000000011FFB
(5.096864) can0 128#1388030000EC7842
(5.106670) can0 12E#0000000000000040
(5.106834) can0 290#0040000000000000
(5.106997) can0 12B#0000000000012FFA
(5.116913) can0 174#F87F0000816A00CA
(5.117075) can0 178#22800622C1950040
(5.117237) can0 290#0020000000000000
(5.127156) can0 12B#0000000000011FFA
(5.127318) can0 128#1388030000EC7862
(5.127485) can0 12E#0000000000000060
(5.137413) can0 290#0020000000000000
(5.137540) can0 12B#0000000000011FFB
(5.137686) can0 12A#1228012000000000
(5.137808) can0 550#1000000000000050
(5.137956) can0 540#02000000110000E9
(5.138083) can0 290#0030000000000000
(5.138232) can0 12B#0000000000011FFA
(5.147642) can0 128#1388030000EC7882
(5.147803) can0 290#0010000000000000
(5.147966) can0 12B#0000000000011FFB
(5.157890) can0 174#F57F0000896A0454
(5.158052) can0 12E#00000000000000A0
(5.158214) can0 120#00000010000000B0
(5.168164) can0 121#00000000000000A0
(5.168358) can0 129#00000000000000A0
(5.168536) can0 174#F57F00008D6A054F
(5.178371) can0 174#F57F0000896A066E
(5.178544) can0 178#46800000D095064D
(5.178706) can0 17C#00000000588006F9
(5.188627) can0 12C#0000000000000000
(5.188756) can0 5A0#00692000000000C9
(5.188904) can0 550#1000000000000070
(5.189067) can0 174#F57F00007C6A08C9
(5.189229) can0 178#578000FFCD950834
(5.198858) can0 17C#000000006680087E
(5.199021) can0 290#0040000000000000
(5.199184) can0 120#0000001000000030
(5.209100) can0 121#0000000000000020
(5.209262) can0 129#0000000000000020
(5.209424) can0 174#F57F0000826A0A72
(5.219343) can0 178#4E800120CA950A34
(5.219513) can0 17C#0000000050800A69
(5.219675) can0 290#0040000000000000
(5.219802) can0 12B#0000000000011FFB
(5.219911) can0 120#0000001000000050
(5.229586) can0 121#0000000000000040
(5.229748) can0 129#0000000000000040
(5.229910) can0 550#1000000000000090
(5.239844) can0 540#02000000110000E9
(5.239967) can0 174#EA7F00007C6A0C58
(5.240113) can0 120#0000001000000070
(5.240275) can0 121#0000000000000060
(5.240437) can0 129#0000000000000060
(5.250071) can0 174#EA7F00007F6A0EEE
(5.250233) can0 178#38800520B4950E6F
(5.250395) can0 17C#000000004D800E80
(5.260314) can0 120#0000001000000090
(5.260484) can0 121#0000000000000080
(5.260646) can0 129#0000000000000080
(5.270559) can0 174#EC7F0000866A0090
(5.270721) can0 178#3E800721C1950092
(5.270883) can0 17C#000000003A8000E4
(5.280801) can0 290#0020000000000000
(5.280964) can0 120#00000010000000B0
(5.281125) can0 121#00000000000000A0
(5.291046) can0 129#00000000000000A0
(5.291208) can0 174#F57F00007C6A021B
(5.291370) can0 178#51800925DB95020A
(5.291535) can0 17C#0000000043800215
(5.301310) can0 290#0030000000000000
(5.301481) can0 121#00000000000000C0
(5.301656) can0 129#00000000000000C0
(5.311531) can0 174#F57F0000766A0309
(5.311693) can0 178#5F800A29DE9503F3
(5.311863) can0 174#F87F0000796A043A
(5.321778) can0 178#68800000E0950431
(5.321939) can0 17C#000000005980044C
(5.322110) can0 290#0040000000000000
(5.332015) can0 12B#0000000000012FFB
(5.332177) can0 174#008000007F6A0550
(5.332339) can0 178#5F800120DB9505FC
(5.342258) can0 17C#000000005380055E
(5.342421) can0 290#0020000000000000
(5.342588) can0 12B#0000000000011FFB
(5.352516) can0 12A#1228012000000000
(5.352637) can0 174#03800000866A069B
(5.352784) can0 178#4E800000CF950601
(5.352982) can0 17C#000000003F800623
(5.353160) can0 450#0000000000000000
(5.353283) can0 541#0280000000000000
(5.353390) can0 174#008000008A6A076B
(5.362751) can0 178#40800120BE9507FA
(5.362913) can0 17C#000000002A8007AF
(5.363076) can0 290#0040000000000000
(5.372987) can0 174#FA7F00008C6A081D
(5.373149) can0 178#3B800221B6950853
(5.373311) can0 17C#000000002D80089E
(5.383230) can0 290#0000000000000000
(5.383393) can0 12B#0000000000012FFC
(5.383570) can0 174#FA7F0000916A099D
(5.393481) can0 178#3E800324B69509C3
(5.393643) can0 17C#000000003A800911
(5.393806) can0 290#0010000000000000
(5.403729) can0 12B#0000000000011FFB
(5.403892) can0 174#FA7F00008D6A0AA8
(5.404053) can0 178#4C80042FB6950A7B
(5.404215) can0 17C#000000003D800ABC
(5.413959) can0 290#0040000000000000
(5.414122) can0 12B#0000000000011FFC
(5.414284) can0 128#1388030000EC7882
(5.414405) can0 12E#0000000000000080
(5.424202) can0 300#0F00000000000000
(5.424324) can0 174#F87F0000816A0B05
(5.424476) can0 178#51800512B4950B70
(5.424638) can0 17C#0000000035800BAD
(5.434445) can0 174#F57F0000736A0C3B
(5.434614) can0 178#54800624B4950CAF
(5.434776) can0 17C#0000000030800C77
(5.444688) can0 290#0040000000000000
(5.444810) can0 174#FA7F0000736A0D7A
(5.444956) can0 178#54800726B6950DFC
(5.445118) can0 17C#000000003A800D65
(5.454944) can0 174#FA7F00007B6A0E51
(5.455106) can0 178#5F800820BC950EF4
(5.455268) can0 17C#0000000043800E89
(5.455438) can0 174#FA7F00007F6A0F4A
(5.465181) can0 178#62800925C5950FAB
(5.465343) can0 17C#0000000048800F14
(5.465527) can0 290#0010000000000000
(5.475416) can0 178#62800000CD950098
(5.475587) can0 17C#000000003D80006E
(5.475750) can0 450#0000000000000000
(5.475878) can0 290#0030000000000000
(5.485666) can0 12B#0000000000012FFD
(5.485829) can0 17C#00000000268001EB
(5.485992) can0 290#0020000000000000
(5.495902) can0 12B#0000000000011FFC
(5.496065) can0 290#0020000000000000
(5.496187) can0 12B#0000000000011FFC
(5.496293) can0 128#1388030000EC7842
(5.496438) can0 290#0020000000000000
(5.496568) can0 12B#0000000000011FFD
(5.506145) can0 174#F57F00008A6A04D8
(5.506307) can0 290#0010000000000000
(5.506476) can0 12B#0000000000012FFD
(5.516402) can0 128#1388030000EC7862
(5.516571) can0 12E#0000000000000060
(5.516734) can0 290#0040000000000000
(5.516897) can0 12B#0000000000011FFD
(5.526631) can0 174#FA7F00008C6A06BB
(5.526793) can0 178#4E800000BB95064F
(5.526991) can0 17C#0000000027800637
(5.536876) can0 290#0040000000000000
(5.536998) can0 12B#0000000000011FFD
(5.537104) can0 128#1388030000EC7882
(5.537249) can0 12E#0000000000000080
(5.537412) can0 290#0040000000000000
(5.537540) can0 12B#0000000000011FFD
(5.537646) can0 174#FA7F00008A6A0818
(5.547117) can0 290#0030000000000000
(5.547280) can0 12B#0000000000012FFD
(5.547449) can0 128#1388030000EC78A2
(5.557360) can0 290#0040000000000000
(5.557532) can0 12B#0000000000011FFD
(5.557694) can0 12A#1228012000000000
(5.557823) can0 290#0040000000000000
(5.557930) can0 12B#0000000000011FFD
(5.558036) can0 128#1388030000EC78C2
(5.567617) can0 12E#00000000000000C0
(5.567779) can0 120#00000010000000D0
(5.567941) can0 290#0010000000000000
(5.568104) can0 12B#0000000000011FFD
(5.568226) can0 174#EF7F00009D6A0C73
(5.577848) can0 178#3E800632D2950C6F
(5.578010) can0 12B#0000000000012FFD
(5.578173) can0 128#1388030000EC7822
(5.588089) can0 12E#0000000000000020
(5.588259) can0 290#0030000000000000
(5.588423) can0 12B#0000000000011FFD
(5.598337) can0 174#EF7F00009B6A0E4C
(5.598514) can0 178#38800827E2950E4E
(5.598676) can0 12E#0000000000000040
(5.608580) can0 12A#1268012000000000
(5.608749) can0 12C#0000000000000000
(5.608871) can0 174#008000009A6A0020
(5.609017) can0 178#38800120DD9500AF
(5.618839) can0 17C#00000000EA7F001D
(5.619002) can0 290#0040000000000000
(5.619165) can0 12B#0000000000011FFD
(5.619291) can0 120#0000001000000070
(5.619439) can0 121#0000000000000060
(5.629061) can0 129#0000000000000060
(5.629223) can0 174#06800000786A025A
(5.629385) can0 178#19800112CA95027D
(5.639304) can0 17C#00000000EC7F0222
(5.639466) can0 120#0000001000000090
(5.639636) can0 121#0000000000000080
(5.649548) can0 129#0000000000000080
(5.649710) can0 174#06800000706A034B
(5.649873) can0 550#10000000000000D0
(5.659790) can0 540#02000000110000E9
(5.659912) can0 174#03800000706A042C
(5.660059) can0 178#0B800302C5950447
(5.660221) can0 120#00000010000000B0
(5.670035) can0 121#00000000000000A0
(5.670197) can0 129#00000000000000A0
(5.670360) can0 174#FA7F0000816A063E
(5.670528) can0 178#27800512CD9506E1
(5.680292) can0 17C#000000004D800668
(5.680454) can0 290#0010000000000000
(5.680624) can0 12B#0000000000011FFD
(5.680746) can0 120#00000010000000D0
(5.690520) can0 121#00000000000000C0
(5.690682) can0 129#00000000000000C0
(5.690847) can0 174#FA7F0000826A0814
(5.700808) can0 178#4080072FD2950812
(5.700989) can0 17C#000000004E800842
(5.701159) can0 120#0000001000000030
(5.711004) can0 121#0000000000000020
(5.711167) can0 129#0000000000000020
(5.711329) can0 174#EF7F0000866A0AA5
(5.721247) can0 178#3E80090FCA950A69
(5.721416) can0 17C#0000000043800AFD
(5.721595) can0 290#0020000000000000
(5.731511) can0 120#0000001000000050
(5.731681) can0 121#0000000000000040
(5.731846) can0 129#0000000000000040
(5.732017) can0 174#EF7F0000916A0B2A
(5.741733) can0 174#F27F0000986A0CA5
(5.741903) can0 178#3E800B03CD950CAB
(5.742073) can0 17C#000000004B800CBF
(5.751982) can0 290#0010000000000000
(5.752153) can0 121#0000000000000060
(5.752315) can0 129#0000000000000060
(5.762219) can0 174#F87F0000976A0D56
(5.762381) can0 178#38800C08D0950DD5
(5.762551) can0 540#02000000110000E9
(5.762674) can0 174#008000008C6A0E9B
(5.772462) can0 178#3E800D2FD4950EF3
(5.772632) can0 541#0280000000000000
(5.772754) can0 174#03800000826A0F68
(5.772901) can0 178#49800E07D4950F00
(5.782719) can0 17C#0000000053800F8C
(5.782882) can0 174#008000007E6A00B6
(5.783044) can0 178#4C800F0DCF9500C6
(5.783212) can0 17C#00000000408000A3
(5.792948) can0 290#0020000000000000
(5.793111) can0 12B#0000000000011FFE
(5.793273) can0 174#F87F0000816A01D7
(5.803191) can0 178#4E800002CA9501FC
(5.803353) can0 17C#00000000388001FA
(5.803524) can0 290#0010000000000000
(5.813434) can0 12B#0000000000011FFE
(5.813564) can0 174#F57F0000866A029C
(5.813710) can0 178#4E800108CF950283
(5.813872) can0 17C#000000004980021A
(5.823677) can0 290#0040000000000000
(5.823843) can0 300#0F00000000000000
(5.823965) can0 174#F87F00008C6A0368
(5.824112) can0 178#5A800000D0950326
(5.833933) can0 174#00800000916A04D4
(5.834096) can0 178#62800128C795045F
(5.834258) can0 17C#00000000648004E1
(5.834420) can0 174#03800000986A05AD
(5.844163) can0 178#6D800220BB95057E
(5.844325) can0 17C#0000000049800549
(5.844495) can0 174#068000009F6A0634
(5.854406) can0 178#78800321B395062F
(5.854575) can0 17C#00000000348006A3
(5.854737) can0 290#0050000000000000
(5.864649) can0 12B#0000000000011FFE
(5.864770) can0 128#1388030000EC7842
(5.864916) can0 12E#0000000000000040
(5.865038) can0 174#068000009A6A07A0
(5.865199) can0 178#81800423B09507B4
(5.874893) can0 17C#00000000328007BB
(5.875055) can0 174#038000008C6A0832
(5.875217) can0 178#86800523B3950867
(5.885142) can0 17C#000000003B800883
(5.885340) can0 174#00800000846A09C4
(5.885533) can0 178#81800622BF9509DD
(5.895391) can0 17C#0000000040800956
(5.895562) can0 178#73800724CC950A2E
(5.895724) can0 17C#000000003D800ABC
(5.895887) can0 290#0020000000000000
(5.905626) can0 17C#000000003D800BA1
(5.905789) can0 290#0030000000000000
(5.905952) can0 12B#0000000000011FFF
(5.915866) can0 174#EF7F00008D6A0C6B
(5.916028) can0 178#70800920CD950C50
(5.916190) can0 290#0040000000000000
(5.926106) can0 12B#0000000000012FFF
(5.926269) can0 128#1388030000EC78A2
(5.926430) can0 290#0050000000000000
(5.936349) can0 12B#0000000000011FFF
(5.936520) can0 174#FD7F0000986A0EC3
(5.936682) can0 290#0030000000000000
(5.946606) can0 12B#0000000000011FFF
(5.946728) can0 128#1388030000EC78C2
(5.946873) can0 12E#00000000000000C0
(5.947036) can0 120#00000010000000D0
(5.947198) can0 290#0050000000000000
(5.956840) can0 12B#0000000000012FFF
(5.957002) can0 174#FA7F0000846A00F9
(5.957164) can0 290#0040000000000000
(5.967078) can0 12B#0000000000011000
(5.967241) can0 128#1388030000EC7822
(5.967402) can0 12E#0000000000000020
(5.977321) can0 120#0000001000000030
(5.977491) can0 290#0050000000000000
(5.977654) can0 12B#0000000000011FFF
(5.987566) can0 12A#1268012000000000
(5.987687) can0 290#0040000000000000
(5.987836) can0 12B#0000000000012000
(5.987998) can0 128#1388030000EC7842
(5.997821) can0 290#0040000000000000
(5.997944) can0 12B#0000000000011000
(5.998090) can0 174#FA7F0000866A048E
(5.998259) can0 290#0020000000000000
(5.998422) can0 12B#0000000000012000
(6.008050) can0 128#1388030000EC7862
(6.008210) can0 290#0040000000000000
(6.008380) can0 12B#0000000000011000
(6.018298) can0 174#00800000956A06E8
(6.018460) can0 178#70800425D79506EE
(6.018633) can0 12B#0000000000011000
(6.018763) can0 128#1388030000EC7882
(6.028543) can0 12E#0000000000000080
(6.028705) can0 290#0010000000000000
(6.028876) can0 12B#0000000000012000
(6.038784) can0 174#038000008F6A08BE
(6.038946) can0 12E#00000000000000A0
(6.039108) can0 120#00000010010000B1
(6.049025) can0 121#00000000000000A0
(6.049186) can0 174#008000008F6A0A63
(6.049348) can0 178#7E800820CA950AFF
(6.049516) can0 17C#0000000003800A9D
(6.059281) can0 120#00000010010000D1
(6.059442) can0 121#00000000000000C0
(6.059612) can0 129#00000000000000C0
(6.069509) can0 540#02000000110000EB
(6.069672) can0 550#1000000000000050
(6.069837) can0 174#FA7F0000876A0CE9
(6.079786) can0 178#7B800A29D0950C47
(6.079964) can0 17C#0000000000800C5F
(6.080126) can0 290#0020000000000000
(6.089994) can0 12B#0000000000012000
(6.090115) can0 120#0000001001000031
(6.090260) can0 121#0000000000000020
(6.090422) can0 129#0000000000000020
(6.100237) can0 174#F57F0000736A0E01
(6.100399) can0 178#6A800120D4950E57
(6.100568) can0 17C#00000000E47F0EB2
(6.110498) can0 120#0000001001000051
(6.110660) can0 121#0000000000000040
(6.110825) can0 129#0000000000000040
(6.110987) can0 174#FA7F00007E6A007E
(6.120722) can0 178#73800120BC95009B
(6.120891) can0 17C#00000000ED7F0097
(6.121072) can0 120#0000001001000071
(6.130965) can0 121#0000000000000060
(6.131128) can0 129#0000000000000060
(6.131290) can0 300#0F00000000000000
(6.131413) can0 174#F87F0000826A027C
(6.141209) can0 178#70800324C1950211
(6.141377) can0 17C#00000000E57F02A1
(6.141556) can0 290#0040000000000000
(6.151451) can0 120#0000001001000091
(6.151618) can0 121#0000000000000080
(6.151787) can0 129#0000000000000080
(6.161713) can0 174#F27F0000896A0389
(6.161884) can0 174#EF7F00008F6A0480
(6.162045) can0 178#70800512D29504AC
(6.162214) can0 17C#00000000E57F04EF
(6.171945) can0 120#00000010010000B1
(6.172106) can0 121#00000000000000A0
(6.172268) can0 129#00000000000000A0
(6.182180) can0 174#EF7F0000926A0500
(6.182342) can0 540#02000000110000EB
(6.182465) can0 550#1000000000000090
(6.182617) can0 174#F27F0000926A0678
(6.192423) can0 178#76800726CD95062E
(6.192592) can0 121#00000000000000C0
(6.192754) can0 129#00000000000000C0
(6.202666) can0 541#0280000000000000
(6.202796) can0 174#FA7F00008C6A081D
(6.202942) can0 178#76800925C9950822
(6.203104) can0 17C#00000000E27F08F9
(6.212923) can0 290#0050000000000000
(6.213086) can0 174#F57F0000896A09D5
(6.213248) can0 178#73800000CD950989
(6.213410) can0 17C#00000000DE7F09C6
(6.223152) can0 174#F27F0000866A0AFA
(6.223314) can0 178#7B800125CC950A00
(6.223484) can0 17C#00000000E27F0AC3
(6.233395) can0 290#0020000000000000
(6.233566) can0 12B#0000000000012001
(6.233728) can0 128#1388030000EC7842
(6.243638) can0 300#0F00000000000000
(6.243761) can0 550#10000000000000B0
(6.243909) can0 174#F27F0000826A0BE1
(6.244070) can0 174#FA7F0000866A0C66
(6.253883) can0 178#76800321BE950C79
(6.254045) can0 17C#00000000F07F0C96
(6.254207) can0 290#0030000000000000
(6.264124) can0 174#00800000896A0D35
(6.264286) can0 178#70800420BB950DA8
(6.264491) can0 17C#00000000E17F0D1C
(6.274380) can0 174#00800000896A0E12
(6.274550) can0 178#68800000BC950E91
(6.274712) can0 17C#00000000D47F0E9A
(6.274875) can0 290#0030000000000000
(6.274998) can0 12B#0000000000012001
(6.275104) can0 128#1388030000EC7882
(6.284610) can0 12E#0000000000000080
(6.284772) can0 174#F57F0000876A0F92
(6.284941) can0 178#65800000B7950FEA
(6.294854) can0 17C#00000000D47F0F87
(6.295017) can0 550#10000000000000D0
(6.295180) can0 174#F27F00008A6A0022
(6.305103) can0 178#65800122B7950056
(6.305264) can0 17C#00000000D37F00B6
(6.305434) can0 290#0030000000000000
(6.305570) can0 12B#0000000000012001
(6.305676) can0 174#F57F00008D6A013B
(6.315339) can0 178#73800220C19501F5
(6.315506) can0 17C#00000000CB7F01BF
(6.315669) can0 290#0040000000000000
(6.325601) can0 12B#0000000000011001
(6.325763) can0 174#008000008C6A0207
(6.325926) can0 178#78800332D0950218
(6.326087) can0 17C#00000000CB7F0298
(6.335826) can0 174#06800000896A0340
(6.335988) can0 178#6D800420DA95038E
(6.336150) can0 17C#00000000D77F0397
(6.346068) can0 178#5F800523D79504E4
(6.346229) can0 17C#00000000DB7F04CE
(6.346392) can0 290#0020000000000000
(6.356310) can0 17C#00000000D07F0553
(6.356481) can0 290#0040000000000000
(6.356644) can0 12B#0000000000011002
(6.366555) can0 450#0000000009000000
(6.366718) can0 290#0040000000000000
(6.366841) can0 12B#0000000000012002
(6.366995) can0 128#1388030000EC7842
(6.376815) can0 12E#0000000000000040
(6.376977) can0 120#0000001001000051
(6.377139) can0 290#0020000000000000
(6.377302) can0 12B#0000000000011001
(6.387039) can0 174#F57F0000826A0848
(6.387201) can0 290#0030000000000000
(6.387364) can0 12B#0000000000012002
(6.397282) can0 128#1388030000EC7862
(6.397443) can0 290#0040000000000000
(6.397615) can0 12B#0000000000011002
(6.407534) can0 12A#1268012000000000
(6.407655) can0 290#0050000000000000
(6.407802) can0 12B#0000000000012002
(6.407972) can0 128#1388030000EC7882
(6.417768) can0 12E#0000000000000080
(6.417931) can0 290#0040000000000000
(6.418094) can0 12B#0000000000011002
(6.428014) can0 174#038000007E6A0CCD
(6.428176) can0 178#5A80020FB7950CFB
(6.428346) can0 290#0020000000000000
(6.428524) can0 12B#0000000000012002
(6.438276) can0 128#1388030000EC78A2
(6.438437) can0 12E#00000000000000A0
(6.438615) can0 290#0020000000000000
(6.438745) can0 12B#0000000000011002
(6.448511) can0 174#038000008D6A0EF3
(6.448709) can0 290#0020000000000000
(6.448859) can0 12B#0000000000012002
(6.449027) can0 128#1388030000EC78C2
(6.458747) can0 290#0050000000000000
(6.458911) can0 12B#0000000000011002
(6.459073) can0 450#0000000009000000
(6.459196) can0 290#0040000000000000
(6.468983) can0 12B#0000000000012002
(6.469145) can0 128#1388030000EC7822
(6.469307) can0 290#0050000000000000
(6.479226) can0 12B#0000000000011002
(6.479388) can0 174#F27F0000876A029D
(6.479558) can0 178#5F800802D295025C
(6.489490) can0 128#1388030000EC7842
(6.489651) can0 12E#0000000000000040
(6.489815) can0 120#0000001001000051
(6.489936) can0 12A#1268012000000000
(6.490041) can0 540#02000000110000EB
(6.490148) can0 550#1000000000000090
(6.490296) can0 450#0000000009000000
(6.490419) can0 120#0000001001000071
(6.499712) can0 121#0000000000000060
(6.499874) can0 129#0000000000000060
(6.500037) can0 174#FD7F00007B6A0637
(6.509955) can0 178#43800C08CC950635
(6.510117) can0 17C#00000000C87F0660
(6.510279) can0 290#0040000000000000
(6.520198) can0 120#0000001001000091
(6.520359) can0 121#0000000000000080
(6.520529) can0 129#0000000000000080
(6.530441) can0 174#FA7F00007F6A07A2
(6.530615) can0 174#FA7F00007F6A0819
(6.530805) can0 178#40800E07D09508DA
(6.540697) can0 17C#00000000D17F085D
(6.540861) can0 120#00000010010000B1
(6.541022) can0 121#00000000000000A0
(6.541185) can0 129#00000000000000A0
(6.550927) can0 174#FA7F00007C6A0AAF
(6.551088) can0 178#54800002D8950AF9
(6.551251) can0 17C#00000000C97F0A73
(6.561170) can0 290#0020000000000000
(6.561333) can0 120#00000010010000D1
(6.561506) can0 121#00000000000000C0
(6.571412) can0 129#00000000000000C0
(6.571580) can0 174#F87F00007C6A0B08
(6.571750) can0 174#F57F0000826A0C3C
(6.581655) can0 178#5A800000DE950C94
(6.581826) can0 17C#00000000D97F0C25
(6.581996) can0 290#0050000000000000
(6.591920) can0 120#0000001001000031
(6.592081) can0 121#0000000000000020
(6.592243) can0 129#0000000000000020
(6.592406) can0 540#02000000110000EB
(6.592535) can0 550#10000000000000D0
(6.602141) can0 174#F87F00008F6A0E65
(6.602310) can0 120#0000001001000051
(6.602486) can0 121#0000000000000040
(6.612384) can0 129#0000000000000040
(6.612555) can0 541#0280000000000000
(6.612677) can0 174#F87F00008F6A0F78
(6.612834) can0 174#F27F0000846A002B
(6.622627) can0 178#22800423C2950085
(6.622789) can0 17C#00000000D47F003C
(6.622952) can0 121#0000000000000060
(6.632907) can0 129#0000000000000060
(6.633086) can0 174#EF7F0000786A01EB
(6.633248) can0 174#EF7F00006D6A025D
(6.643113) can0 178#32800622CA950243
(6.643275) can0 17C#00000000EC7F0222
(6.643437) can0 290#0010000000000000
(6.653370) can0 300#0F00000000000000
(6.653500) can0 550#1000000000000030
(6.653648) can0 174#F57F00006E6A031D
(6.653810) can0 174#F57F0000736A04D3
(6.653972) can0 178#27800823C4950402
(6.663599) can0 17C#00000000D07F044E
(6.663762) can0 174#F57F00007B6A05C2
(6.663924) can0 178#16800920C2950541
(6.673844) can0 17C#00000000C57F05C2
(6.674006) can0 174#FA7F0000846A06B7
(6.674168) can0 178#06800A21C49506F9
(6.684085) can0 17C#00000000BA7F062B
(6.684248) can0 174#FD7F0000896A07A1
(6.684410) can0 178#FA7F0B29CA950700
(6.694328) can0 17C#00000000A47F0727
(6.694499) can0 290#0030000000000000
(6.694662) can0 12B#0000000000012003
(6.704587) can0 550#1000000000000050
(6.704750) can0 174#FD7F0000866A089C
(6.704919) can0 178#FD7F0000CA9508B7
(6.705088) can0 174#FA7F0000826A0909
(6.714817) can0 178#0B800000C595095F
(6.714979) can0 17C#00000000997F092C
(6.715142) can0 174#F57F0000896A0AF2
(6.725062) can0 178#1C8000FFBF950AAE
(6.725224) can0 17C#00000000AD7F0A25
(6.725393) can0 174#F57F00008F6A0BEA
(6.735300) can0 178#30800000BC950B4D
(6.735462) can0 17C#00000000C07F0BED
(6.735632) can0 290#0030000000000000
(6.735755) can0 174#FA7F00008F6A0CE5
(6.745551) can0 178#30800120BE950C3D
(6.745713) can0 17C#00000000CB7F0C3E
(6.745876) can0 290#0050000000000000
(6.755799) can0 12B#0000000000012003
(6.755921) can0 174#FA7F0000896A0DFD
(6.756067) can0 178#24800222C2950D2B
(6.756229) can0 17C#00000000CB7F0D23
(6.756392) can0 178#1C800326C7950EA5
(6.766029) can0 17C#00000000C27F0E87
(6.766191) can0 290#0040000000000000
(6.766354) can0 12B#0000000000012003
(6.766484) can0 17C#00000000AC7F0FC3
(6.776272) can0 290#0010000000000000
(6.776435) can0 12B#0000000000012003
(6.776565) can0 290#0010000000000000
(6.776671) can0 12B#0000000000011003
(6.776825) can0 128#1388030000EC78A2
(6.786516) can0 290#0030000000000000
(6.786679) can0 12B#0000000000012003
(6.786844) can0 12A#1268012000000000
(6.786965) can0 540#02000000110000EB
(6.787072) can0 290#0020000000000000
(6.796757) can0 12B#0000000000011003
(6.796920) can0 128#1388030000EC78C2
(6.797081) can0 290#0020000000000000
(6.797204) can0 12B#0000000000012003
(6.807003) can0 174#F87F00007C6A04B3
(6.807211) can0 290#0040000000000000
(6.807394) can0 12B#0000000000012003
(6.807539) can0 128#1388030000EC7822
(6.807683) can0 290#0050000000000000
(6.817259) can0 12B#0000000000011003
(6.817422) can0 174#EC7F00008A6A06D4
(6.817592) can0 178#0E800000C295065A
(6.827494) can0 290#0020000000000000
(6.827657) can0 12B#0000000000012003
(6.827825) can0 128#1388030000EC7842
(6.837729) can0 290#0020000000000000
(6.837852) can0 12B#0000000000012003
(6.837958) can0 450#0000000009000000
(6.838065) can0 174#F57F00007B6A0843
(6.838211) can0 290#0040000000000000
(6.838381) can0 12B#0000000000011003
(6.847972) can0 128#1388030000EC7862
(6.848140) can0 290#0020000000000000
(6.848335) can0 12B#0000000000012003
(6.858215) can0 174#FA7F0000866A0A28
(6.858384) can0 178#46800221CC950AC0
(6.858560) can0 290#0020000000000000
(6.858682) can0 12B#0000000000011003
(6.868476) can0 128#1388030000EC7882
(6.868644) can0 290#0030000000000000
(6.868817) can0 12B#0000000000012003
(6.868979) can0 12A#1268012000000000
(6.869101) can0 128#1388030000EC78A2
(6.878701) can0 12E#00000000000000A0
(6.878872) can0 450#0000000009000000
(6.878995) can0 120#00000010010000B1
(6.879141) can0 174#F57F0000866A0E00
(6.888944) can0 178#1C800624C1950E58
(6.889106) can0 17C#00000000CC7F0E8E
(6.889268) can0 120#00000010010000D1
(6.899187) can0 121#00000000000000C0
(6.899349) can0 129#00000000000000C0
(6.899519) can0 174#FA7F0000896A0FC7
(6.909430) can0 174#FD7F00008D6A00F4
(6.909600) can0 178#27800820B6950087
(6.909762) can0 17C#00000000D77F00B0
(6.919686) can0 5A0#00692000000000A9
(6.919855) can0 120#0000001001000031
(6.920017) can0 121#0000000000000020
(6.920179) can0 129#0000000000000020
(6.929916) can0 174#F57F0000926A0282
(6.930078) can0 178#00800000BF9502E2
(6.930247) can0 17C#00000000B27F0253
(6.940159) can0 290#0010000000000000
(6.940322) can0 120#0000001001000051
(6.940491) can0 121#0000000000000040
(6.950402) can0 129#0000000000000040
(6.950572) can0 174#F57F00008D6A0452
(6.950734) can0 178#08800239C1950485
(6.960645) can0 17C#00000000D47F0448
(6.960808) can0 120#0000001001000071
(6.960970) can0 121#0000000000000060
(6.970905) can0 129#0000000000000060
(6.971067) can0 174#F57F00008C6A05C0
(6.971229) can0 540#02000000110000EB
(6.971352) can0 550#1000000000000050
(6.971459) can0 174#F57F00008D6A0668
(6.971612) can0 120#0000001001000091
(6.981131) can0 121#0000000000000080
(6.981336) can0 129#0000000000000080
(6.981537) can0 174#F27F0000896A0846
(6.991374) can0 178#24800000C1950877
(6.991544) can0 17C#00000000D07F08D2
(6.991715) can0 290#0040000000000000
(7.001617) can0 12B#0000000000012004
(7.001786) can0 128#1388030000EC78A2
(7.001906) can0 120#00000010010000B1
(7.002058) can0 121#00000000000000A0
(7.011861) can0 129#00000000000000A0
(7.012030) can0 174#F87F0000846A0A91
(7.012204) can0 178#14800220BE950ACB
(7.022110) can0 17C#00000000EC7F0ACA
(7.022272) can0 121#00000000000000C0
(7.022433) can0 129#00000000000000C0
(7.032359) can0 300#0F00000000000000
(7.032485) can0 550#1000000000000070
(7.032632) can0 174#EF7F00007F6A0BB3
(7.032794) can0 174#EC7F00007F6A0C07
(7.032955) can0 178#06800420C4950CA0
(7.042588) can0 17C#00000000BE7F0CFF
(7.042750) can0 174#EC7F0000846A0D12
(7.042912) can0 178#11800523CD950DD9
(7.052834) can0 17C#000000009F7F0D5D
(7.052996) can0 290#0030000000000000
(7.053158) can0 174#F57F0000866A0E00
(7.063074) can0 178#22800632D4950E52
(7.063236) can0 17C#00000000967F0EF9
(7.063398) can0 174#F87F00008A6A0FF1
(7.073317) can0 178#27800721D5950F01
(7.073485) can0 17C#000000009E7F0FE8
(7.073647) can0 550#1000000000000090
(7.083575) can0 174#F57F00008F6A0025
(7.083737) can0 178#1C800827CA9500D2
(7.083898) can0 174#EA7F0000946A0145
(7.084060) can0 178#16800000BE950120
(7.093804) can0 17C#00000000AF7F01E9
(7.093966) can0 290#0030000000000000
(7.094088) can0 174#E77F0000956A020B
(7.094241) can0 178#14800120B9950217
(7.104046) can0 17C#00000000B27F0253
(7.104208) can0 290#0030000000000000
(7.104331) can0 174#E77F0000926A039C
(7.104485) can0 178#14800000BF95032F
(7.114289) can0 17C#00000000A47F0353
(7.114451) can0 174#EA7F00008C6A0438
(7.114619) can0 178#0E800112CC950401
(7.124533) can0 17C#00000000917F04A1
(7.124696) can0 550#10000000000000B0
(7.124860) can0 174#EA7F0000866A052A
(7.134788) can0 178#1180020FD095053F
(7.134951) can0 17C#00000000937F05BF
(7.135113) can0 174#EC7F0000826A06D8
(7.135275) can0 178#11800302D095063D
(7.145023) can0 17C#00000000977F069E
(7.145186) can0 174#EF7F00007C6A07A3
(7.145355) can0 178#11800405C795074D
(7.155268) can0 17C#00000000997F078A
(7.155430) can0 290#0050000000000000
(7.155602) can0 178#0B800512BF9508D8
(7.165517) can0 17C#00000000937F083E
(7.165679) can0 290#0020000000000000
(7.165845) can0 12B#0000000000012004
(7.165973) can0 17C#00000000907F09AF
(7.175782) can0 290#0040000000000000
(7.175962) can0 12B#0000000000012004
(7.176083) can0 12A#1228012000000000
(7.176236) can0 290#0040000000000000
(7.176384) can0 12B#0000000000012004
(7.176496) can0 128#1388030000EC7842
(7.185992) can0 12E#0000000000000040
(7.186155) can0 290#0040000000000000
(7.186277) can0 12B#0000000000012005
(7.186424) can0 174#FA7F00008D6A0CE6
(7.186590) can0 290#0030000000000000
(7.196249) can0 12B#0000000000012004
(7.196411) can0 128#1388030000EC7862
(7.196579) can0 290#0040000000000000
(7.206483) can0 12B#0000000000012004
(7.206605) can0 174#F57F0000956A0E94
(7.206751) can0 178#F27F0B03DA950ECE
(7.206913) can0 17C#00000000917F0E73
(7.216718) can0 290#0040000000000000
(7.216848) can0 12B#0000000000012004
(7.216954) can0 128#1388030000EC7882
(7.217099) can0 12E#0000000000000080
(7.217262) can0 12A#1228012000000000
(7.217383) can0 12C#0000000000000000
(7.217496) can0 290#0010000000000000
(7.226961) can0 12B#0000000000011004
(7.227124) can0 450#0000000000000000
(7.227288) can0 290#0040000000000000
(7.237204) can0 12B#0000000000012005
(7.237367) can0 128#1388030000EC78A2
(7.237536) can0 290#0030000000000000
(7.247461) can0 12B#0000000000012004
(7.247628) can0 174#008000008D6A0288
(7.247790) can0 290#0040000000000000
(7.247960) can0 12B#0000000000012004
(7.248082) can0 128#1388030000EC78C2
(7.257690) can0 12E#00000000000000C0
(7.257857) can0 290#0040000000000000
(7.257979) can0 12B#0000000000012004
(7.258085) can0 12A#1228012000000000
(7.258191) can0 290#0030000000000000
(7.258346) can0 12B#0000000000012004
(7.258475) can0 128#1388030000EC7822
(7.267933) can0 290#0030000000000000
(7.268056) can0 12B#0000000000012005
(7.268202) can0 174#FA7F00008C6A06BB
(7.268371) can0 128#1388030000EC7842
(7.278176) can0 12E#0000000000000040
(7.278347) can0 120#0000001001000051
(7.278523) can0 174#FA7F0000826A0814
(7.288419) can0 178#D07F0321CA950857
(7.288593) can0 17C#00000000C27F08C9
(7.288763) can0 290#0030000000000000
(7.288885) can0 12B#0000000000012004
(7.298676) can0 12A#1228012000000000
(7.298804) can0 12C#0000000000000000
(7.298910) can0 5A0#0069200000000069
(7.299058) can0 450#0000000000000000
(7.299181) can0 174#FD7F00007C6A0A21
(7.299327) can0 178#D07F0523B6950A69
(7.299497) can0 17C#00000000B77F0A32
(7.308905) can0 120#0000001001000091
(7.309073) can0 121#0000000000000080
(7.309236) can0 129#0000000000000080
(7.319184) can0 174#FD7F0000786A0C69
(7.319362) can0 178#D07F0724A2950C19
(7.319532) can0 17C#00000000BE7F0CFF
(7.329391) can0 120#00000010010000B1
(7.329561) can0 121#00000000000000A0
(7.329723) can0 129#00000000000000A0
(7.339634) can0 540#02000000110000EB
(7.339756) can0 550#1000000000000090
(7.339904) can0 174#F27F0000896A0E08
(7.340066) can0 178#C27F0920B4950E65
(7.349892) can0 17C#00000000D77F0E16
(7.350055) can0 120#00000010000000D0
(7.350216) can0 121#00000000000000C0
(7.350378) can0 129#00000000000000C0
(7.360120) can0 174#F57F00008D6A0026
(7.360282) can0 178#D97F0B29C9950057
(7.360443) can0 17C#00000000E77F0098
(7.370363) can0 120#0000001000000030
(7.370533) can0 121#0000000000000020
(7.370695) can0 129#0000000000000020
(7.380606) can0 174#038000008F6A026C
(7.380768) can0 178#C57F0000C99502ED
(7.380930) can0 17C#00000000E77F02A2
(7.390851) can0 120#0000001000000050
(7.391013) can0 121#0000000000000040
(7.391175) can0 129#0000000000000040
(7.401092) can0 300#0F00000000000000
(7.401215) can0 174#008000009B6A04DB
(7.401369) can0 178#C57F0000C19504AF
(7.401545) can0 17C#00000000D47F0448
(7.411348) can0 121#0000000000000060
(7.411519) can0 129#0000000000000060
(7.411688) can0 174#008000009F6A05C0
(7.411855) can0 174#F57F00009B6A0675
(7.421578) can0 178#EA7F0222B7950652
(7.421747) can0 17C#000000000080068D
(7.421918) can0 290#0040000000000000
(7.431821) can0 174#F27F0000926A0765
(7.431991) can0 178#FA7F0326C195079F
(7.432153) can0 17C#000000000D800715
(7.442063) can0 550#10000000000000D0
(7.442227) can0 174#EF7F0000876A0810
(7.442389) can0 178#00800425CD950857
(7.452306) can0 17C#00000000FD7F0867
(7.452476) can0 290#0030000000000000
(7.452639) can0 174#EF7F00007F6A0989
(7.462564) can0 178#00800520D79509E4
(7.462726) can0 17C#00000000EC7F09ED
(7.462889) can0 290#0040000000000000
(7.463052) can0 174#F27F0000766A0A72
(7.472792) can0 178#FD7F0621D5950AA5
(7.472954) can0 17C#00000000EF7F0A46
(7.473117) can0 290#0040000000000000
(7.473239) can0 12B#0000000000012003
(7.483035) can0 174#F87F0000716A0B8D
(7.483197) can0 178#FD7F0721C9950BC0
(7.483359) can0 17C#00000000F87F0BC9
(7.493278) can0 290#0010000000000000
(7.493441) can0 12B#0000000000012004
(7.493608) can0 174#F87F00007B6A0CD1
(7.503523) can0 178#06800820C1950CEB
(7.503685) can0 17C#00000000FD7F0C13
(7.503852) can0 290#0040000000000000
(7.513778) can0 300#0F00000000000000
(7.513936) can0 550#1000000000000030
(7.514100) can0 174#F27F0000876A0D26
(7.514262) can0 178#08800925C7950D4B
(7.514424) can0 17C#00000000EF7F0D15
(7.524007) can0 174#EF7F00008A6A0EDB
(7.524169) can0 178#0B800A29D0950E75
(7.524331) can0 17C#00000000D17F0E13
(7.534250) can0 174#F27F0000896A0F15
(7.534412) can0 178#11800000D4950F57
(7.534580) can0 17C#00000000BE7F0FD8
(7.544498) can0 174#FA7F0000896A007C
(7.544660) can0 178#11800120CF950054
(7.544825) can0 17C#00000000C37F00AE
(7.554736) can0 290#0010000000000000
(7.554899) can0 12B#0000000000012004
(7.555021) can0 128#1388030000EC7862
(7.555166) can0 174#008000008F6A01AC
(7.564987) can0 178#03800000CA9501E3
(7.565156) can0 17C#00000000C37F01B3
(7.565345) can0 174#00800000946A0213
(7.565522) can0 178#F87F0120C99502FD
(7.575240) can0 17C#00000000B77F02DA
(7.575403) can0 290#0010000000000000
(7.575535) can0 178#F57F0221C29503A5
(7.575682) can0 17C#00000000B37F03C1
(7.585476) can0 290#0050000000000000
(7.585639) can0 12B#0000000000012004
(7.585761) can0 174#F87F0000976A04A3
(7.585908) can0 17C#00000000C37F04DA
(7.595708) can0 290#0040000000000000
(7.595871) can0 12B#0000000000012003
(7.596034) can0 128#1388030000EC78A2
(7.605951) can0 290#0020000000000000
(7.606114) can0 12B#0000000000012003
(7.606236) can0 174#EF7F0000946A0622
(7.606382) can0 290#0040000000000000
(7.616194) can0 12B#0000000000012004
(7.616356) can0 128#1388030000EC78C2
(7.616526) can0 290#0010000000000000
(7.626450) can0 12B#0000000000012003
(7.626619) can0 550#1000000000000070
(7.626783) can0 290#0020000000000000
(7.626946) can0 12B#0000000000012004
(7.636680) can0 128#1388030000EC7822
(7.636843) can0 12E#0000000000000020
(7.637006) can0 290#0000000000000000
(7.646923) can0 12B#0000000000012003
(7.647085) can0 174#FA7F00007C6A0AAF
(7.647247) can0 290#0020000000000000
(7.657166) can0 12B#0000000000012003
(7.657287) can0 128#1388030000EC7842
(7.657433) can0 290#0040000000000000
(7.657604) can0 12B#0000000000012004
(7.667409) can0 12A#1228012000000000
(7.667534) can0 290#0020000000000000
(7.667681) can0 12B#0000000000012003
(7.667847) can0 128#1388030000EC7862
(7.677665) can0 290#0020000000000000
(7.677788) can0 12B#0000000000012004
(7.677934) can0 174#F27F0000846A0E8D
(7.678096) can0 178#F87F0321D0950EB3
(7.678265) can0 17C#00000000BB7F0E4C
(7.687895) can0 290#0010000000000000
(7.688058) can0 12B#0000000000012003
(7.688264) can0 128#1388030000EC7882
(7.698137) can0 12E#0000000000000080
(7.698309) can0 290#0040000000000000
(7.698476) can0 12B#0000000000012004
(7.708380) can0 174#F57F00008C6A00A9
(7.708558) can0 128#1388030000EC78A2
(7.708719) can0 12E#00000000000000A0
(7.718623) can0 12A#1228012000000000
(7.718751) can0 12C#0000000000000000
(7.718857) can0 12B#0000000000012004
(7.718963) can0 550#10000000000000B0
(7.719111) can0 450#0000000000000000
(7.719234) can0 120#00000010000000D0
(7.719380) can0 121#00000000000000C0
(7.728882) can0 129#00000000000000C0
(7.729044) can0 174#FA7F0000826A0488
(7.729206) can0 178#FD7F0332C9950451
(7.729375) can0 17C#00000000D67F044B
(7.739109) can0 290#0050000000000000
(7.739272) can0 12B#0000000000012003
(7.739435) can0 120#0000001000000030
(7.749352) can0 121#0000000000000020
(7.749523) can0 129#0000000000000020
(7.749685) can0 540#02000000110000EB
(7.749808) can0 174#F57F0000846A06EB
(7.759595) can0 178#F27F0523C79506E7
(7.759757) can0 120#0000001000000050
(7.759919) can0 121#0000000000000040
(7.769840) can0 129#0000000000000040
(7.770002) can0 174#FA7F0000826A0814
(7.770164) can0 178#EA7F0721C19508DC
(7.780081) can0 17C#00000000C87F08C6
(7.780244) can0 120#0000001000000070
(7.780405) can0 121#0000000000000060
(7.790337) can0 129#0000000000000060
(7.790506) can0 174#03800000816A09AA
(7.790669) can0 174#03800000826A0A01
(7.790832) can0 178#E47F0000BC950AF6
(7.800567) can0 17C#00000000BB7F0A38
(7.800730) can0 290#0040000000000000
(7.800893) can0 120#0000001000000090
(7.810815) can0 121#0000000000000080
(7.810977) can0 129#0000000000000080
(7.811139) can0 300#0F00000000000000
(7.811262) can0 450#0000000000000000
(7.811373) can0 174#F27F0000876A0C3B
(7.821053) can0 178#D07F0000BE950C04
(7.821215) can0 120#00000010000000B0
(7.821385) can0 121#00000000000000A0
(7.831296) can0 129#00000000000000A0
(7.831458) can0 174#E47F00008C6A0EEB
(7.831627) can0 178#F27F020FC7950E9C
(7.841559) can0 17C#00000000E27F0EB7
(7.841722) can0 290#0020000000000000
(7.841893) can0 121#00000000000000C0
(7.842063) can0 129#00000000000000C0
(7.851782) can0 174#E77F00008C6A0F11
(7.851950) can0 174#EF7F0000876A00F8
(7.852112) can0 178#F27F0405D4950074
(7.862031) can0 17C#00000000DB7F00BA
(7.862193) can0 541#0280000000000000
(7.862323) can0 450#0000000000000000
(7.862430) can0 174#F87F0000866A015D
(7.862584) can0 178#EA7F0512CC9501AD
(7.872313) can0 174#FD7F0000876A02C1
(7.872503) can0 178#E77F0614C195023E
(7.872664) can0 17C#00000000D47F0206
(7.882512) can0 290#0040000000000000
(7.882675) can0 12B#0000000000012003
(7.882797) can0 128#1388030000EC7842
(7.882942) can0 174#00800000896A0393
(7.892767) can0 178#E47F072FBC95032A
(7.892929) can0 17C#00000000E17F03BA
(7.893098) can0 290#0050000000000000
(7.893285) can0 12B#0000000000012003
(7.893410) can0 174#00800000846A0445
(7.902996) can0 178#DE7F0802B9950437
(7.903158) can0 17C#00000000EF7F04E0
(7.903321) can0 300#0F00000000000000
(7.903444) can0 174#FA7F0000786A0512
(7.913239) can0 178#D37F090FB99505E9
(7.913401) can0 17C#00000000EA7F0574
(7.913572) can0 450#0000000000000000
(7.913695) can0 174#EF7F0000716A063B
(7.923490) can0 178#C27F0A13C1950627
(7.923652) can0 17C#00000000E17F06D3
(7.923816) can0 290#0020000000000000
(7.933725) can0 12B#0000000000012003
(7.933847) can0 128#1388030000EC7882
(7.933993) can0 174#EC7F0000766A074B
(7.934155) can0 178#B77F0B03CA9507C9
(7.943971) can0 17C#00000000DF7F07EF
(7.944134) can0 174#EC7F00007F6A0873
(7.944295) can0 178#BA7F0C08CD950833
(7.944456) can0 17C#00000000E17F0875
(7.954227) can0 174#F57F0000896A09D5
(7.954389) can0 178#C27F0D2FCA9509AA
(7.954559) can0 17C#00000000E47F09E1
(7.964454) can0 290#0020000000000000
(7.964584) can0 12B#0000000000012003
(7.964690) can0 174#FA7F0000926A0A36
(7.964838) can0 178#CB7F0E07C7950AEF
(7.965008) can0 17C#00000000E17F0A4F
(7.974697) can0 290#0050000000000000
(7.974872) can0 12B#0000000000012003
(7.974994) can0 128#1388030000EC78C2
(7.975139) can0 12E#00000000000000C0
(7.984945) can0 174#FA7F0000926A0B2B
(7.985107) can0 178#D07F0F0DC7950BAF
(7.985276) can0 17C#00000000DF7F0B73
(7.995183) can0 290#0040000000000000
(7.995346) can0 174#FA7F00008C6A0C69
(7.995516) can0 178#D37F0002C1950C0A
(8.005445) can0 17C#00000000EA7F0C81
(8.005613) can0 178#D07F0108BB950D66
(8.005774) can0 17C#00000000F87F0D87
(8.005936) can0 290#0050000000000000
(8.015669) can0 12B#0000000000012003
(8.015790) can0 17C#00000000ED7F0E31
(8.015937) can0 290#0020000000000000
(8.016099) can0 12B#0000000000012002
(8.025912) can0 128#1388030000EC7842
(8.026073) can0 12E#0000000000000040
(8.026235) can0 12A#1228012000000000
(8.026356) can0 12C#0000000000000000
(8.026461) can0 290#0040000000000000
(8.036155) can0 12B#0000000000013003
(8.036317) can0 550#10000000000000B0
(8.036483) can0 290#0040000000000000
(8.036601) can0 12B#0000000000012002
(8.036751) can0 128#1388030000EC7862
(8.046398) can0 290#0050000000000000
(8.046575) can0 12B#0000000000012002
(8.046697) can0 174#FD7F0000746A02C5
(8.046845) can0 290#0040000000000000
(8.056654) can0 12B#0000000000012003
(8.056822) can0 128#1388030000EC7882
(8.056983) can0 12E#0000000000000080
(8.057145) can0 290#0030000000000000
(8.066889) can0 12B#0000000000012002
(8.067051) can0 12A#1228012000000000
(8.067172) can0 540#02000000110000EB
(8.067278) can0 290#0030000000000000
(8.067385) can0 12B#0000000000012002
(8.067496) can0 128#1388030000EC78A2
(8.067641) can0 290#0050000000000000
(8.077127) can0 12B#0000000000012002
(8.077248) can0 174#FD7F0000916A06A8
(8.077394) can0 290#0050000000000000
(8.077524) can0 12B#0000000000012002
(8.077629) can0 128#1388030000EC78C2
(8.077774) can0 290#0040000000000000
(8.087370) can0 12B#0000000000013002
(8.087536) can0 174#EF7F00007E6A081B
(8.087698) can0 290#0020000000000000
(8.097612) can0 12B#0000000000012002
(8.097775) can0 128#1388030000EC7822
(8.097935) can0 12E#0000000000000020
(8.107871) can0 290#0030000000000000
(8.108034) can0 12B#0000000000012002
(8.108160) can0 550#1000000000000030
(8.108317) can0 450#0000010000000000
(8.108492) can0 12B#0000000000012002
(8.108614) can0 128#1388030000EC7842
(8.118098) can0 12E#0000000000000040
(8.118267) can0 12B#0000000000012002
(8.118389) can0 174#FA7F0000816A0CEC
(8.118551) can0 178#EC7F00FFBC950CCC
(8.128347) can0 120#0000001000000070
(8.128524) can0 121#0000000000000060
(8.128686) can0 129#0000000000000060
(8.138590) can0 540#02000000110000EB
(8.138712) can0 174#EF7F0000986A0EC0
(8.138867) can0 178#FA7F0120BE950E19
(8.139029) can0 120#0000001000000090
(8.148835) can0 121#0000000000000080
(8.148997) can0 129#0000000000000080
(8.149159) can0 541#0280000000000000
(8.149282) can0 174#EA7F00008C6A004C
(8.159070) can0 178#08800326C495005F
(8.159232) can0 17C#000000000E8000CA
(8.159395) can0 290#0020000000000000
(8.169327) can0 120#00000010000000B0
(8.169496) can0 121#00000000000000A0
(8.169658) can0 129#00000000000000A0
(8.169825) can0 174#EF7F00007F6A0246
(8.179557) can0 178#FD7F0520CA9502F0
(8.179719) can0 17C#00000000DB7F0280
(8.179896) can0 120#00000010000000D0
(8.189799) can0 121#00000000000000C0
(8.189961) can0 129#00000000000000C0
(8.190124) can0 450#0000010000000000
(8.190282) can0 174#FA7F00008C6A0481
(8.200042) can0 178#F27F0721C595042D
(8.200204) can0 17C#00000000E97F04E5
(8.200366) can0 290#0030000000000000
(8.210285) can0 120#0000001000000030
(8.210447) can0 121#0000000000000020
(8.210614) can0 129#0000000000000020
(8.220543) can0 174#00800000986A066D
(8.220705) can0 178#08800925BB9506C6
(8.220868) can0 17C#00000000E57F06D5
(8.221030) can0 120#0000001000000050
(8.230771) can0 121#0000000000000040
(8.230933) can0 129#0000000000000040
(8.231095) can0 540#02000000110000EB
(8.231218) can0 174#F27F00009B6A085D
(8.241014) can0 178#24800000DA9508EF
(8.241176) can0 17C#00000000D17F085D
(8.241346) can0 121#0000000000000060
(8.251266) can0 129#0000000000000060
(8.251428) can0 541#0280000000000000
(8.251557) can0 450#0000010000000000
(8.251670) can0 174#EF7F0000846A0AA6
(8.251818) can0 178#27800000D7950AB7
(8.261508) can0 17C#00000000DE7F0AE1
(8.261678) can0 290#0010000000000000
(8.261856) can0 174#EF7F00007C6A0B3F
(8.271764) can0 178#22800120CA950B23
(8.271926) can0 17C#00000000E47F0BDB
(8.272096) can0 290#0010000000000000
(8.272219) can0 174#EF7F00007C6A0C6C
(8.272365) can0 178#2A800221C2950C8D
(8.281991) can0 17C#00000000DF7F0C20
(8.282154) can0 300#0F00000000000000
(8.282276) can0 174#EA7F00007C6A0D45
(8.282422) can0 178#3B800324C1950D41
(8.292229) can0 17C#00000000D67F0DBE
(8.292391) can0 450#0000010000000000
(8.292522) can0 174#EA7F00007C6A0E62
(8.292668) can0 178#4980042FC9950EF5
(8.302476) can0 174#EF7F0000826A0FCA
(8.302644) can0 178#40800512CF950F28
(8.302817) can0 17C#00000000BE7F0FD8
(8.312714) can0 290#0040000000000000
(8.312878) can0 174#F27F0000876A00A7
(8.313040) can0 178#2D800624D29500E1
(8.322960) can0 17C#00000000C57F00AB
(8.323123) can0 174#F87F00008D6A01DD
(8.323285) can0 178#27800726D49501DC
(8.323445) can0 17C#00000000D77F01AD
(8.333216) can0 174#FA7F00009A6A02D2
(8.333378) can0 178#22800820D09502DC
(8.333548) can0 17C#00000000ED7F02AD
(8.343443) can0 290#0020000000000000
(8.343621) can0 174#FA7F00009B6A0340
(8.343783) can0 178#24800925C7950339
(8.353686) can0 17C#00000000FD7F03A8
(8.353855) can0 290#0030000000000000
(8.354018) can0 174#F57F00008F6A0451
(8.363929) can0 178#35800000C4950486
(8.364091) can0 17C#00000000FD7F04FB
(8.364254) can0 290#0030000000000000
(8.364376) can0 12B#0000000000012002
(8.364490) can0 174#F57F0000846A05CC
(8.374172) can0 178#46800125C9950502
(8.374370) can0 17C#00000000F27F0560
(8.374556) can0 174#F87F0000866A060E
(8.384429) can0 178#4C800239D095069F
(8.384596) can0 17C#00000000E47F065A
(8.384758) can0 178#4C800321D0950751
(8.384928) can0 17C#00000000D77F07E3
(8.394658) can0 290#0010000000000000
(8.394825) can0 17C#00000000CC7F08C0
(8.394987) can0 290#0040000000000000
(8.404906) can0 12B#0000000000012002
(8.405028) can0 128#1388030000EC78A2
(8.405182) can0 12E#00000000000000A0
(8.405344) can0 120#00000010000000B0
(8.415144) can0 121#00000000000000A0
(8.415306) can0 290#0030000000000000
(8.415476) can0 12B#0000000000012002
(8.415598) can0 174#FA7F0000766A0AA0
(8.425392) can0 178#11800000BB950AE8
(8.425562) can0 290#0040000000000000
(8.425726) can0 12B#0000000000013002
(8.435644) can0 128#1388030000EC78C2
(8.435805) can0 290#0020000000000000
(8.435968) can0 12B#0000000000012002
(8.436131) can0 12A#1228012000000000
(8.436252) can0 540#02000000110000EB
(8.436359) can0 290#0010000000000000
(8.445884) can0 12B#0000000000012002
(8.446005) can0 128#1388030000EC7822
(8.446151) can0 290#0020000000000000
(8.446314) can0 12B#0000000000012002
(8.446436) can0 174#E47F0000846A0EE7
(8.456116) can0 290#0030000000000000
(8.456279) can0 12B#0000000000013002
(8.456442) can0 128#1388030000EC7842
(8.466359) can0 290#0010000000000000
(8.466530) can0 12B#0000000000012002
(8.466692) can0 174#EC7F00008C6A009F
(8.476602) can0 178#40800632DD95007C
(8.476764) can0 290#0030000000000000
(8.476927) can0 12B#0000000000012002
(8.477049) can0 128#1388030000EC7862
(8.486860) can0 290#0040000000000000
(8.487023) can0 12B#0000000000013002
(8.487186) can0 550#1000000000000070
(8.487349) can0 450#0000010000000000
(8.487486) can0 174#00800000916A029A
(8.497088) can0 290#0030000000000000
(8.497251) can0 12B#0000000000012003
(8.497413) can0 128#1388030000EC7882
(8.507331) can0 290#0040000000000000
(8.507510) can0 12B#0000000000012002
(8.507672) can0 174#F27F0000916A04CE
(8.517573) can0 128#1388030000EC78A2
(8.517735) can0 12E#00000000000000A0
(8.517857) can0 120#00000010000000B0
(8.517962) can0 121#00000000000000A0
(8.518067) can0 12B#0000000000012002
(8.518173) can0 12A#1228012000000000
(8.518286) can0 540#02000000110000EB
(8.518393) can0 550#1000000000000090
(8.518555) can0 120#00000010000000D0
(8.527818) can0 121#00000000000000C0
(8.527980) can0 129#00000000000000C0
(8.528142) can0 541#0280000000000000
(8.528308) can0 174#FD7F0000826A089A
(8.538059) can0 178#1C800302C19508EA
(8.538222) can0 17C#00000000CC7F08C0
(8.538351) can0 120#0000001000000030
(8.538511) can0 121#0000000000000020
(8.548321) can0 129#0000000000000020
(8.548497) can0 174#FA7F0000826A0909
(8.548659) can0 174#F87F0000846A0A91
(8.548832) can0 178#22800512C2950ACF
(8.558552) can0 17C#00000000B57F0A31
(8.558721) can0 290#0040000000000000
(8.558852) can0 12B#0000000000012003
(8.558998) can0 120#0000001000000050
(8.568794) can0 121#0000000000000040
(8.568956) can0 129#0000000000000040
(8.569118) can0 300#0F00000000000000
(8.569241) can0 450#0000010000000000
(8.569348) can0 174#F27F0000866A0CB4
(8.579031) can0 178#1680072FCA950CC6
(8.579193) can0 17C#00000000D47F0CA0
(8.579356) can0 120#0000001000000070
(8.589274) can0 121#0000000000000060
(8.589436) can0 129#0000000000000060
(8.589607) can0 174#EF7F00008A6A0EDB
(8.599532) can0 178#1180090FBF950EEF
(8.599694) can0 17C#00000000D07F0E9C
(8.599860) can0 290#0010000000000000
(8.600023) can0 120#0000001000000090
(8.609760) can0 121#0000000000000080
(8.609922) can0 129#0000000000000080
(8.610085) can0 174#F57F00008C6A0F12
(8.620003) can0 540#02000000110000EB
(8.620126) can0 174#F87F00008C6A004F
(8.620272) can0 178#11800B03BC9500C3
(8.620434) can0 120#00000010000000B0
(8.630246) can0 121#00000000000000A0
(8.630408) can0 129#00000000000000A0
(8.630575) can0 541#0280000000000000
(8.630702) can0 450#0000010000000000
(8.630819) can0 174#03800000896A0269
(8.640494) can0 178#F87F0D2FCF950252
(8.640656) can0 17C#00000000D37F028C
(8.640823) can0 290#0030000000000000
(8.650746) can0 121#00000000000000C0
(8.650908) can0 129#00000000000000C0
(8.651070) can0 174#008000007E6A0391
(8.651232) can0 174#00800000736A0447
(8.660975) can0 178#EC7F0F0DCA9504FC
(8.661137) can0 17C#00000000DF7F04C8
(8.661306) can0 300#0F00000000000000
(8.661429) can0 174#00800000706A05D6
(8.671218) can0 178#F57F0002BE95058D
(8.671380) can0 17C#00000000DE7F055A
(8.671550) can0 450#0000010000000000
(8.671673) can0 174#FA7F0000786A0635
(8.681461) can0 178#03800108B795068B
(8.681635) can0 17C#00000000D37F06F8
(8.681807) can0 174#F87F00007F6A0718
(8.691709) can0 178#11800000BC9507E3
(8.691879) can0 17C#00000000C27F0772
(8.692042) can0 290#0020000000000000
(8.701957) can0 12B#0000000000013002
(8.702120) can0 174#F57F0000826A0848
(8.702290) can0 178#08800128C795081A
(8.702500) can0 17C#00000000C37F0846
(8.712211) can0 290#0030000000000000
(8.712374) can0 12B#0000000000012003
(8.712545) can0 174#FA7F0000866A090F
(8.722433) can0 178#F27F0220CC95096D
(8.722602) can0 17C#00000000E17F0968
(8.722765) can0 290#0040000000000000
(8.732676) can0 174#FA7F0000876A0AA7
(8.732840) can0 178#E47F0321C9950A5E
(8.733002) can0 17C#00000000F77F0A52
(8.742918) can0 290#0020000000000000
(8.743082) can0 174#008000008C6A0BF2
(8.743244) can0 178#E77F0423C4950B0D
(8.753161) can0 17C#00000000EC7F0BD7
(8.753324) can0 290#0050000000000000
(8.753495) can0 12B#0000000000012002
(8.763418) can0 174#068000008C6A0C72
(8.763587) can0 178#EA7F0523C2950CD7
(8.763749) can0 17C#00000000CE7F0CB7
(8.763911) can0 290#0040000000000000
(8.773647) can0 12B#0000000000013003
(8.773810) can0 128#1388030000EC78A2
(8.773931) can0 12E#00000000000000A0
(8.774037) can0 120#00000010000000B0
(8.774142) can0 174#03800000876A0DDB
(8.774289) can0 178#EA7F0622C9950D69
(8.783892) can0 17C#00000000B57F0D62
(8.784054) can0 174#FA7F0000866A0E5C
(8.784216) can0 178#E47F0724CA950EC0
(8.794133) can0 17C#00000000B27F0ECF
(8.794296) can0 174#F27F0000846A0F90
(8.794458) can0 178#DE7F0823C9950F67
(8.804376) can0 17C#00000000BB7F0F51
(8.804547) can0 290#0030000000000000
(8.804710) can0 12B#0000000000013002
(8.814633) can0 550#1000000000000070
(8.814796) can0 174#EF7F0000826A0071
(8.814958) can0 178#E77F0920C795005C
(8.815120) can0 17C#00000000C57F00AB
(8.824870) can0 290#0020000000000000
(8.825033) can0 178#F87F0A21C495010B
(8.825202) can0 17C#00000000CE7F0136
(8.835105) can0 290#0030000000000000
(8.835268) can0 17C#00000000CE7F0211
(8.835431) can0 290#0030000000000000
(8.835562) can0 12B#0000000000012003
(8.845355) can0 128#1388030000EC7842
(8.845525) can0 290#0020000000000000
(8.845688) can0 12B#0000000000012003
(8.845810) can0 12A#1228012000000000
(8.845915) can0 540#02000000110000EB
(8.846022) can0 290#0050000000000000
(8.855591) can0 12B#0000000000013002
(8.855754) can0 128#1388030000EC7862
(8.855915) can0 290#0030000000000000
(8.865855) can0 12B#0000000000012003
(8.866017) can0 174#FA7F00007F6A06BF
(8.866179) can0 178#EF7F0000C495061B
(8.866341) can0 290#0000000000000000
(8.876086) can0 12B#0000000000012002
(8.876255) can0 128#1388030000EC7882
(8.876417) can0 290#0040000000000000
(8.886320) can0 12B#0000000000013003
(8.886491) can0 174#FA7F0000866A0812
(8.886698) can0 178#F27F0222CF9508DB
(8.896564) can0 290#0050000000000000
(8.896727) can0 12B#0000000000012003
(8.896890) can0 128#1388030000EC78A2
(8.906807) can0 290#0010000000000000
(8.906970) can0 12B#0000000000013002
(8.907133) can0 550#10000000000000B0
(8.917049) can0 290#0030000000000000
(8.917212) can0 12B#0000000000012003
(8.917374) can0 128#1388030000EC78C2
(8.927305) can0 12E#00000000000000C0
(8.927476) can0 290#0030000000000000
(8.927598) can0 12B#0000000000012002
(8.927745) can0 174#08800000816A0CF6
(8.927907) can0 178#D97F0621C7950CF6
(8.937536) can0 290#0050000000000000
(8.937699) can0 12B#0000000000013003
(8.937862) can0 128#1388030000EC7822
(8.947778) can0 290#0040000000000000
(8.947941) can0 12B#0000000000012002
(8.948103) can0 12A#1228012000000000
(8.948224) can0 540#02000000110000EB
(8.948339) can0 174#00800000746A0E1F
(8.958021) can0 12B#0000000000012002
(8.958147) can0 128#1388030000EC7842
(8.958312) can0 12E#0000000000000040
(8.958509) can0 290#0050000000000000
(8.968271) can0 12B#0000000000013002
(8.968434) can0 174#F57F0000826A00A0
(8.968610) can0 178#FA7F0A29B695007B
(8.978527) can0 17C#00000000C87F002E
(8.978690) can0 120#0000001000000070
(8.978861) can0 121#0000000000000060
(8.979023) can0 129#0000000000000060
(8.988757) can0 174#FA7F0000896A0161
(8.988919) can0 174#008000008C6A0207
(8.989081) can0 178#EA7F0120B99502B6
(8.998992) can0 17C#00000000D67F0205
(8.999155) can0 290#0040000000000000
(8.999318) can0 12C#0000000000000000
(8.999441) can0 5A0#0069200000000049
(9.009235) can0 120#0000001000000090
(9.009396) can0 450#0000010000000000
(9.009526) can0 174#FA7F00008D6A040E
(9.009671) can0 178#F87F0120BE950471
(9.019487) can0 120#00000010000000B0
(9.019648) can0 121#00000000000000A0
(9.019810) can0 129#00000000000000A0
(9.029735) can0 174#FA7F00008A6A0599
(9.029896) can0 174#FA7F0000866A06B4
(9.030058) can0 178#EF7F0324BC9506E5
(9.030219) can0 17C#0000000006800688
(9.039964) can0 120#00000010000000D0
(9.040125) can0 121#00000000000000C0
(9.040287) can0 129#00000000000000C0
(9.050207) can0 540#02000000110000EB
(9.050329) can0 174#FD7F0000926A0882
(9.050483) can0 178#D07F0512C7950866
(9.050644) can0 120#0000001000000030
(9.060450) can0 121#0000000000000020
(9.060619) can0 129#0000000000000020
(9.060780) can0 541#0280000000000000
(9.060903) can0 450#0000010000000000
(9.061009) can0 174#FA7F0000916A0ABA
(9.070729) can0 178#DC7F0726C1950A17
(9.070906) can0 17C#00000000CE7F0AF9
(9.071069) can0 120#0000001000000050
(9.080939) can0 121#0000000000000040
(9.081100) can0 129#0000000000000040
(9.081270) can0 174#F87F00008F6A0B0C
(9.081430) can0 174#F57F0000926A0C24
(9.091195) can0 178#00800925C1950C81
(9.091357) can0 17C#00000000E57F0C07
(9.091527) can0 121#0000000000000060
(9.101422) can0 129#0000000000000060
(9.101600) can0 300#0F00000000000000
(9.101723) can0 174#F57F0000956A0DB3
(9.101875) can0 450#0000010000000000
(9.102005) can0 174#F57F0000916A0E92
(9.111665) can0 178#16800125CF950EAF
(9.111836) can0 17C#0000000008800E69
(9.112007) can0 174#F57F0000846A0F1E
(9.121913) can0 178#0B800239D2950F39
(9.122089) can0 17C#00000000FD7F0F34
(9.122252) can0 174#F57F00007B6A00AB
(9.132151) can0 178#F87F0321D0950015
(9.132313) can0 17C#00000000DF7F00BC
(9.132483) can0 290#0010000000000000
(9.142407) can0 12B#0000000000012002
(9.142575) can0 128#1388030000EC78A2
(9.142736) can0 174#F87F0000786A01DC
(9.142898) can0 178#E77F0420C79501E9
(9.152637) can0 17C#00000000C27F013C
(9.152799) can0 290#0050000000000000
(9.152962) can0 12B#0000000000012002
(9.153084) can0 174#008000007E6A028C
(9.162882) can0 178#E47F0000C19502D3
(9.163044) can0 17C#00000000BB7F02D0
(9.163206) can0 450#0000010000000000
(9.163329) can0 174#008000008C6A031A
(9.173123) can0 178#EA7F0000C19503CF
(9.173284) can0 174#FD7F0000956A0494
(9.173446) can0 178#F87F0122C1950498
(9.183366) can0 17C#00000000C87F045A
(9.183536) can0 290#0020000000000000
(9.183699) can0 174#FD7F00009A6A050F
(9.193622) can0 178#FD7F0220C49505A1
(9.193784) can0 17C#00000000C57F05C2
(9.193946) can0 290#0030000000000000
(9.194109) can0 12B#0000000000012002
(9.194231) can0 174#03800000956A060F
(9.203853) can0 178#FD7F0332CA9506E7
(9.204015) can0 17C#00000000C57F06E5
(9.204177) can0 300#0F00000000000000
(9.204300) can0 174#068000008F6A0731
(9.214094) can0 178#00800420C7950730
(9.214256) can0 174#03800000896A08BB
(9.214418) can0 178#FA7F0523C7950893
(9.224337) can0 17C#00000000D47F08D4
(9.224506) can0 290#0030000000000000
(9.224629) can0 12B#0000000000012002
(9.224735) can0 128#1388030000EC7862
(9.224887) can0 12E#0000000000000060
(9.234580) can0 120#0000001000000070
(9.234742) can0 121#0000000000000060
(9.234863) can0 174#00800000846A09C4
(9.235010) can0 178#EC7F0632CD9509ED
(9.244844) can0 17C#00000000D17F0940
(9.245048) can0 290#0010000000000000
(9.245227) can0 174#00800000826A0AE6
(9.245405) can0 178#DC7F0721D4950A72
(9.255073) can0 17C#00000000CE7F0AF9
(9.255236) can0 290#0030000000000000
(9.255399) can0 178#E17F0827D7950BC6
(9.265314) can0 17C#00000000C97F0B6E
(9.265485) can0 290#0020000000000000
(9.265648) can0 12B#0000000000013002
(9.275554) can0 17C#00000000D17F0C29
(9.275716) can0 290#0010000000000000
(9.275886) can0 12B#0000000000012002
(9.285795) can0 128#1388030000EC78A2
(9.285956) can0 290#0010000000000000
(9.286078) can0 12B#0000000000012002
(9.286184) can0 174#008000009A6A0E86
(9.286331) can0 178#0B800000C7950E0F
(9.296038) can0 17C#00000000EF7F0E32
(9.296201) can0 290#0010000000000000
(9.296323) can0 12B#0000000000012002
(9.296429) can0 128#1388030000EC78C2
(9.296579) can0 290#0020000000000000
(9.306295) can0 12B#0000000000013002
(9.306457) can0 174#FA7F00008F6A0079
(9.306623) can0 290#0010000000000000
(9.306786) can0 12B#0000000000012002
(9.316525) can0 128#1388030000EC7822
(9.316686) can0 12E#0000000000000020
(9.316864) can0 290#0040000000000000
(9.326767) can0 12B#0000000000012002
(9.326889) can0 550#1000000000000030
(9.327036) can0 290#0030000000000000
(9.327199) can0 12B#0000000000012002
(9.327321) can0 128#1388030000EC7842
(9.337010) can0 12E#0000000000000040
(9.337172) can0 290#0050000000000000
(9.337336) can0 12B#0000000000013002
(9.347253) can0 174#F57F00007F6A04D9
(9.347415) can0 178#03800614B9950444
(9.347584) can0 17C#0000000011800420
(9.357511) can0 290#0020000000000000
(9.357674) can0 12B#0000000000012002
(9.357839) can0 128#1388030000EC7862
(9.358000) can0 290#0040000000000000
(9.367739) can0 12B#0000000000012002
(9.367861) can0 12A#1228012000000000
(9.367966) can0 540#02000000110000EB
(9.368073) can0 290#0000000000000000
(9.368220) can0 12B#0000000000012002
(9.368350) can0 128#1388030000EC7882
(9.368509) can0 12E#0000000000000080
(9.377982) can0 290#0010000000000000
(9.378145) can0 12B#0000000000013002
(9.378315) can0 174#FA7F0000916A0880
(9.388225) can0 178#16800A13C29508AB
(9.388395) can0 12B#0000000000012002
(9.388573) can0 128#1388030000EC78A2
(9.398475) can0 12E#00000000000000A0
(9.398644) can0 12B#0000000000012002
(9.398773) can0 174#F57F0000866A0A74
(9.398919) can0 178#14800C08BE950A0B
(9.408724) can0 12E#00000000000000C0
(9.408894) can0 12A#1228012000000000
(9.409015) can0 12C#0000000000000000
(9.409157) can0 5A0#00692000000000C9
(9.409320) can0 450#0000010000000000
(9.409443) can0 174#03800000826A0C4F
(9.409598) can0 178#19800E07BB950C96
(9.418954) can0 120#0000001000000030
(9.419115) can0 121#0000000000000020
(9.419277) can0 129#0000000000000020
(9.429196) can0 174#F57F00008D6A0E80
(9.429358) can0 178#16800002B7950E3F
(9.429528) can0 17C#00000000F77F0E26
(9.439439) can0 120#0000001000000050
(9.439607) can0 121#0000000000000040
(9.439769) can0 129#0000000000000040
(9.449682) can0 540#02000000110000EB
(9.449805) can0 174#EF7F0000866A0077
(9.449951) can0 178#22800000BF95000D
(9.450114) can0 120#0000001000000070
(9.459928) can0 121#0000000000000060
(9.460090) can0 129#0000000000000060
(9.460253) can0 541#0280000000000000
(9.460375) can0 174#EF7F0000826A024B
(9.460528) can0 178#0E800220B7950271
(9.470184) can0 17C#000000000D80027C
(9.470347) can0 290#0030000000000000
(9.470519) can0 12B#0000000000012002
(9.470641) can0 128#1388030000EC7882
(9.480411) can0 120#0000001000000090
(9.480579) can0 121#0000000000000080
(9.480742) can0 129#0000000000000080
(9.490654) can0 174#FA7F0000926A0490
(9.490818) can0 178#0B800423B695045F
(9.490980) can0 17C#00000000EA7F0469
(9.500898) can0 120#00000010000000B0
(9.501059) can0 121#00000000000000A0
(9.501221) can0 129#00000000000000A0
(9.511140) can0 450#0000010000000000
(9.511263) can0 174#FA7F00008A6A06BE
(9.511409) can0 178#40800622C7950600
(9.511579) can0 17C#00000000F47F0642
(9.521402) can0 121#00000000000000C0
(9.521572) can0 129#00000000000000C0
(9.521742) can0 174#F87F0000846A0710
(9.521912) can0 174#EF7F0000866A089F
(9.531633) can0 178#3E800823CA9508A1
(9.531795) can0 17C#00000000F77F0868
(9.531964) can0 290#0020000000000000
(9.541870) can0 174#EC7F00008C6A096A
(9.542040) can0 178#32800920C49509DE
(9.542202) can0 17C#00000000DE7F09C6
(9.552118) can0 290#0030000000000000
(9.552281) can0 12B#0000000000012002
(9.552403) can0 12A#1228012000000000
(9.552517) can0 174#EF7F0000926A0ABB
(9.552663) can0 178#32800A21C4950ADA
(9.562355) can0 17C#00000000D07F0AE8
(9.562526) can0 450#0000010000000000
(9.562649) can0 174#FA7F00008F6A0BB6
(9.562795) can0 178#35800B29CD950B3C
(9.572611) can0 17C#00000000CE7F0BE4
(9.572774) can0 174#038000008C6A0C46
(9.572943) can0 178#38800000D4950C90
(9.573122) can0 17C#00000000D17F0C29
(9.582843) can0 174#03800000866A0D54
(9.583005) can0 178#32800000D4950DE5
(9.583203) can0 17C#00000000D47F0DBD
(9.593084) can0 174#FD7F0000866A0ED2
(9.593245) can0 178#248000FFCA950E1F
(9.593407) can0 17C#00000000D17F0E13
(9.603327) can0 300#0F00000000000000
(9.603449) can0 174#F57F0000876A0F92
(9.603599) can0 178#16800000C7950F4D
(9.603761) can0 174#F27F00008C6A0027
(9.613574) can0 178#0E800120C79500BD
(9.613736) can0 17C#00000000B87F0066
(9.613898) can0 174#EF7F00008C6A0165
(9.623828) can0 178#14800222C79501E8
(9.623990) can0 17C#00000000AC7F0165
(9.624152) can0 290#0050000000000000
(9.624315) can0 12B#0000000000012002
(9.624437) can0 174#F57F00008A6A0296
(9.634055) can0 178#27800326CA95025F
(9.634217) can0 17C#00000000B77F02DA
(9.634380) can0 174#EF7F00008C6A035F
(9.644298) can0 178#3B800425C995037D
(9.644460) can0 17C#00000000D77F0397
(9.644628) can0 290#0050000000000000
(9.644758) can0 12B#0000000000012002
(9.644864) can0 174#EF7F00008D6A0483
(9.654543) can0 178#3B800520C795049E
(9.654705) can0 17C#00000000EF7F04E0
(9.654875) can0 290#0040000000000000
(9.664790) can0 178#35800621C99505A8
(9.664959) can0 17C#00000000EF7F05FD
(9.665129) can0 290#0020000000000000
(9.675027) can0 17C#00000000E17F06D3
(9.675190) can0 290#0040000000000000
(9.675353) can0 12B#0000000000012002
(9.675483) can0 128#1388030000EC7842
(9.685289) can0 290#0020000000000000
(9.685452) can0 12B#0000000000012003
(9.685619) can0 174#008000008A6A08D0
(9.685782) can0 290#0030000000000000
(9.695515) can0 12B#0000000000013002
(9.695677) can0 128#1388030000EC7862
(9.695841) can0 12E#0000000000000060
(9.705756) can0 290#0060000000000000
(9.705919) can0 12B#0000000000012003
(9.706082) can0 550#1000000000000070
(9.715999) can0 450#0000010000000000
(9.716122) can0 290#0040000000000000
(9.716269) can0 12B#0000000000013002
(9.716432) can0 128#1388030000EC7882
(9.726242) can0 290#0020000000000000
(9.726405) can0 12B#0000000000012003
(9.726575) can0 174#00800000896A0C28
(9.736506) can0 178#43800000B7950C71
(9.736669) can0 290#0020000000000000
(9.736791) can0 12B#0000000000012003
(9.736897) can0 128#1388030000EC78A2
(9.737043) can0 290#0030000000000000
(9.737206) can0 12B#0000000000013003
(9.746728) can0 12A#1228012000000000
(9.746854) can0 540#02000000110000EB
(9.746963) can0 290#0030000000000000
(9.747070) can0 12B#0000000000012003
(9.747217) can0 128#1388030000EC78C2
(9.747378) can0 12E#00000000000000C0
(9.756971) can0 550#1000000000000090
(9.757170) can0 290#0020000000000000
(9.757349) can0 12B#0000000000012003
(9.757476) can0 174#0E800000866A0033
(9.767214) can0 290#0040000000000000
(9.767377) can0 12B#0000000000013003
(9.767548) can0 128#1388030000EC7822
(9.777457) can0 12E#0000000000000020
(9.777624) can0 290#0040000000000000
(9.777746) can0 12B#0000000000012003
(9.777893) can0 174#FD7F00008D6A02CE
(9.787713) can0 12B#0000000000012003
(9.787835) can0 128#1388030000EC7842
(9.787981) can0 12E#0000000000000040
(9.788144) can0 12A#1228012000000000
(9.788271) can0 12C#0000000000000000
(9.788378) can0 290#0020000000000000
(9.788541) can0 12B#0000000000013003
(9.797943) can0 550#10000000000000B0
(9.798106) can0 12E#0000000000000060
(9.798277) can0 120#0000001000000070
(9.808186) can0 121#0000000000000060
(9.808356) can0 174#FA7F0000826A06B2
(9.808542) can0 178#3E800000DD950612
(9.818429) can0 17C#00000000C87F0660
(9.818603) can0 120#0000001000000090
(9.818771) can0 121#0000000000000080
(9.828672) can0 129#0000000000000080
(9.828845) can0 174#00800000716A0763
(9.829007) can0 540#02000000110000EB
(9.829130) can0 174#03800000686A08A4
(9.838917) can0 178#2A800239CC950849
(9.839079) can0 17C#00000000D07F08D2
(9.839242) can0 120#00000010000000B0
(9.839402) can0 121#00000000000000A0
(9.849173) can0 129#00000000000000A0
(9.849336) can0 541#0280000000000000
(9.849459) can0 174#00800000706A0A6D
(9.849612) can0 178#27800420C5950A53
(9.859400) can0 17C#00000000E97F0A43
(9.859571) can0 120#00000010000000D0
(9.859733) can0 121#00000000000000C0
(9.869643) can0 129#00000000000000C0
(9.869806) can0 174#F27F0000866A0CB4
(9.869968) can0 178#14800000C7950CD0
(9.879891) can0 17C#00000000BE7F0CFF
(9.880053) can0 290#0050000000000000
(9.880216) can0 12B#0000000000012003
(9.890129) can0 120#0000001000000030
(9.890291) can0 121#0000000000000020
(9.890453) can0 129#0000000000000020
(9.900386) can0 300#0F00000000000000
(9.900517) can0 450#0000010000000000
(9.900624) can0 174#F27F00008F6A0E0D
(9.900770) can0 178#1C800220CD950EA9
(9.900932) can0 120#0000001000000050
(9.901094) can0 121#0000000000000040
(9.910615) can0 129#0000000000000040
(9.910778) can0 174#FA7F00008A6A0F4B
(9.910939) can0 178#2A800332CF950FDA
(9.920860) can0 174#00800000866A0032
(9.921022) can0 178#32800420CC95008F
(9.921184) can0 17C#00000000CE7F002B
(9.931101) can0 290#0040000000000000
(9.931264) can0 121#0000000000000060
(9.931476) can0 129#0000000000000060
(9.941349) can0 174#03800000866A01C8
(9.941528) can0 178#35800523C49501C0
(9.941690) can0 174#00800000846A020B
(9.951601) can0 178#38800632BF9502CF
(9.951771) can0 17C#00000000D67F0205
(9.951941) can0 541#0280000000000000
(9.952064) can0 450#0000010000000000
(9.952180) can0 174#FA7F0000846A03DE
(9.952326) can0 174#F57F0000866A04D2
(9.961840) can0 178#38800827B69504E2
(9.962001) can0 17C#00000000C67F0453
(9.962171) can0 174#FA7F00008A6A0599
(9.972078) can0 178#32800000BC950551
(9.972247) can0 17C#00000000BD7F0586
(9.972442) can0 290#0040000000000000
(9.972573) can0 12B#0000000000012003
(9.972679) can0 174#038000008D6A061B
(9.982316) can0 178#2D800120C29506F2
(9.982485) can0 17C#00000000B27F0627
(9.982648) can0 290#0040000000000000
(9.982770) can0 12B#0000000000012003
(9.982876) can0 300#0F00000000000000
(9.982983) can0 174#0B8000008A6A075E
(9.992560) can0 178#35800000BF950769
(9.992722) can0 17C#00000000B27F073A
(9.992886) can0 450#0000010000000000
(9.993009) can0 174#06800000866A0809
(10.002821) can0 178#3B800112B79508B7
(10.002983) can0 174#FA7F0000866A090F
(10.003146) can0 178#3280020FB495097D
(10.003308) can0 17C#00000000BE7F0996
(10.013045) can0 290#0040000000000000
(10.013168) can0 12B#0000000000012003
(10.013275) can0 174#F87F0000876A0A1D
(10.013422) can0 178#2A800302B7950A98
(10.013592) can0 17C#00000000B87F0AB4
(10.023288) can0 174#F57F00008C6A0B66
(10.023451) can0 178#2A800405BC950BFA
(10.023620) can0 17C#00000000B87F0BA9
(10.033532) can0 174#FA7F00008C6A0C69
(10.033695) can0 178#38800512C1950CDC
(10.033860) can0 17C#00000000C67F0CBB
(10.043774) can0 290#0030000000000000
(10.043938) can0 174#038000008D6A0DD4
(10.044101) can0 178#49800614C2950DCF
(10.054017) can0 17C#00000000D17F0D34
(10.054180) can0 290#0030000000000000
(10.054304) can0 12B#0000000000012003
(10.054411) can0 174#0B8000008D6A0E21
(10.054566) can0 178#4E80072FC2950E45
(10.064273) can0 17C#00000000CE7F0E8D
(10.064437) can0 290#0030000000000000
(10.064568) can0 12B#0000000000012003
(10.064675) can0 174#068000008C6A0F55
(10.064832) can0 178#43800802BF950F0A
(10.065003) can0 17C#00000000C67F0F9C
(10.074510) can0 178#2D80090FBE9500AB
(10.074673) can0 17C#00000000C87F002E
(10.074839) can0 290#0020000000000000
(10.084751) can0 12B#0000000000013003
(10.084914) can0 17C#00000000D17F01A8
(10.085085) can0 290#0020000000000000
(10.085216) can0 12B#0000000000012004
(10.095024) can0 550#10000000000000B0
(10.095160) can0 450#0000010000000000
(10.095268) can0 174#FA7F0000876A024F
(10.095419) can0 178#27800B03C29502BD
(10.095587) can0 290#0040000000000000
(10.105237) can0 12B#0000000000012003
(10.105401) can0 128#1388030000EC78C2
(10.105571) can0 290#0010000000000000
(10.115494) can0 12B#0000000000012003
(10.115622) can0 174#F87F0000846A0437
(10.115772) can0 290#0040000000000000
(10.115936) can0 12B#0000000000013004
(10.116100) can0 128#1388030000EC7822
(10.125717) can0 290#0040000000000000
(10.125841) can0 12B#0000000000012003
(10.125990) can0 12A#1228012000000000
(10.126112) can0 540#02000000110000EB
(10.126221) can0 290#0040000000000000
(10.126329) can0 12B#0000000000012004
(10.126485) can0 128#1388030000EC7842
(10.135960) can0 12E#0000000000000040
(10.136124) can0 550#10000000000000D0
(10.136289) can0 290#0030000000000000
(10.146203) can0 12B#0000000000012003
(10.146367) can0 174#008000007F6A08D1
(10.146537) can0 178#27800108C49508EF
(10.156446) can0 290#0010000000000000
(10.156617) can0 12B#0000000000013003
(10.156781) can0 128#1388030000EC7862
(10.166703) can0 290#0010000000000000
(10.166835) can0 12B#0000000000012004
(10.166983) can0 174#F87F00008F6A0A11
(10.167147) can0 290#0040000000000000
(10.167311) can0 12B#0000000000012003
(10.176932) can0 128#1388030000EC7882
(10.177095) can0 290#0050000000000000
(10.177266) can0 12B#0000000000012004
(10.187175) can0 550#1000000000000030
(10.187340) can0 450#0000010000000000
(10.187464) can0 12B#0000000000013003
(10.187618) can0 128#1388030000EC78A2
(10.197418) can0 12E#00000000000000A0
(10.197588) can0 120#00000010000000B0
(10.197751) can0 12B#0000000000012004
(10.207661) can0 174#F87F00008C6A0EE9
(10.207825) can0 178#49800523C7950E44
(10.207988) can0 12E#00000000000000C0
(10.217907) can0 120#00000010000000D0
(10.218070) can0 121#00000000000000C0
(10.218233) can0 12A#1228012000000000
(10.218364) can0 540#02000000110000EB
(10.218476) can0 174#F57F0000816A002C
(10.218630) can0 178#3B800724CD95007F
(10.228163) can0 17C#00000000C57F00AB
(10.228335) can0 120#0000001000000030
(10.228511) can0 121#0000000000000020
(10.238390) can0 129#0000000000000020
(10.238569) can0 541#0280000000000000
(10.238693) can0 174#FD7F0000826A0248
(10.238854) can0 178#43800920BE950203
(10.248633) can0 17C#00000000C87F0214
(10.248804) can0 290#0010000000000000
(10.248969) can0 120#0000001000000050
(10.258877) can0 121#0000000000000040
(10.259077) can0 129#0000000000000040
(10.259257) can0 174#FA7F00008F6A040D
(10.269119) can0 178#43800B29BC95049B
(10.269282) can0 17C#00000000CB7F04D6
(10.269446) can0 120#0000001000000070
(10.279375) can0 121#0000000000000060
(10.279547) can0 129#0000000000000060
(10.279710) can0 300#0F00000000000000
(10.279835) can0 450#0000010000000000
(10.279943) can0 174#FA7F0000826A06B2
(10.280091) can0 178#4E800000D7950615
(10.289604) can0 120#0000001000000090
(10.289768) can0 121#0000000000000080
(10.289931) can0 129#0000000000000080
(10.299850) can0 174#FA7F00007F6A07A2
(10.300013) can0 178#498000FFD7950720
(10.300176) can0 174#FA7F0000826A0814
(10.310090) can0 178#49800000D09508B7
(10.310254) can0 17C#00000000B27F0881
(10.310418) can0 120#00000010000000B0
(10.320333) can0 121#00000000000000A0
(10.320503) can0 129#00000000000000A0
(10.320666) can0 174#FA7F0000876A0980
(10.330590) can0 178#49800120C595091B
(10.330753) can0 540#02000000110000EB
(10.330877) can0 174#FA7F00008D6A0AA8
(10.331032) can0 178#43800222BB950A8C
(10.331195) can0 121#00000000000000C0
(10.340820) can0 129#00000000000000C0
(10.340984) can0 541#0280000000000000
(10.341108) can0 174#06800000826A0C7B
(10.341262) can0 178#49800425B9950C3C
(10.351062) can0 17C#00000000D17F0C29
(10.351226) can0 290#0050000000000000
(10.351391) can0 174#08800000796A0D6F
(10.361312) can0 178#4E800520BF950D13
(10.361483) can0 17C#00000000E47F0D95
(10.361655) can0 290#0020000000000000
(10.371549) can0 174#068000007C6A0EC0
(10.371713) can0 178#54800621C2950E0B
(10.371883) can0 17C#00000000E77F0E3E
(10.381797) can0 300#0F00000000000000
(10.381921) can0 174#FD7F0000896A0F49
(10.382076) can0 178#57800721C4950F9E
(10.382239) can0 450#0000010000000000
(10.382363) can0 174#F57F0000976A0031
(10.382518) can0 178#49800820C2950079
(10.392050) can0 17C#00000000B87F0066
(10.392214) can0 174#EF7F00009A6A0178
(10.392377) can0 178#35800925C19501E2
(10.402282) can0 17C#00000000AA7F0160
(10.402446) can0 174#F27F0000926A020C
(10.402624) can0 178#2A800A29C195024C
(10.412521) can0 17C#00000000A97F02CB
(10.412686) can0 290#0050000000000000
(10.412855) can0 12B#0000000000013005
(10.422763) can0 128#1388030000EC7882
(10.422926) can0 174#F57F0000866A0381
(10.423089) can0 178#32800000C19503D2
(10.433006) can0 17C#00000000AD7F03D0
(10.433170) can0 290#0030000000000000
(10.433335) can0 12B#0000000000012005
(10.443249) can0 12A#1228012000000000
(10.443371) can0 174#FA7F0000846A048D
(10.443563) can0 178#35800120C49504A6
(10.443742) can0 17C#00000000AF7F0480
(10.453498) can0 290#0050000000000000
(10.453663) can0 174#FD7F00008A6A0517
(10.453827) can0 178#38800000C59505F2
(10.463735) can0 17C#00000000AA7F0514
(10.463899) can0 174#00800000926A0662
(10.464062) can0 178#38800120BE95063D
(10.473978) can0 17C#00000000AD7F06B9
(10.474142) can0 290#0040000000000000
(10.474306) can0 174#00800000956A07F5
(10.484234) can0 178#38800221BB95078A
(10.484398) can0 17C#00000000B57F07B0
(10.484570) can0 290#0020000000000000
(10.484742) can0 12B#0000000000012005
(10.484866) can0 174#00800000956A084E
(10.494464) can0 178#38800324BE950801
(10.494633) can0 17C#00000000B27F0881
(10.494798) can0 290#0040000000000000
(10.504712) can0 12B#0000000000012005
(10.504835) can0 174#00800000916A0955
(10.504991) can0 178#4380042FC495094B
(10.505163) can0 17C#00000000AA7F0988
(10.514949) can0 178#4E800512C4950AC0
(10.515113) can0 17C#00000000A57F0A29
(10.515277) can0 290#0020000000000000
(10.525198) can0 17C#000000009E7F0B9C
(10.525362) can0 290#0050000000000000
(10.525535) can0 12B#0000000000012005
(10.525658) can0 174#F27F0000866A0CB4
(10.535435) can0 290#0010000000000000
(10.535608) can0 12B#0000000000013005
(10.535772) can0 128#1388030000EC7862
(10.545678) can0 12E#0000000000000060
(10.545845) can0 290#0020000000000000
(10.546010) can0 12B#0000000000012005
(10.555921) can0 12A#1228012000000000
(10.556044) can0 540#02000000110000EB
(10.556152) can0 290#0010000000000000
(10.556301) can0 12B#0000000000012005
(10.556424) can0 128#1388030000EC7882
(10.556579) can0 290#0050000000000000
(10.566164) can0 12B#0000000000012005
(10.566292) can0 174#FD7F00008D6A00F4
(10.566458) can0 290#0030000000000000
(10.566630) can0 12B#0000000000012005
(10.566754) can0 128#1388030000EC78A2
(10.576410) can0 290#0030000000000000
(10.576540) can0 12B#0000000000013006
(10.576688) can0 174#FD7F00008C6A0241
(10.576857) can0 290#0020000000000000
(10.577020) can0 12B#0000000000012005
(10.586666) can0 128#1388030000EC78C2
(10.586830) can0 12E#00000000000000C0
(10.586994) can0 12A#1228012000000000
(10.587117) can0 12C#0000000000000000
(10.587224) can0 290#0020000000000000
(10.587333) can0 12B#0000000000012006
(10.596894) can0 550#1000000000000070
(10.597058) can0 290#0030000000000000
(10.597223) can0 12B#0000000000012005
(10.607136) can0 128#1388030000EC7822
(10.607299) can0 290#0040000000000000
(10.607476) can0 12B#0000000000013006
(10.617415) can0 174#FA7F0000796A06BA
(10.617600) can0 12B#0000000000012005
(10.617764) can0 128#1388030000EC7842
(10.627622) can0 12E#0000000000000040
(10.627786) can0 290#0020000000000000
(10.627951) can0 12B#0000000000012006
(10.637867) can0 12A#1228012000000000
(10.637990) can0 540#02000000110000EB
(10.638098) can0 174#F57F0000976A08D9
(10.638245) can0 178#54800332CC95080C
(10.638422) can0 12E#0000000000000060
(10.648108) can0 550#1000000000000090
(10.648280) can0 120#0000001000000070
(10.648443) can0 174#FD7F00009B6A0A3B
(10.658356) can0 178#4C800523BE950ACF
(10.658534) can0 17C#000000009C7F0A82
(10.658698) can0 290#0030000000000000
(10.668599) can0 12B#0000000000012006
(10.668722) can0 120#0000001000000090
(10.668878) can0 121#0000000000000080
(10.669042) can0 129#0000000000000080
(10.678857) can0 174#00800000976A0B6A
(10.679021) can0 178#43800632BE950B88
(10.679184) can0 17C#00000000A57F0B34
(10.679349) can0 174#008000008F6A0C2D
(10.689080) can0 178#43800721C4950C69
(10.689243) can0 17C#000000009A7F0CC9
(10.689407) can0 290#0040000000000000
(10.699323) can0 120#00000010000000B0
(10.699491) can0 121#00000000000000A0
(10.699654) can0 129#00000000000000A0
(10.709567) can0 300#0F00000000000000
(10.709691) can0 450#0000010000000000
(10.709800) can0 174#00800000826A0E92
(10.709948) can0 178#30800000CD950EE3
(10.710112) can0 17C#000000007D7F0EE9
(10.719815) can0 290#0030000000000000
(10.719986) can0 120#00000010000000D0
(10.720175) can0 121#00000000000000C0
(10.730051) can0 129#00000000000000C0
(10.730215) can0 174#00800000926A002C
(10.730379) can0 178#19800000D0950038
(10.740294) can0 17C#000000007A7F00C5
(10.740458) can0 120#0000001000000030
(10.740629) can0 121#0000000000000020
(10.750539) can0 129#0000000000000020
(10.750703) can0 540#02000000110000EB
(10.750827) can0 174#008000008F6A028B
(10.750975) can0 178#1680020FC5950273
(10.760780) can0 17C#00000000997F02E3
(10.760944) can0 290#0030000000000000
(10.761068) can0 120#0000001000000050
(10.761216) can0 121#0000000000000040
(10.771026) can0 129#0000000000000040
(10.771190) can0 541#0280000000000000
(10.771314) can0 450#0000010000000000
(10.771423) can0 174#00800000866A0315
(10.771575) can0 174#008000007F6A044D
(10.771737) can0 178#27800405BE9504A4
(10.781288) can0 17C#00000000917F04A1
(10.781452) can0 121#0000000000000060
(10.781627) can0 129#0000000000000060
(10.791511) can0 174#00800000826A055D
(10.791682) can0 178#1C800512BE9505E1
(10.791884) can0 174#FD7F0000896A06BC
(10.801759) can0 178#14800614BE9506C3
(10.801930) can0 17C#00000000807F060C
(10.802101) can0 290#0030000000000000
(10.802231) can0 12B#0000000000012006
(10.802339) can0 300#0F00000000000000
(10.802447) can0 174#FA7F00008D6A0729
(10.811996) can0 178#1680072FC1950789
(10.812166) can0 450#0000010000000000
(10.812291) can0 174#FA7F00008A6A0818
(10.812438) can0 178#16800802C29508C7
(10.822238) can0 17C#000000009A7F08BD
(10.822402) can0 290#0040000000000000
(10.822575) can0 174#FA7F0000866A090F
(10.832489) can0 178#0680090FC19509CA
(10.832653) can0 17C#000000009C7F09A5
(10.832823) can0 290#0050000000000000
(10.842724) can0 12B#0000000000012006
(10.842847) can0 174#FA7F0000816A0AA2
(10.842995) can0 178#FA7F0A13C5950AB9
(10.843158) can0 17C#00000000937F0A04
(10.852967) can0 290#0020000000000000
(10.853132) can0 12B#0000000000012006
(10.853255) can0 174#FA7F00007C6A0BB2
(10.853402) can0 178#F27F0B03CD950B35
(10.863210) can0 17C#00000000837F0B01
(10.863374) can0 174#FD7F00007C6A0C6F
(10.863546) can0 178#F27F0C08CF950C48
(10.873466) can0 17C#00000000777F0CDC
(10.873645) can0 450#0000010000000000
(10.873770) can0 174#008000007E6A0D37
(10.873918) can0 178#FA7F0D2FCC950DDF
(10.874081) can0 17C#00000000707F0D4B
(10.883696) can0 290#0030000000000000
(10.883861) can0 174#038000007E6A0EF7
(10.884025) can0 178#FA7F0E07CA950E95
(10.893939) can0 17C#00000000727F0E6F
(10.894103) can0 174#06800000816A0FD0
(10.894266) can0 178#F87F0F0DCA950FE3
(10.904182) can0 17C#00000000807F0FF9
(10.904346) can0 290#0030000000000000
(10.904476) can0 174#00800000866A0032
(10.904630) can0 178#FD7F0002CC95007D
(10.914425) can0 17C#00000000907F005A
(10.914597) can0 174#FA7F0000866A01E7
(10.914760) can0 178#FD7F0108D49501A5
(10.924673) can0 17C#00000000997F01C4
(10.924839) can0 174#F87F0000876A02F5
(10.925009) can0 178#FA7F0000D89502F0
(10.934911) can0 17C#00000000907F0260
(10.935075) can0 290#0040000000000000
(10.935239) can0 12B#0000000000012006
(10.935363) can0 128#1388030000EC7882
(10.945168) can0 174#F57F0000846A0382
(10.945331) can0 178#F27F0128D5950306
(10.945503) can0 17C#00000000807F0365
(10.955397) can0 178#EA7F0220CC950487
(10.955568) can0 17C#000000007B7F043E
(10.955732) can0 290#0020000000000000
(10.965642) can0 12B#0000000000012006
(10.965766) can0 17C#000000008B7F05AB
(10.965922) can0 290#0030000000000000
(10.966087) can0 12B#0000000000012007
(10.966249) can0 290#0040000000000000
(10.975946) can0 12B#0000000000012006
(10.976130) can0 128#1388030000EC78C2
(10.976293) can0 290#0030000000000000
(10.986125) can0 12B#0000000000012006
(10.986249) can0 174#F57F0000896A08C8
(10.986396) can0 290#0040000000000000
(10.986569) can0 12B#0000000000012006
(10.986692) can0 128#1388030000EC7822
(10.996368) can0 12E#0000000000000020
(10.996536) can0 120#0000001000000030
(10.996700) can0 121#0000000000000020
(11.006611) can0 290#0020000000000000
(11.006775) can0 12B#0000000000012006
(11.006897) can0 174#F27F00008A6A0AF0
(11.007043) can0 290#0030000000000000
(11.016863) can0 12B#0000000000012006
(11.016986) can0 128#1388030000EC7842
(11.017132) can0 290#0030000000000000
(11.017256) can0 12B#0000000000013007
(11.017410) can0 550#10000000000000B0
(11.027097) can0 290#0040000000000000
(11.027261) can0 12B#0000000000012006
(11.027425) can0 128#1388030000EC7862
(11.037340) can0 290#0010000000000000
(11.037513) can0 12B#0000000000012006
(11.037636) can0 174#FA7F0000876A0ED3
(11.037783) can0 178#CB7F0000C5950E7A
(11.047583) can0 17C#000000009E7F0EF5
(11.047747) can0 290#0020000000000000
(11.047911) can0 12B#0000000000012006
(11.048034) can0 128#1388030000EC7882
(11.057828) can0 12E#0000000000000080
(11.057991) can0 290#0030000000000000
(11.058156) can0 12B#0000000000012006
(11.058285) can0 12A#1228012000000000
(11.058391) can0 12B#0000000000012006
(11.058513) can0 128#1388030000EC78A2
(11.068083) can0 12E#00000000000000A0
(11.068246) can0 290#0040000000000000
(11.068417) can0 12B#0000000000012007
(11.068595) can0 174#008000008A6A0202
(11.078317) can0 12E#00000000000000C0
(11.078485) can0 120#00000010000000D0
(11.078655) can0 121#00000000000000C0
(11.088562) can0 129#00000000000000C0
(11.088725) can0 174#FD7F0000826A0355
(11.088895) can0 178#D07F0222CF9503C1
(11.098804) can0 174#FA7F00007F6A0485
(11.098967) can0 178#CB7F0326D49504A2
(11.099130) can0 17C#00000000AC7F040C
(11.109041) can0 12C#0000000000000000
(11.109164) can0 5A0#00692000000000A9
(11.109313) can0 120#0000001000000030
(11.109484) can0 450#0000010000000000
(11.109609) can0 174#FA7F00007F6A06BF
(11.119284) can0 178#CB7F0520C5950607
(11.119447) can0 120#0000001000000050
(11.119616) can0 121#0000000000000040
(11.129528) can0 129#0000000000000040
(11.129692) can0 174#F57F0000916A08DC
(11.129860) can0 178#D07F0721C5950864
(11.139770) can0 17C#000000009C7F08B8
(11.139934) can0 120#0000001000000070
(11.140097) can0 121#0000000000000060
(11.150048) can0 129#0000000000000060
(11.150228) can0 174#EF7F0000976A0915
(11.150391) can0 540#02000000110000EB
(11.150523) can0 174#EA7F0000986A0A80
(11.160258) can0 178#C57F0925CD950A87
(11.160421) can0 120#0000001000000090
(11.160592) can0 121#0000000000000080
(11.160754) can0 129#0000000000000080
(11.170516) can0 174#06800000946A0C66
(11.170680) can0 178#B47F0000C5950C14
(11.170856) can0 17C#00000000917F0C49
(11.180741) can0 120#00000010000000B0
(11.180905) can0 121#00000000000000A0
(11.181068) can0 129#00000000000000A0
(11.190984) can0 174#0B8000008A6A0D8C
(11.191148) can0 178#A67F0120CA950DAC
(11.191311) can0 174#068000007F6A0E4C
(11.201227) can0 178#A47F0000C7950E94
(11.201397) can0 17C#00000000837F0E68
(11.201577) can0 121#00000000000000C0
(11.211476) can0 129#00000000000000C0
(11.211646) can0 300#0F00000000000000
(11.211771) can0 174#008000007C6A0F0E
(11.211927) can0 450#0000010000000000
(11.212051) can0 174#FD7F0000876A00FB
(11.221713) can0 178#C57F0221BC950015
(11.221885) can0 174#FA7F0000916A0175
(11.222055) can0 178#C57F0324BC9501B1
(11.231962) can0 17C#00000000A47F0169
(11.232126) can0 290#0040000000000000
(11.232249) can0 174#FA7F0000946A02DB
(11.232397) can0 178#BD7F042FB79502E1
(11.242199) can0 17C#00000000A97F02CB
(11.242363) can0 174#FA7F0000916A034F
(11.242535) can0 178#B47F0512B69503B6
(11.252442) can0 17C#00000000AF7F03D3
(11.252611) can0 174#FA7F00008F6A040D
(11.252781) can0 178#B27F0624B9950408
(11.262699) can0 17C#00000000BE7F0417
(11.262863) can0 290#0000000000000000
(11.263028) can0 12B#0000000000012006
(11.263192) can0 128#1388030000EC7862
(11.272928) can0 450#0000010000000000
(11.273052) can0 174#FA7F00008D6A0513
(11.273200) can0 178#B77F0726C49505A1
(11.273363) can0 17C#00000000CE7F0542
(11.283171) can0 290#0010000000000000
(11.283335) can0 174#F57F00008C6A06E7
(11.283506) can0 178#C07F0820CA95061C
(11.293414) can0 17C#00000000CB7F06EC
(11.293586) can0 290#0040000000000000
(11.293750) can0 12B#0000000000012006
(11.293874) can0 174#F57F0000896A0773
(11.303657) can0 178#CB7F0925C9950701
(11.303825) can0 17C#00000000C07F0771
(11.303989) can0 290#0040000000000000
(11.304113) can0 12B#0000000000012006
(11.304220) can0 174#FA7F0000826A0814
(11.313900) can0 178#D07F0000C2950832
(11.314063) can0 17C#00000000C27F08C9
(11.314227) can0 290#0030000000000000
(11.324143) can0 300#0F00000000000000
(11.324267) can0 174#F87F0000796A09BB
(11.324414) can0 178#CB7F0125BC950911
(11.324652) can0 174#F57F0000736A0A75
(11.334386) can0 178#C57F0239B7950AFE
(11.334557) can0 17C#00000000D47F0AEE
(11.334721) can0 174#F57F00007B6A0B64
(11.344634) can0 178#C07F0321B9950B0D
(11.344798) can0 17C#00000000D17F0B7A
(11.344970) can0 174#FA7F00008C6A0C69
(11.354881) can0 178#C07F0420C1950C8C
(11.355045) can0 17C#00000000D47F0CA0
(11.355209) can0 290#0030000000000000
(11.355332) can0 12B#0000000000012005
(11.355485) can0 174#F87F0000986A0DD0
(11.365136) can0 178#BA7F0000C2950D82
(11.365299) can0 17C#00000000DB7F0D3B
(11.365463) can0 178#A97F0000C2950EFB
(11.375358) can0 17C#00000000DF7F0E1A
(11.375529) can0 290#0030000000000000
(11.375653) can0 17C#00000000E47F0FAF
(11.375801) can0 290#0040000000000000
(11.385600) can0 12B#0000000000012006
(11.385764) can0 174#EF7F00007B6A007A
(11.385928) can0 290#0040000000000000
(11.386052) can0 12B#0000000000013005
(11.395846) can0 128#1388030000EC7862
(11.395968) can0 12E#0000000000000060
(11.396116) can0 290#0040000000000000
(11.396240) can0 12B#0000000000012005
(11.396388) can0 174#F57F0000786A021D
(11.406086) can0 290#0030000000000000
(11.406251) can0 12B#0000000000012006
(11.406415) can0 128#1388030000EC7882
(11.416329) can0 290#0040000000000000
(11.416502) can0 12B#0000000000012005
(11.416666) can0 550#1000000000000030
(11.426573) can0 450#0000010000000000
(11.426698) can0 174#FA7F0000896A0408
(11.426848) can0 290#0000000000000000
(11.427013) can0 12B#0000000000013005
(11.436817) can0 128#1388030000EC78A2
(11.436979) can0 290#0000000000000000
(11.437104) can0 12B#0000000000012005
(11.437252) can0 174#03800000946A0680
(11.447058) can0 290#0020000000000000
(11.447223) can0 12B#0000000000012005
(11.447346) can0 128#1388030000EC78C2
(11.447501) can0 290#0030000000000000
(11.457315) can0 12B#0000000000012005
(11.457438) can0 12A#1228012000000000
(11.457553) can0 540#02000000110000EB
(11.457661) can0 290#0030000000000000
(11.457769) can0 12B#0000000000013005
(11.457918) can0 128#1388030000EC7822
(11.458080) can0 12E#0000000000000020
(11.458245) can0 290#0040000000000000
(11.467545) can0 12B#0000000000012005
(11.467716) can0 174#FA7F00007F6A0A23
(11.467880) can0 178#D67F0112CD950A35
(11.477787) can0 17C#00000000B57F0A31
(11.477951) can0 290#0020000000000000
(11.478116) can0 12B#0000000000012005
(11.478239) can0 128#1388030000EC7842
(11.488030) can0 12E#0000000000000040
(11.488194) can0 290#0030000000000000
(11.488367) can0 12B#0000000000012005
(11.488538) can0 174#FA7F0000896A0CE0
(11.498279) can0 12E#0000000000000060
(11.498444) can0 12A#1228012000000000
(11.498582) can0 12C#0000000000000000
(11.498690) can0 5A0#0069200000000069
(11.498852) can0 120#0000001000000070
(11.508523) can0 121#0000000000000060
(11.508687) can0 550#1000000000000070
(11.508860) can0 450#0000010000000000
(11.508985) can0 174#FD7F0000896A0E54
(11.518766) can0 178#F27F0512CA950E78
(11.518930) can0 120#0000001000000090
(11.519093) can0 121#0000000000000080
(11.529002) can0 129#0000000000000080
(11.529166) can0 174#FA7F0000866A00FA
(11.529329) can0 178#F87F072FC99500CE
(11.539245) can0 17C#00000000C87F002E
(11.539409) can0 120#00000010000000B0
(11.539586) can0 121#00000000000000A0
(11.549494) can0 129#00000000000000A0
(11.549658) can0 174#FD7F0000876A01E6
(11.549825) can0 540#02000000110000EB
(11.549949) can0 174#008000008A6A0202
(11.550095) can0 178#EF7F090FD795028E
(11.559747) can0 17C#00000000D97F0283
(11.559911) can0 120#00000010000000D0
(11.560074) can0 121#00000000000000C0
(11.569974) can0 129#00000000000000C0
(11.570138) can0 174#F57F00008C6A04DD
(11.570301) can0 178#DE7F0B03C995045C
(11.580217) can0 17C#00000000C97F04D5
(11.580381) can0 290#0050000000000000
(11.580553) can0 12B#0000000000012005
(11.580676) can0 120#0000001000000030
(11.590459) can0 121#0000000000000020
(11.590629) can0 129#0000000000000020
(11.590793) can0 174#F57F00008C6A06E7
(11.600702) can0 178#EC7F0D2FC19506FF
(11.600867) can0 17C#00000000C57F06E5
(11.601031) can0 120#0000001000000050
(11.610945) can0 121#0000000000000040
(11.611109) can0 129#0000000000000040
(11.611273) can0 300#0F00000000000000
(11.611397) can0 450#0000010000000000
(11.611514) can0 174#038000008A6A0837
(11.621188) can0 178#FA7F0F0DB99508CE
(11.621352) can0 121#0000000000000060
(11.621531) can0 129#0000000000000060
(11.631431) can0 174#008000008C6A09C8
(11.631603) can0 174#FD7F00008C6A0AA9
(11.631774) can0 178#EF7F0108C5950AFE
(11.641674) can0 17C#00000000D67F0AED
(11.641847) can0 290#0010000000000000
(11.642020) can0 174#FA7F0000876A0BBA
(11.651936) can0 178#F57F0000C7950BC7
(11.652100) can0 17C#00000000E77F0B57
(11.652270) can0 174#00800000866A0CAE
(11.652434) can0 178#00800128C5950CBF
(11.662160) can0 17C#00000000E77F0C04
(11.662333) can0 541#0280000000000000
(11.662457) can0 450#0000010000000000
(11.662574) can0 174#06800000896A0DE6
(11.662722) can0 178#06800220C1950D55
(11.672403) can0 17C#00000000D17F0D34
(11.672611) can0 174#008000008C6A0E9B
(11.672791) can0 178#03800321B6950E73
(11.682646) can0 17C#00000000BE7F0EC5
(11.682811) can0 174#FA7F0000926A0F5F
(11.682974) can0 178#06800423B4950F75
(11.692891) can0 17C#00000000B77F0F5B
(11.693055) can0 290#0030000000000000
(11.693219) can0 12B#0000000000012005
(11.693347) can0 174#F57F0000946A00BD
(11.703132) can0 178#0B800523BC95004E
(11.703296) can0 17C#00000000B77F00E0
(11.703460) can0 300#0F00000000000000
(11.703590) can0 174#F57F0000946A01A0
(11.713375) can0 178#00800622C595018E
(11.713547) can0 17C#00000000BB7F01F7
(11.713711) can0 174#F57F0000916A020E
(11.723618) can0 178#EA7F0724C59502DB
(11.723781) can0 17C#00000000BE7F0259
(11.723945) can0 290#0030000000000000
(11.724069) can0 12B#0000000000012005
(11.724177) can0 174#F57F00008A6A038B
(11.733863) can0 178#DC7F0823C7950348
(11.734026) can0 17C#00000000C57F038C
(11.734190) can0 174#F57F0000866A04D2
(11.744107) can0 178#DC7F0920CF9504C7
(11.744270) can0 17C#00000000CC7F045C
(11.744434) can0 290#0030000000000000
(11.744574) can0 174#F57F0000866A05CF
(11.744720) can0 178#EA7F0A21D2950561
(11.754363) can0 17C#00000000D07F0553
(11.754535) can0 290#0040000000000000
(11.754700) can0 174#F87F0000876A0681
(11.764595) can0 178#F57F0B29CF9506C8
(11.764765) can0 17C#00000000D07F0674
(11.764929) can0 290#0030000000000000
(11.774835) can0 12B#0000000000012005
(11.774959) can0 128#1388030000EC7882
(11.775106) can0 174#008000008C6A076E
(11.775269) can0 178#F57F0000C795075B
(11.785081) can0 17C#00000000C97F07F2
(11.785245) can0 290#0030000000000000
(11.785369) can0 178#EC7F0000C99508DF
(11.785525) can0 17C#00000000C57F0843
(11.795319) can0 290#0020000000000000
(11.795491) can0 17C#00000000CE7F09DE
(11.795655) can0 290#0050000000000000
(11.805563) can0 12B#0000000000012005
(11.805686) can0 290#0050000000000000
(11.805794) can0 12B#0000000000012004
(11.805943) can0 128#1388030000EC78C2
(11.806106) can0 290#0030000000000000
(11.815806) can0 12B#0000000000012005
(11.815970) can0 550#1000000000000070
(11.816094) can0 450#0000010000000000
(11.816202) can0 174#FA7F0000816A0CEC
(11.816350) can0 290#0040000000000000
(11.826047) can0 12B#0000000000012005
(11.826171) can0 128#1388030000EC7822
(11.826318) can0 290#0020000000000000
(11.826490) can0 12B#0000000000012004
(11.836290) can0 174#F57F00008A6A0E0A
(11.836454) can0 290#0030000000000000
(11.836632) can0 12B#0000000000012005
(11.846548) can0 128#1388030000EC7842
(11.846747) can0 290#0040000000000000
(11.846928) can0 12B#0000000000012004
(11.847092) can0 12A#1228012000000000
(11.847215) can0 540#02000000110000EB
(11.847323) can0 290#0020000000000000
(11.856776) can0 12B#0000000000013005
(11.856940) can0 128#1388030000EC7862
(11.857103) can0 12E#0000000000000060
(11.857227) can0 290#0030000000000000
(11.867019) can0 12B#0000000000012004
(11.867183) can0 174#FA7F0000896A0246
(11.867347) can0 290#0020000000000000
(11.877262) can0 12B#0000000000012004
(11.877386) can0 128#1388030000EC7882
(11.877536) can0 290#0020000000000000
(11.877660) can0 12B#0000000000012005
(11.877809) can0 174#F57F0000866A04D2
(11.887513) can0 290#0010000000000000
(11.887677) can0 12B#0000000000012004
(11.887844) can0 128#1388030000EC78A2
(11.897748) can0 290#0030000000000000
(11.897913) can0 12B#0000000000012004
(11.898036) can0 550#10000000000000B0
(11.898185) can0 450#0000010000000000
(11.898318) can0 174#F57F0000896A066E
(11.907991) can0 128#1388030000EC78C2
(11.908154) can0 12E#00000000000000C0
(11.908326) can0 120#00000010000000D0
(11.918234) can0 174#008000008D6A085A
(11.918404) can0 178#0B800120CD95086E
(11.918583) can0 17C#00000000A57F0813
(11.928485) can0 290#0030000000000000
(11.928616) can0 120#0000001000000030
(11.928770) can0 121#0000000000000020
(11.928934) can0 129#0000000000000020
(11.938723) can0 540#02000000110000EB
(11.938855) can0 174#008000008D6A0A60
(11.939003) can0 178#F57F0324CA950AE5
(11.939166) can0 120#0000001000000050
(11.939328) can0 121#0000000000000040
(11.948979) can0 129#0000000000000040
(11.949143) can0 541#0280000000000000
(11.949267) can0 174#00800000896A0C28
(11.949415) can0 178#EA7F0512D0950C3E
(11.959206) can0 17C#00000000F07F0C96
(11.959370) can0 290#0000000000000000
(11.959543) can0 120#0000001000000070
(11.969449) can0 121#0000000000000060
(11.969620) can0 129#0000000000000060
(11.969784) can0 174#FA7F0000766A0ED4
(11.979692) can0 178#FD7F0726D0950EC6
(11.979860) can0 17C#00000000CE7F0E8D
(11.980030) can0 290#0030000000000000
(11.989935) can0 120#0000001000000090
(11.990098) can0 121#0000000000000080
(11.990262) can0 129#0000000000000080
(12.000178) can0 300#0F00000000000000
(12.000300) can0 174#00800000766A0F01
(12.000446) can0 450#0000010000000000
(12.000575) can0 174#038000007C6A0052
(12.000721) can0 178#0B800925C49500A1
(12.010421) can0 120#00000010000000B0
(12.010591) can0 121#00000000000000A0
(12.010754) can0 129#00000000000000A0
(12.020709) can0 174#03800000826A01CE
(12.020893) can0 174#008000008C6A0207
(12.021056) can0 178#F27F0125C795024F
(12.030907) can0 17C#00000000D17F028F
(12.031070) can0 121#00000000000000C0
(12.031233) can0 129#00000000000000C0
(12.041163) can0 174#FD7F00008A6A0359
(12.041334) can0 174#FA7F0000846A048D
(12.041509) can0 178#FD7F0321C495044B
(12.041672) can0 17C#00000000DE7F0447
(12.051392) can0 290#0040000000000000
(12.051565) can0 12B#0000000000012004
(12.051695) can0 541#0280000000000000
(12.051803) can0 450#0000010000000000
(12.051919) can0 174#00800000876A05D4
(12.052074) can0 174#088000008F6A062D
(12.061635) can0 178#08800000C9950609
(12.061809) can0 17C#00000000BE7F062D
(12.061973) can0 290#0030000000000000
(12.071881) can0 174#08800000926A07AD
(12.072052) can0 178#06800000CA950799
(12.072215) can0 17C#00000000BE7F0730
(12.082121) can0 290#0020000000000000
(12.082285) can0 174#008000008F6A0859
(12.082449) can0 178#F87F0122CF95080D
(12.092364) can0 17C#00000000C87F08C6
(12.092536) can0 290#0030000000000000
(12.092700) can0 12B#0000000000012003
(12.102607) can0 300#0F00000000000000
(12.102740) can0 174#F87F00008F6A0936
(12.102888) can0 178#E77F0220D09509F2
(12.103051) can0 450#0000010000000000
(12.103175) can0 174#F27F00008C6A0AF5
(12.112852) can0 178#DC7F0332D8950A52
(12.113015) can0 174#F27F0000896A0B61
(12.113179) can0 178#DC7F0420D8950B46
(12.123093) can0 17C#00000000BE7F0BAC
(12.123257) can0 290#0030000000000000
(12.123381) can0 174#FA7F0000896A0CE0
(12.123536) can0 178#E17F0523CD950C64
(12.133339) can0 17C#00000000C07F0CBE
(12.133511) can0 290#0030000000000000
(12.133635) can0 174#00800000846A0DB0
(12.133790) can0 178#E17F0632BF950D34
(12.133952) can0 17C#00000000D47F0DBD
(12.143595) can0 290#0040000000000000
(12.143760) can0 174#038000007C6A0EF4
(12.143923) can0 178#DC7F0721BB950ED0
(12.153823) can0 17C#00000000F07F0EAC
(12.153987) can0 290#0030000000000000
(12.154151) can0 12B#0000000000012003
(12.154275) can0 128#1388030000EC78C2
(12.154381) can0 12E#00000000000000C0
(12.154496) can0 550#1000000000000090
(12.164065) can0 174#FD7F0000796A0FC1
(12.164228) can0 178#D97F0827BF950FEA
(12.164391) can0 17C#00000000F77F0F3B
(12.174308) can0 174#FA7F00007C6A007D
(12.174476) can0 178#DC7F0000C79500E8
(12.174640) can0 17C#00000000E97F0091
(12.184558) can0 290#0040000000000000
(12.184730) can0 174#FA7F0000866A01E7
(12.184894) can0 178#E47F0120CF9501DD
(12.194794) can0 17C#00000000CE7F0136
(12.194994) can0 290#0040000000000000
(12.195130) can0 174#FD7F00008C6A0241
(12.195281) can0 178#F87F0000D0950246
(12.205042) can0 17C#00000000B57F02D9
(12.205206) can0 290#0040000000000000
(12.205330) can0 12B#0000000000012003
(12.205442) can0 17C#00000000AF7F03D3
(12.205602) can0 290#0040000000000000
(12.205726) can0 12B#0000000000012003
(12.205833) can0 550#10000000000000B0
(12.215280) can0 290#0040000000000000
(12.215403) can0 12B#0000000000012003
(12.215519) can0 128#1388030000EC7862
(12.215666) can0 290#0000000000000000
(12.215832) can0 12B#0000000000012003
(12.215955) can0 174#FD7F0000846A0639
(12.225524) can0 290#0000000000000000
(12.225648) can0 12B#0000000000012003
(12.225756) can0 128#1388030000EC7882
(12.225903) can0 290#0030000000000000
(12.226067) can0 12B#0000000000012003
(12.226191) can0 12A#1228012000000000
(12.226297) can0 540#02000000110000EB
(12.226406) can0 174#F27F00009D6A0858
(12.235779) can0 290#0040000000000000
(12.235944) can0 12B#0000000000012003
(12.236067) can0 128#1388030000EC78A2
(12.236214) can0 290#0010000000000000
(12.236378) can0 12B#0000000000013003
(12.246009) can0 174#EF7F0000926A0ABB
(12.246172) can0 290#0050000000000000
(12.246336) can0 12B#0000000000012003
(12.256251) can0 128#1388030000EC78C2
(12.256421) can0 12E#00000000000000C0
(12.256552) can0 290#0040000000000000
(12.256701) can0 12B#0000000000012003
(12.256824) can0 174#FA7F00008F6A0CE5
(12.266498) can0 290#0040000000000000
(12.266622) can0 12B#0000000000012003
(12.266730) can0 128#1388030000EC7822
(12.266884) can0 290#0030000000000000
(12.267049) can0 12B#0000000000012003
(12.267172) can0 550#1000000000000030
(12.276737) can0 450#0000010000000000
(12.276862) can0 174#FA7F00008C6A0E53
(12.277010) can0 290#0030000000000000
(12.277133) can0 12B#0000000000013003
(12.277282) can0 128#1388030000EC7842
(12.286980) can0 290#0020000000000000
(12.287145) can0 12B#0000000000012002
(12.287309) can0 174#FA7F0000866A00FA
(12.297223) can0 128#1388030000EC7862
(12.297386) can0 12E#0000000000000060
(12.297558) can0 120#0000001000000070
(12.307476) can0 12A#1228012000000000
(12.307599) can0 540#02000000110000EB
(12.307707) can0 174#00800000826A020E
(12.307860) can0 178#D97F0002C19502C4
(12.308023) can0 550#1000000000000050
(12.317709) can0 120#0000001000000090
(12.317879) can0 121#0000000000000080
(12.318062) can0 129#0000000000000080
(12.327955) can0 541#0280000000000000
(12.328079) can0 174#068000007F6A049E
(12.328263) can0 178#D67F0000C79504F4
(12.328450) can0 17C#00000000E17F04E9
(12.328634) can0 120#00000010000000B0
(12.338211) can0 121#00000000000000A0
(12.338382) can0 129#00000000000000A0
(12.338562) can0 174#FA7F00008A6A06BE
(12.348438) can0 178#DE7F0220C1950687
(12.348617) can0 17C#00000000DB7F06F4
(12.348789) can0 290#0030000000000000
(12.358681) can0 120#00000010000000D0
(12.358853) can0 121#00000000000000C0
(12.359017) can0 129#00000000000000C0
(12.368924) can0 300#0F00000000000000
(12.369048) can0 450#0000010000000000
(12.369157) can0 174#EF7F00008F6A081C
(12.369304) can0 178#DC7F0423C49508C9
(12.369475) can0 120#0000001000000030
(12.379167) can0 121#0000000000000020
(12.379330) can0 129#0000000000000020
(12.379502) can0 174#F27F0000866A09DD
(12.389410) can0 178#E77F0523C59509D2
(12.389579) can0 174#F57F00007C6A0AF3
(12.389743) can0 178#EC7F0622C9950AE9
(12.399653) can0 17C#00000000C97F0A73
(12.399823) can0 120#0000001000000050
(12.399992) can0 121#0000000000000040
(12.409896) can0 129#0000000000000040
(12.410060) can0 174#FA7F00007B6A0B38
(12.410223) can0 178#EC7F0724C7950BFE
(12.420139) can0 540#02000000110000EB
(12.420263) can0 174#008000007C6A0C29
(12.420411) can0 178#EC7F0823C2950CAC
(12.420579) can0 121#0000000000000060
(12.430395) can0 129#0000000000000060
(12.430567) can0 541#0280000000000000
(12.430691) can0 174#008000007F6A0E9F
(12.430842) can0 178#EF7F0A21BC950EC3
(12.431005) can0 17C#00000000C27F0E87
(12.440625) can0 290#0050000000000000
(12.440789) can0 174#FA7F0000866A0F41
(12.440953) can0 178#EC7F0B29BE950FCC
(12.450869) can0 17C#00000000C97F0F1A
(12.451033) can0 290#0040000000000000
(12.451198) can0 174#F57F00008C6A00A9
(12.461111) can0 178#F27F0000C1950083
(12.461281) can0 17C#00000000CE7F002B
(12.461445) can0 300#0F00000000000000
(12.461585) can0 174#F27F00008D6A01B5
(12.471353) can0 178#F27F0000C2950112
(12.471525) can0 17C#00000000D47F0121
(12.471689) can0 290#0000000000000000
(12.481596) can0 450#0000010000000000
(12.481734) can0 174#FA7F00008C6A02CF
(12.481883) can0 178#EA7F00FFC49502FD
(12.482055) can0 17C#00000000DC7F020A
(12.491841) can0 290#0030000000000000
(12.492014) can0 174#FD7F00008A6A0359
(12.492177) can0 178#DC7F0000C4950343
(12.502082) can0 17C#00000000DB7F039D
(12.502254) can0 290#0010000000000000
(12.502419) can0 174#FD7F00008D6A0480
(12.512325) can0 178#D67F0120C19504D1
(12.512497) can0 17C#00000000D17F04C1
(12.512661) can0 174#FA7F0000926A058D
(12.522606) can0 178#DC7F0222BB95057A
(12.522785) can0 17C#00000000CE7F0542
(12.522949) can0 290#0050000000000000
(12.523112) can0 12B#0000000000012002
(12.523236) can0 12A#1228012000000000
(12.523342) can0 174#FD7F0000956A06AE
(12.532829) can0 178#E77F0326BB95069A
(12.532992) can0 17C#00000000CB7F06EC
(12.533157) can0 290#0030000000000000
(12.543054) can0 174#008000009B6A07FC
(12.543218) can0 178#EC7F0425BE95078A
(12.543381) can0 17C#00000000C07F0771
(12.553297) can0 174#008000009F6A0841
(12.553461) can0 178#E17F0520C79508A5
(12.553629) can0 17C#00000000BA7F088D
(12.563542) can0 290#0040000000000000
(12.563706) can0 12B#0000000000012002
(12.563830) can0 174#008000009B6A095A
(12.563978) can0 178#C57F0621CD950992
(12.573783) can0 17C#00000000BE7F0996
(12.573947) can0 174#03800000956A0A93
(12.574111) can0 178#B77F0721D2950AF3
(12.584026) can0 17C#00000000CE7F0AF9
(12.584190) can0 290#0020000000000000
(12.584355) can0 12B#0000000000012002
(12.584494) can0 174#008000008C6A0BF2
(12.594269) can0 178#C07F0820D0950B8A
(12.594432) can0 17C#00000000E17F0B52
(12.594604) can0 174#FA7F00008A6A0C6C
(12.604519) can0 178#CE7F0925CC950C73
(12.604688) can0 17C#00000000F07F0C96
(12.604857) can0 178#D37F0A29C7950DDD
(12.614755) can0 17C#00000000EF7F0D15
(12.614919) can0 290#0040000000000000
(12.615084) can0 12B#0000000000012002
(12.615207) can0 17C#00000000E27F0EB7
(12.625017) can0 290#0040000000000000
(12.625141) can0 12B#0000000000013001
(12.625289) can0 128#1388030000EC78C2
(12.625452) can0 12E#00000000000000C0
(12.625621) can0 290#0020000000000000
(12.635241) can0 12B#0000000000012002
(12.635411) can0 12A#1228012000000000
(12.635555) can0 540#02000000110000EB
(12.635663) can0 290#0030000000000000
(12.635818) can0 12B#0000000000012002
(12.635948) can0 128#1388030000EC7822
(12.645492) can0 290#0040000000000000
(12.645656) can0 12B#0000000000012002
(12.645780) can0 174#F57F0000896A021A
(12.645927) can0 290#0000000000000000
(12.655727) can0 12B#0000000000012001
(12.655891) can0 128#1388030000EC7842
(12.656054) can0 290#0030000000000000
(12.665969) can0 12B#0000000000012002
(12.666133) can0 174#FA7F0000926A0490
(12.666297) can0 290#0010000000000000
(12.676213) can0 12B#0000000000012001
(12.676377) can0 128#1388030000EC7862
(12.676547) can0 12E#0000000000000060
(12.686456) can0 12A#1228012000000000
(12.686584) can0 290#0000000000000000
(12.686733) can0 12B#0000000000012002
(12.686897) can0 550#1000000000000070
(12.696734) can0 290#0010000000000000
(12.696915) can0 12B#0000000000013001
(12.697079) can0 128#1388030000EC7882
(12.706941) can0 290#0050000000000000
(12.707106) can0 12B#0000000000012002
(12.707270) can0 174#008000007B6A08D7
(12.717187) can0 290#0040000000000000
(12.717352) can0 12B#0000000000012001
(12.717524) can0 128#1388030000EC78A2
(12.717685) can0 12E#00000000000000A0
(12.727443) can0 290#0020000000000000
(12.727616) can0 12B#0000000000012002
(12.727780) can0 12A#1228012000000000
(12.727903) can0 540#02000000110000EB
(12.728011) can0 174#FD7F0000896A0A20
(12.737670) can0 178#C57F0000C5950A0F
(12.737836) can0 128#1388030000EC78C2
(12.737999) can0 12E#00000000000000C0
(12.747913) can0 550#1000000000000090
(12.748078) can0 12B#0000000000012002
(12.748201) can0 174#FA7F0000956A0CF2
(12.748357) can0 178#EC7F0239BB950C5A
(12.758156) can0 120#0000001000000030
(12.758328) can0 121#0000000000000020
(12.758500) can0 129#0000000000000020
(12.768399) can0 174#F57F0000956A0E94
(12.768578) can0 178#FA7F0420BC950EC5
(12.768741) can0 17C#00000000ED7F0E31
(12.778642) can0 5A0#0069200000000089
(12.778817) can0 120#0000001000000050
(12.778980) can0 121#0000000000000040
(12.788888) can0 129#0000000000000040
(12.789051) can0 300#0F00000000000000
(12.789176) can0 450#0000010000000000
(12.789284) can0 174#F57F0000916A0034
(12.789432) can0 178#E47F0000C2950065
(12.799128) can0 120#0000001000000070
(12.799298) can0 121#0000000000000060
(12.799485) can0 129#0000000000000060
(12.809374) can0 174#F57F0000946A01A0
(12.809547) can0 174#F57F0000946A0287
(12.809711) can0 178#EF7F0220C49502F1
(12.819627) can0 17C#00000000F27F0233
(12.819792) can0 290#0020000000000000
(12.819916) can0 12B#0000000000012001
(12.820064) can0 120#0000001000000090
(12.820227) can0 121#0000000000000080
(12.829858) can0 129#0000000000000080
(12.830022) can0 540#02000000110000EB
(12.830146) can0 174#00800000896A04C0
(12.830294) can0 178#FD7F0420C7950451
(12.840100) can0 17C#00000000DC7F0444
(12.840264) can0 290#0040000000000000
(12.840429) can0 12B#0000000000013001
(12.850343) can0 120#00000010000000B0
(12.850514) can0 121#00000000000000A0
(12.850678) can0 129#00000000000000A0
(12.860586) can0 174#06800000866A06AF
(12.860749) can0 178#F27F0632C99506E8
(12.860913) can0 17C#00000000EA7F0653
(12.870831) can0 121#00000000000000C0
(12.870995) can0 129#00000000000000C0
(12.871158) can0 174#038000008C6A0789
(12.881072) can0 174#008000008D6A085A
(12.881279) can0 178#F87F0827BB95088D
(12.881458) can0 17C#00000000E17F0875
(12.891315) can0 290#0050000000000000
(12.891485) can0 300#0F00000000000000
(12.891609) can0 174#FA7F00008C6A0900
(12.891772) can0 178#F57F0000B4950939
(12.901564) can0 17C#00000000E47F09E1
(12.901735) can0 290#0050000000000000
(12.901859) can0 12B#0000000000012001
(12.902015) can0 550#1000000000000030
(12.911804) can0 450#0000010000000000
(12.911936) can0 174#FA7F00008A6A0A22
(12.912084) can0 178#F27F0120B0950AB6
(12.912255) can0 17C#00000000F07F0AD8
(12.912417) can0 290#0040000000000000
(12.922059) can0 12B#0000000000012001
(12.922190) can0 174#FA7F0000916A0BA7
(12.922337) can0 178#EF7F0000B1950B5B
(12.922506) can0 17C#00000000FE7F0BCC
(12.932286) can0 290#0020000000000000
(12.932451) can0 12B#0000000000012001
(12.932580) can0 174#FA7F0000986A0C77
(12.932728) can0 178#EF7F0112B4950CE9
(12.942531) can0 17C#000000000E800C56
(12.942695) can0 290#0020000000000000
(12.942820) can0 12B#0000000000012001
(12.942927) can0 128#1388030000EC7862
(12.943074) can0 12E#0000000000000060
(12.952772) can0 120#0000001000000070
(12.952936) can0 174#FD7F00009B6A0D68
(12.953099) can0 178#EF7F020FBE950D2F
(12.963015) can0 17C#0000000016800D5F
(12.963186) can0 174#FD7F0000976A0E45
(12.963350) can0 178#EF7F0302C4950E6A
(12.973258) can0 17C#000000000B800EE5
(12.973423) can0 290#0050000000000000
(12.973593) can0 12B#0000000000013001
(12.983509) can0 450#0000010000000000
(12.983633) can0 174#F57F0000956A0F89
(12.983781) can0 178#EC7F0405C7950FE3
(12.983945) can0 17C#00000000F87F0FBD
(12.993744) can0 290#0040000000000000
(12.993909) can0 12B#0000000000012001
(12.994073) can0 174#F27F0000986A0039
(13.003987) can0 178#EC7F0512C495006F
(13.004149) can0 17C#00000000E97F0091
(13.004312) can0 290#0020000000000000
(13.014244) can0 12B#0000000000012001
(13.014366) can0 174#F27F0000986A0124
(13.014522) can0 178#F57F0614C195011A
(13.014685) can0 17C#00000000ED7F018A
(13.014853) can0 174#F87F0000926A0264
(13.024486) can0 178#0080072FBF9502CB
(13.024656) can0 17C#00000000FA7F023F
(13.024825) can0 174#FA7F00008C6A03D2
(13.034716) can0 178#08800802BE9503F2
(13.034880) can0 17C#00000000FB7F03AD
(13.035043) can0 290#0040000000000000
(13.044964) can0 12B#0000000000013001
(13.045134) can0 174#FA7F0000876A0401
(13.045298) can0 178#0B80090FC19504AD
(13.055202) can0 17C#00000000F47F0478
(13.055365) can0 174#FA7F0000826A0595
(13.055536) can0 178#0B800A13C59505FF
(13.065495) can0 17C#00000000F07F0563
(13.065679) can0 290#0010000000000000
(13.065845) can0 12B#0000000000012001
(13.075688) can0 174#FA7F0000826A06B2
(13.075855) can0 178#00800B03C79506A1
(13.076018) can0 17C#00000000F77F06CE
(13.085931) can0 178#FA7F0C08CA9507DC
(13.086094) can0 17C#00000000FB7F07D9
(13.086258) can0 290#0050000000000000
(13.096174) can0 17C#000000000080082B
(13.096338) can0 290#0040000000000000
(13.096506) can0 12B#0000000000012001
(13.096629) can0 290#0020000000000000
(13.106419) can0 12B#0000000000012001
(13.106547) can0 174#EA7F00009B6A0A0C
(13.106694) can0 178#14800F0DC1950AA8
(13.106860) can0 17C#0000000002800A12
(13.107022) can0 290#0030000000000000
(13.116676) can0 12B#0000000000012001
(13.116799) can0 128#1388030000EC7882
(13.116953) can0 290#0020000000000000
(13.117118) can0 12B#0000000000013001
(13.126903) can0 174#F57F0000976A0CAD
(13.127066) can0 290#0010000000000000
(13.127231) can0 12B#0000000000012001
(13.137145) can0 128#1388030000EC78A2
(13.137308) can0 290#0000000000000000
(13.137481) can0 12B#0000000000012001
(13.137604) can0 550#10000000000000B0
(13.147389) can0 290#0050000000000000
(13.147561) can0 12B#0000000000012001
(13.147685) can0 128#1388030000EC78C2
(13.147833) can0 12E#00000000000000C0
(13.157631) can0 290#0020000000000000
(13.157796) can0 12B#0000000000013001
(13.157960) can0 174#008000008A6A0038
(13.167876) can0 178#EC7F0321D09500C5
(13.168039) can0 17C#00000000F87F0006
(13.168204) can0 290#0040000000000000
(13.178117) can0 12B#0000000000012001
(13.178289) can0 128#1388030000EC7822
(13.178452) can0 290#0020000000000000
(13.188366) can0 12B#0000000000012001
(13.188503) can0 12A#1228012000000000
(13.188610) can0 290#0050000000000000
(13.188765) can0 12B#0000000000012001
(13.188889) can0 128#1388030000EC7842
(13.189036) can0 12E#0000000000000040
(13.198603) can0 290#0020000000000000
(13.198782) can0 12B#0000000000013001
(13.198946) can0 174#FD7F0000956A0494
(13.208867) can0 128#1388030000EC7862
(13.209029) can0 12E#0000000000000060
(13.209193) can0 120#0000001000000070
(13.209316) can0 121#0000000000000060
(13.209464) can0 12B#0000000000012001
(13.219089) can0 174#00800000876A06F3
(13.219253) can0 178#30800920BE950698
(13.219416) can0 12A#1228012000000000
(13.219546) can0 12C#0000000000000000
(13.219654) can0 5A0#0069200000000049
(13.229332) can0 450#0000010000000000
(13.229456) can0 174#F87F0000866A08A8
(13.229608) can0 178#2A800B29C19508F4
(13.229808) can0 120#00000010000000B0
(13.239575) can0 121#00000000000000A0
(13.239739) can0 129#00000000000000A0
(13.239903) can0 174#F57F0000896A09D5
(13.249819) can0 178#2D800000BE95092B
(13.249982) can0 17C#00000000FD7F097A
(13.250146) can0 174#F57F00008A6A0A7E
(13.260061) can0 178#27800000C4950A23
(13.260224) can0 17C#00000000E97F0A43
(13.260388) can0 120#00000010000000D0
(13.270304) can0 121#00000000000000C0
(13.270467) can0 129#00000000000000C0
(13.270645) can0 540#02000000110000EB
(13.270770) can0 174#F57F00008A6A0C30
(13.280548) can0 178#1C800000D2950C93
(13.280712) can0 120#0000001000000030
(13.280875) can0 121#0000000000000020
(13.290790) can0 129#0000000000000020
(13.290954) can0 541#0280000000000000
(13.291078) can0 174#00800000926A0E8A
(13.291226) can0 178#27800222D2950EF3
(13.301035) can0 17C#00000000EA7F0EBB
(13.301199) can0 120#0000001000000050
(13.301371) can0 121#0000000000000040
(13.301547) can0 129#0000000000000040
(13.311292) can0 174#FA7F00008F6A0FC2
(13.311455) can0 174#F27F00008C6A0027
(13.311624) can0 178#35800425CA9500D7
(13.321520) can0 17C#00000000F07F000A
(13.321692) can0 121#0000000000000060
(13.321866) can0 129#0000000000000060
(13.331762) can0 300#0F00000000000000
(13.331894) can0 450#0000010000000000
(13.332002) can0 174#EF7F00008C6A0242
(13.332150) can0 178#2D800621CD950296
(13.332313) can0 17C#00000000EC7F0222
(13.342011) can0 174#EF7F0000876A03DF
(13.342174) can0 178#2D800721D295037F
(13.342337) can0 17C#00000000E97F03B6
(13.352262) can0 290#0030000000000000
(13.352426) can0 12B#0000000000012001
(13.352556) can0 174#F27F0000826A045A
(13.352703) can0 178#27800820D595042F
(13.362494) can0 17C#00000000E47F0460
(13.362658) can0 290#0050000000000000
(13.362825) can0 12B#0000000000012001
(13.362948) can0 128#1388030000EC78A2
(13.372733) can0 174#F57F00007F6A05C4
(13.372897) can0 178#1F800925D595058F
(13.373060) can0 17C#00000000E27F0578
(13.382976) can0 290#0020000000000000
(13.383141) can0 174#F57F0000766A0660
(13.383304) can0 178#1C800A29CF950634
(13.393219) can0 17C#00000000E97F06DF
(13.393383) can0 450#0000010000000000
(13.393516) can0 174#F57F0000746A077E
(13.393663) can0 178#1F800000C795072A
(13.403484) can0 174#F87F00007C6A082F
(13.403647) can0 178#24800120C49508DE
(13.403811) can0 17C#00000000DF7F0854
(13.403975) can0 174#FA7F0000876A0980
(13.413705) can0 178#22800000C19509B9
(13.413869) can0 17C#00000000C57F095E
(13.414033) can0 290#0010000000000000
(13.423984) can0 174#FA7F00008C6A0A27
(13.424163) can0 178#11800120C4950A06
(13.424334) can0 17C#00000000BE7F0AB1
(13.434191) can0 300#0F00000000000000
(13.434315) can0 174#F57F0000876A0BE6
(13.434463) can0 178#06800221CD950B8C
(13.434633) can0 174#F57F0000846A0C39
(13.444439) can0 178#03800324D4950CC9
(13.444618) can0 17C#00000000F47F0C90
(13.444782) can0 290#0050000000000000
(13.454682) can0 174#F57F0000846A0D24
(13.454848) can0 178#0E80042FCF950D87
(13.455012) can0 17C#000000000D800DC7
(13.464925) can0 290#0010000000000000
(13.465090) can0 12B#0000000000013001
(13.465254) can0 174#F57F00008C6A0E0F
(13.475163) can0 178#1F800512C7950E02
(13.475326) can0 17C#000000000E800E6C
(13.475499) can0 174#F87F0000956A0F6F
(13.485406) can0 178#2D800624CA950F4E
(13.485575) can0 17C#0000000003800FF4
(13.485739) can0 290#0040000000000000
(13.495652) can0 174#FA7F0000976A006D
(13.495817) can0 178#30800726D29500F3
(13.495980) can0 17C#00000000FA7F0005
(13.496143) can0 178#1C800820D8950120
(13.505909) can0 17C#00000000EF7F0189
(13.506073) can0 290#0030000000000000
(13.506238) can0 17C#00000000E97F02AB
(13.516135) can0 290#0050000000000000
(13.516306) can0 12B#0000000000013001
(13.516430) can0 290#0040000000000000
(13.516586) can0 12B#0000000000012002
(13.526378) can0 174#03800000866A04A1
(13.526549) can0 178#19800125CA9504A8
(13.526713) can0 17C#00000000DE7F0447
(13.536621) can0 290#0030000000000000
(13.536785) can0 12B#0000000000012001
(13.536949) can0 128#1388030000EC7822
(13.546866) can0 290#0050000000000000
(13.547031) can0 12B#0000000000013001
(13.547195) can0 550#1000000000000030
(13.557106) can0 290#0030000000000000
(13.557271) can0 12B#0000000000012001
(13.557435) can0 128#1388030000EC7842
(13.567349) can0 12E#0000000000000040
(13.567522) can0 120#0000001000000050
(13.567644) can0 290#0020000000000000
(13.567793) can0 12B#0000000000012001
(13.567917) can0 174#F57F0000826A0848
(13.577592) can0 178#14800000B6950863
(13.577756) can0 290#0050000000000000
(13.577921) can0 12B#0000000000013001
(13.587840) can0 128#1388030000EC7862
(13.588002) can0 290#0040000000000000
(13.588167) can0 12B#0000000000012001
(13.598092) can0 12A#1228012000000000
(13.598219) can0 290#0040000000000000
(13.598338) can0 12B#0000000000013002
(13.598491) can0 128#1388030000EC7882
(13.598662) can0 290#0030000000000000
(13.598837) can0 12B#0000000000012001
(13.608327) can0 174#F27F0000956A0C20
(13.608504) can0 290#0030000000000000
(13.608664) can0 12B#0000000000012001
(13.608800) can0 128#1388030000EC78A2
(13.608950) can0 290#0040000000000000
(13.618571) can0 12B#0000000000013001
(13.618735) can0 174#F87F0000816A0E6C
(13.618905) can0 178#1F800523C2950E79
(13.628817) can0 128#1388030000EC78C2
(13.628980) can0 12E#00000000000000C0
(13.629144) can0 12A#1228012000000000
(13.629267) can0 12C#0000000000000000
(13.629375) can0 12B#0000000000012001
(13.639050) can0 550#1000000000000070
(13.639215) can0 450#0000010000000000
(13.639339) can0 174#00800000816A00B8
(13.639495) can0 178#32800721B7950064
(13.649293) can0 12E#0000000000000020
(13.649457) can0 120#0000001000000030
(13.649629) can0 121#0000000000000020
(13.659537) can0 129#0000000000000020
(13.659701) can0 174#00800000796A0206
(13.659873) can0 178#1F800000AB950219
(13.669779) can0 17C#00000000D17F028F
(13.669943) can0 290#0050000000000000
(13.670108) can0 120#0000001000000050
(13.680022) can0 121#0000000000000040
(13.680186) can0 129#0000000000000040
(13.680349) can0 174#00800000796A031B
(13.690268) can0 178#11800120B69503B8
(13.690431) can0 540#02000000110000EB
(13.690563) can0 174#FD7F00007C6A0487
(13.690711) can0 178#06800000C795043B
(13.690873) can0 120#0000001000000070
(13.700525) can0 121#0000000000000060
(13.700689) can0 129#0000000000000060
(13.700857) can0 174#FA7F00008F6A0637
(13.710751) can0 178#0B80020FDB950649
(13.710915) can0 17C#00000000D47F0672
(13.711079) can0 120#0000001000000090
(13.720994) can0 121#0000000000000080
(13.721157) can0 129#0000000000000080
(13.721321) can0 174#F57F00008F6A0776
(13.731237) can0 174#F57F00008A6A0844
(13.731400) can0 178#0B800405D29508B6
(13.731572) can0 17C#00000000AF7F081C
(13.741496) can0 120#00000010000000B0
(13.741659) can0 121#00000000000000A0
(13.741833) can0 129#00000000000000A0
(13.751723) can0 450#0000010000000000
(13.751848) can0 174#F87F0000796A0A9C
(13.752002) can0 178#06800614B7950ADF
(13.752173) can0 17C#000000008E7F0A99
(13.761966) can0 290#0020000000000000
(13.762138) can0 121#00000000000000C0
(13.762310) can0 129#00000000000000C0
(13.772208) can0 174#FA7F0000716A0B37
(13.772372) can0 174#F87F0000696A0CCA
(13.772543) can0 178#F87F0802AC950CF2
(13.782451) can0 17C#00000000A17F0C61
(13.782621) can0 174#F57F0000656A0D3B
(13.782784) can0 178#E77F090FB0950D3D
(13.792708) can0 17C#00000000B57F0D62
(13.792872) can0 174#F57F0000696A0E16
(13.793036) can0 178#DC7F0A13B6950EB5
(13.793199) can0 17C#00000000C07F0E84
(13.802973) can0 541#0280000000000000
(13.803110) can0 450#0000000000000000
(13.803263) can0 174#F57F00007C6A0F9A
(13.803426) can0 174#F57F0000926A00B8
(13.813180) can0 178#EA7F0C08C99500BA
(13.813344) can0 17C#00000000BD7F00EF
(13.813516) can0 174#FA7F0000986A01F6
(13.823423) can0 178#EC7F0D2FDB9501BB
(13.823592) can0 17C#00000000AC7F0165
(13.823756) can0 174#FA7F0000946A02DB
(13.833666) can0 178#E17F0E07E69502BF
(13.833831) can0 17C#00000000937F02EC
(13.833995) can0 290#0030000000000000
(13.843909) can0 300#0F00000000000000
(13.844033) can0 174#FA7F0000956A0349
(13.844181) can0 178#CB7F0F0DDE950350
(13.844353) can0 17C#00000000997F03FE
(13.854152) can0 290#0040000000000000
(13.854317) can0 450#0000000000000000
(13.854441) can0 174#F87F00009B6A04A9
(13.854604) can0 178#BA7F0002CC950459
(13.864400) can0 17C#00000000BE7F0417
(13.864579) can0 174#F57F0000A06A05FA
(13.864743) can0 178#B77F0108C295057A
(13.874638) can0 17C#00000000D67F0556
(13.874802) can0 174#F27F0000A06A0653
(13.874966) can0 178#BD7F0000C9950643
(13.884891) can0 17C#00000000CE7F0665
(13.885056) can0 290#0050000000000000
(13.885220) can0 174#EF7F00009B6A07B9
(13.885382) can0 178#C07F0128D795071D
(13.895140) can0 17C#00000000BE7F0730
(13.895304) can0 290#0020000000000000
(13.895476) can0 174#F27F0000986A08D1
(13.905367) can0 178#C57F0220DD9508BF
(13.905537) can0 17C#00000000BB7F0802
(13.905701) can0 174#FA7F0000986A091E
(13.915610) can0 178#CE7F0321D795096F
(13.915773) can0 17C#00000000CC7F09DD
(13.915937) can0 174#008000008C6A0AEF
(13.925855) can0 178#DC7F0423C7950A7F
(13.926018) can0 17C#00000000E97F0A43
(13.926182) can0 178#D97F0523B3950B72
(13.936096) can0 17C#0000000002800B0F
(13.936261) can0 290#0030000000000000
(13.936425) can0 12B#0000000000012001
(13.936556) can0 174#FA7F0000716A0C64
(13.946339) can0 178#D07F0622AB950C99
(13.946506) can0 17C#0000000009800CDC
(13.946671) can0 290#0010000000000000
(13.956582) can0 12B#0000000000012001
(13.956705) can0 290#0040000000000000
(13.956857) can0 12B#0000000000013002
(13.957021) can0 550#1000000000000070
(13.957146) can0 450#0000000000000000
(13.957254) can0 174#F57F00007C6A0E87
(13.966826) can0 290#0030000000000000
(13.966999) can0 12B#0000000000012001
(13.967163) can0 128#1388030000EC7882
(13.977068) can0 12E#0000000000000080
(13.977232) can0 120#0000001000000090
(13.977395) can0 290#0020000000000000
(13.987324) can0 12B#0000000000012001
(13.987447) can0 174#FD7F0000946A006F
(13.987646) can0 178#BA7F0A21AE95002D
(13.987827) can0 290#0030000000000000
(13.987991) can0 12B#0000000000013001
(13.997555) can0 128#1388030000EC78A2
(13.997718) can0 290#0040000000000000
(13.997883) can0 12B#0000000000012001
(14.007797) can0 12A#1228012000000000
(14.007918) can0 290#0020000000000000
(14.008066) can0 12B#0000000000013001
(14.008229) can0 128#1388030000EC78C2
(14.018039) can0 290#0040000000000000
(14.018203) can0 12B#0000000000012001
(14.018375) can0 174#F27F00008F6A04DF
(14.028290) can0 178#D97F00FFD495049A
(14.028453) can0 290#0020000000000000
(14.028632) can0 12B#0000000000012001
(14.028762) can0 128#1388030000EC7822
(14.038533) can0 290#0040000000000000
(14.038697) can0 12B#0000000000013001
(14.038869) can0 174#008000008A6A0676
(14.048774) can0 178#EF7F0120E095060D
(14.048937) can0 290#0020000000000000
(14.049101) can0 12B#0000000000012001
(14.059011) can0 128#1388030000EC7842
(14.059174) can0 12E#0000000000000040
(14.059337) can0 290#0010000000000000
(14.069254) can0 12B#0000000000012001
(14.069381) can0 550#10000000000000B0
(14.069536) can0 12B#0000000000013001
(14.069700) can0 128#1388030000EC7862
(14.079508) can0 12E#0000000000000060
(14.079671) can0 12B#0000000000012001
(14.079837) can0 174#FD7F00006D6A0AB6
(14.079999) can0 178#EA7F0520BB950AE8
(14.089756) can0 17C#0000000003800A9D
(14.089920) can0 290#0010000000000000
(14.090044) can0 120#0000001000000090
(14.090150) can0 121#0000000000000080
(14.090297) can0 129#0000000000000080
(14.099983) can0 540#02000000110000EB
(14.100107) can0 174#FA7F0000866A0C66
(14.100254) can0 178#D37F0721C4950C78
(14.100418) can0 17C#0000000011800CC8
(14.110226) can0 120#00000010000000B0
(14.110389) can0 121#00000000000000A0
(14.110561) can0 129#00000000000000A0
(14.120476) can0 541#0280000000000000
(14.120600) can0 174#08800000A26A0E70
(14.120748) can0 178#E77F0925C4950EA5
(14.120911) can0 17C#00000000FE7F0EA5
(14.130712) can0 120#00000010000000D0
(14.130875) can0 121#00000000000000C0
(14.131039) can0 129#00000000000000C0
(14.140955) can0 174#FD7F0000946A006F
(14.141125) can0 178#FD7F0000C99500D3
(14.141320) can0 17C#00000000E77F0098
(14.151198) can0 290#0030000000000000
(14.151362) can0 120#0000001000000030
(14.151534) can0 121#0000000000000020
(14.161441) can0 129#0000000000000020
(14.161618) can0 300#0F00000000000000
(14.161742) can0 450#0000000000000000
(14.161858) can0 174#F57F00008A6A0296
(14.162005) can0 178#06800000C995027C
(14.171730) can0 120#0000001000000050
(14.171923) can0 121#0000000000000040
(14.172099) can0 129#0000000000000040
(14.181932) can0 174#FA7F00008D6A040E
(14.182096) can0 178#FD7F0221C19504A8
(14.182244) can0 17C#00000000BE7F0417
(14.182400) can0 290#0050000000000000
(14.192162) can0 121#0000000000000060
(14.192317) can0 129#0000000000000060
(14.192465) can0 174#FA7F0000896A0515
(14.202413) can0 174#FA7F0000816A063E
(14.202591) can0 178#0680042FBF9506D2
(14.202747) can0 17C#00000000A97F06BF
(14.212656) can0 541#0280000000000000
(14.212764) can0 450#0000000000000000
(14.212865) can0 174#FA7F00007B6A07A4
(14.212997) can0 174#FA7F00007B6A081F
(14.213152) can0 178#E17F0624CD95085A
(14.222891) can0 17C#00000000B77F0808
(14.223054) can0 174#00800000816A094D
(14.223202) can0 178#D07F0726D495091A
(14.233141) can0 17C#00000000C37F095B
(14.233289) can0 174#00800000896A0A66
(14.233445) can0 178#D67F0820D7950A77
(14.243377) can0 17C#00000000C67F0AF5
(14.243541) can0 290#0040000000000000
(14.243689) can0 300#0F00000000000000
(14.243806) can0 174#008000008C6A0BF2
(14.253619) can0 178#EA7F0925D7950BBE
(14.253775) can0 450#0000000000000000
(14.253883) can0 174#008000008D6A0C2E
(14.254023) can0 178#F87F0000D8950CEC
(14.263864) can0 17C#00000000AF7F0C68
(14.264020) can0 174#008000008A6A0DB9
(14.264168) can0 178#EA7F0125D4950D0B
(14.274116) can0 17C#00000000947F0DDD
(14.274264) can0 174#00800000826A0E92
(14.274420) can0 178#C87F0239C7950E24
(14.274573) can0 17C#000000007E7F0E65
(14.284372) can0 174#08800000796A0F55
(14.284536) can0 178#A97F0321BF950F42
(14.284691) can0 17C#000000007B7F0FF1
(14.294599) can0 174#08800000746A006B
(14.294747) can0 178#9E7F0420BE9500B8
(14.294902) can0 17C#00000000907F005A
(14.304839) can0 174#08800000766A0175
(14.305001) can0 178#987F0000C49501CE
(14.305149) can0 17C#00000000A27F016C
(14.315085) can0 290#0040000000000000
(14.315193) can0 12B#0000000000012001
(14.315292) can0 174#038000007B6A02E2
(14.315424) can0 178#937F0000CD95025F
(14.315584) can0 17C#00000000A27F024B
(14.325320) can0 174#FA7F00007F6A03D6
(14.325483) can0 178#887F0122D4950352
(14.325631) can0 17C#00000000937F03F1
(14.335573) can0 174#F87F0000846A0437
(14.335721) can0 178#7F7F0220D29504BA
(14.335877) can0 17C#00000000867F0433
(14.345809) can0 290#0010000000000000
(14.345966) can0 12B#0000000000012001
(14.346073) can0 128#1388030000EC78A2
(14.346212) can0 178#7D7F0332CD9505EB
(14.356049) can0 17C#00000000897F05A8
(14.356249) can0 290#0040000000000000
(14.356429) can0 12B#0000000000012000
(14.366300) can0 550#10000000000000B0
(14.366424) can0 17C#00000000997F0697
(14.366580) can0 290#0040000000000000
(14.366704) can0 12B#0000000000013001
(14.366857) can0 290#0050000000000000
(14.376558) can0 12B#0000000000012001
(14.376722) can0 174#EC7F00007C6A08FF
(14.376892) can0 178#667F0632BE9508FD
(14.377055) can0 17C#00000000A57F0813
(14.386786) can0 290#0030000000000000
(14.386950) can0 12B#0000000000012000
(14.387114) can0 128#1388030000EC7822
(14.397029) can0 12E#0000000000000020
(14.397193) can0 290#0040000000000000
(14.397357) can0 12B#0000000000012001
(14.407272) can0 12A#1228012000000000
(14.407401) can0 290#0030000000000000
(14.407558) can0 12B#0000000000013000
(14.407722) can0 128#1388030000EC7842
(14.417516) can0 290#0010000000000000
(14.417680) can0 12B#0000000000012000
(14.417847) can0 174#08800000916A0CEE
(14.427758) can0 290#0040000000000000
(14.427922) can0 12B#0000000000012000
(14.428045) can0 128#1388030000EC7862
(14.428192) can0 290#0010000000000000
(14.438000) can0 12B#0000000000012000
(14.438124) can0 174#00800000746A0E1F
(14.438278) can0 178#157F0112D0950E44
(14.438441) can0 17C#00000000DB7F0E1C
(14.448243) can0 290#0040000000000000
(14.448415) can0 12B#0000000000013000
(14.448595) can0 128#1388030000EC7882
(14.458494) can0 290#0030000000000000
(14.458673) can0 12B#0000000000012000
(14.458863) can0 550#1000000000000030
(14.468732) can0 290#0000000000000000
(14.468904) can0 12B#0000000000012000
(14.469027) can0 128#1388030000EC78A2
(14.469174) can0 290#0010000000000000
(14.469337) can0 12B#0000000000012000
(14.469460) can0 174#FD7F00008F6A02CD
(14.478988) can0 12B#0000000000013000
(14.479152) can0 128#1388030000EC78C2
(14.479315) can0 12E#00000000000000C0
(14.489215) can0 12B#0000000000012000
(14.489379) can0 12A#1228012000000000
(14.489510) can0 540#02000000110000EB
(14.489618) can0 174#08800000896A0412
(14.489766) can0 12E#0000000000000020
(14.499458) can0 550#1000000000000050
(14.499630) can0 120#0000001000000030
(14.499793) can0 174#06800000786A062E
(14.509701) can0 178#E37E090FB49506DB
(14.509865) can0 17C#00000000ED7F06D9
(14.510029) can0 120#0000001000000050
(14.519944) can0 121#0000000000000040
(14.520108) can0 129#0000000000000040
(14.520271) can0 174#F87F0000796A08A6
(14.530187) can0 178#DD7E0B03C195086D
(14.530350) can0 17C#00000000D37F085E
(14.530523) can0 290#0030000000000000
(14.540466) can0 120#0000001000000070
(14.540655) can0 121#0000000000000060
(14.540823) can0 129#0000000000000060
(14.550673) can0 300#0F00000000000000
(14.550797) can0 450#0000000000000000
(14.550906) can0 174#F57F00008A6A0A7E
(14.551053) can0 178#E37E0D2FC5950A7F
(14.551217) can0 120#0000001000000090
(14.560916) can0 121#0000000000000080
(14.561079) can0 129#0000000000000080
(14.561243) can0 174#FD7F00008F6A0C6B
(14.571172) can0 178#EB7E0F0DC4950CD5
(14.571336) can0 17C#000000002D800CEA
(14.571506) can0 120#00000010000000B0
(14.571669) can0 121#00000000000000A0
(14.581402) can0 129#00000000000000A0
(14.581578) can0 174#008000008A6A0DB9
(14.581750) can0 540#02000000110000EB
(14.581873) can0 174#00800000866A0E94
(14.591652) can0 178#E37E0108C7950E74
(14.591817) can0 17C#000000002D800ED0
(14.591988) can0 121#00000000000000C0
(14.601889) can0 129#00000000000000C0
(14.602061) can0 541#0280000000000000
(14.602185) can0 174#06800000816A006B
(14.602339) can0 178#E07E0128C49500F3
(14.612139) can0 17C#000000002180007C
(14.612309) can0 174#03800000816A0142
(14.612487) can0 178#E57E0220BE9501BF
(14.622374) can0 17C#00000000168001C3
(14.622546) can0 290#0040000000000000
(14.622710) can0 174#FD7F0000826A0248
(14.632617) can0 178#F37E0321B495020A
(14.632780) can0 17C#000000001B800261
(14.632944) can0 300#0F00000000000000
(14.633068) can0 174#FA7F0000846A03DE
(14.642861) can0 178#F17E0423AC950395
(14.643025) can0 450#0000000000000000
(14.643149) can0 174#F57F0000866A04D2
(14.643296) can0 178#E07E0523A99504C1
(14.653103) can0 174#EF7F0000896A0598
(14.653266) can0 178#D27E0622AB950590
(14.653429) can0 17C#000000007F800564
(14.663348) can0 174#EF7F0000876A06B6
(14.663520) can0 178#D27E0724B19506A3
(14.663683) can0 17C#000000007F800643
(14.663851) can0 290#0030000000000000
(14.673604) can0 174#EF7F0000876A07AB
(14.673768) can0 178#DD7E0823B9950766
(14.673931) can0 17C#000000005E8007E1
(14.683834) can0 174#EF7F00008D6A081F
(14.683997) can0 178#E57E0920C49508C4
(14.684160) can0 17C#000000003A80080C
(14.694074) can0 290#0030000000000000
(14.694198) can0 12B#0000000000012FFC
(14.694353) can0 128#1388030000EC78A2
(14.694524) can0 450#0000000000000000
(14.694648) can0 174#EF7F0000956A0916
(14.704317) can0 178#EB7E0A21CA9509F2
(14.704495) can0 174#F57F0000986A0A65
(14.704658) can0 178#F97E0B29CD950AAA
(14.714562) can0 17C#0000000053800AE5
(14.714726) can0 174#FA7F0000956A0BA1
(14.714889) can0 178#077F0000C9950BDD
(14.724850) can0 17C#0000000069800BDF
(14.725030) can0 290#0040000000000000
(14.725195) can0 12B#0000000000012FFB
(14.735046) can0 174#FA7F00008C6A0C69
(14.735210) can0 178#0F7F0000C7950C55
(14.735374) can0 17C#0000000078800C1B
(14.745289) can0 174#FA7F0000896A0DFD
(14.745452) can0 178#047F00FFCC950D5B
(14.745620) can0 17C#0000000088800D8E
(14.755533) can0 290#0050000000000000
(14.755698) can0 174#FA7F0000866A0E5C
(14.755862) can0 178#F67E0000CD950E00
(14.765789) can0 17C#000000008E800EAC
(14.765961) can0 178#F67E0120C7950F32
(14.766124) can0 17C#0000000090800FA0
(14.766288) can0 290#0040000000000000
(14.776018) can0 12B#0000000000012FFB
(14.776141) can0 17C#000000009B80009B
(14.776296) can0 290#0030000000000000
(14.776491) can0 12B#0000000000012FFA
(14.786261) can0 290#0050000000000000
(14.786426) can0 12B#0000000000012FFA
(14.786555) can0 12A#1228012000000000
(14.786662) can0 290#0050000000000000
(14.786770) can0 12B#0000000000013FFA
(14.786918) can0 128#1388030000EC7882
(14.796511) can0 290#0040000000000000
(14.796676) can0 12B#0000000000012FFA
(14.796842) can0 174#FA7F00009B6A0413
(14.806747) can0 178#077F0621B7950491
(14.806910) can0 290#0010000000000000
(14.807075) can0 12B#0000000000012FFA
(14.807198) can0 128#1388030000EC78A2
(14.816995) can0 12E#00000000000000A0
(14.817159) can0 290#0010000000000000
(14.817283) can0 12B#0000000000012FF9
(14.817431) can0 174#F57F0000956A067C
(14.827233) can0 178#1D7F0820BC950671
(14.827396) can0 17C#000000009B8006D5
(14.827568) can0 290#0050000000000000
(14.837484) can0 12B#0000000000013FFA
(14.837647) can0 128#1388030000EC78C2
(14.837810) can0 12E#00000000000000C0
(14.847719) can0 290#0040000000000000
(14.847883) can0 12B#0000000000012FF9
(14.848047) can0 550#1000000000000070
(14.857964) can0 290#0040000000000000
